"C_d_NACA_0012_max_downforce-rfile"
"Iteration" "C_d_NACA_0012_max_downforce"
("Iteration" "C_d_NACA_0012_max_downforce")
1 0.2551740248258986
2 0.2185601511069681
3 0.1488230841075721
4 0.1023014906856769
5 0.07277890097824538
6 0.05530610753129583
7 0.04318271004181554
8 0.03446281907633432
9 0.02813676332440369
10 0.02341770876822862
11 0.01996311684797564
12 0.01756069715881208
13 0.01586658800522139
14 0.01462625758414648
15 0.01370965867668537
16 0.01288531678734739
17 0.01206826862334121
18 0.0112858643219307
19 0.01052562271097353
20 0.009770849817115429
21 0.009018064706688382
22 0.008297283716864699
23 0.007596226010969152
24 0.006934914760881519
25 0.006311478969991651
26 0.005738344490348581
27 0.005234754123370202
28 0.004808570454911654
29 0.004453003046460811
30 0.004092521451489762
31 0.003810668541194586
32 0.003582598363268044
33 0.003414131170063977
34 0.003344172901791459
35 0.003332357785897729
36 0.003363362994412527
37 0.003457526201017424
38 0.003582462619564887
39 0.003740937604802887
40 0.003936510554782513
41 0.00415147751334589
42 0.004389245303632888
43 0.00463939634177659
44 0.004899409847312994
45 0.005171906514768705
46 0.005445621631117168
47 0.005733464571062127
48 0.006016805556967186
49 0.006290042386545048
50 0.006552358656303892
51 0.006815363194114669
52 0.00707550293033712
53 0.007339370782159058
54 0.00758824829030918
55 0.007805584095097339
56 0.008007123647935639
57 0.008187014287294644
58 0.008359137197699597
59 0.008518106267028674
60 0.008641476251040284
61 0.008742469868732191
62 0.00883036699452678
63 0.008890716451107981
64 0.008924186792487297
65 0.008935483385980139
66 0.008935799535346352
67 0.00891636681356813
68 0.008885158398493197
69 0.008837374167106367
70 0.008772458744207037
71 0.008698568004730203
72 0.008619194392850676
73 0.008532312376920627
74 0.008442150089181701
75 0.008357881459207184
76 0.008270908541824613
77 0.008182774415886662
78 0.008093175570028081
79 0.008007160251851705
80 0.007920233586382438
81 0.007840920437577153
82 0.007767759904529166
83 0.007704609462411083
84 0.007648220269414941
85 0.007600670789767137
86 0.007558219860536127
87 0.00752246408006257
88 0.007492906990073729
89 0.007469608392509272
90 0.007452887362637669
91 0.007444904754086984
92 0.007444631042920202
93 0.007448027075028667
94 0.00745885847963695
95 0.007473728210017484
96 0.007495082985025387
97 0.007518163734825889
98 0.007550472198205425
99 0.007580772382825171
100 0.007611428489326571
101 0.007641545294353586
102 0.007672760648809388
103 0.007706116986099291
104 0.007740063584479523
105 0.007774365216026244
106 0.007807582877966829
107 0.007839463146168566
108 0.007868530709356244
109 0.007896357325530984
110 0.007920174880604362
111 0.007943335188065592
112 0.007961998854824109
113 0.007979837330101301
114 0.00799303281011006
115 0.008006041759287699
116 0.008015547127248022
117 0.00802487452812924
118 0.008031291119355931
119 0.008035347518453024
120 0.008036594689893267
121 0.008034765352232019
122 0.00803347800152098
123 0.008029717467556983
124 0.008024425553813865
125 0.008015613206906188
126 0.0080077576636666
127 0.008001502278190294
128 0.007995241704242404
129 0.00798618227616562
130 0.007977911315798624
131 0.007967749384015134
132 0.007957114353310953
133 0.007946076254641304
134 0.00793701435374216
135 0.007928066520382989
136 0.007919577512075615
137 0.007911713087724795
138 0.007903989304493047
139 0.007896997950848609
140 0.007890426350142638
141 0.007884534099656877
142 0.007879376495096692
143 0.007875305750875781
144 0.007871318842066316
145 0.007870313108371363
146 0.007868844575472956
147 0.007869297833792008
148 0.007868923258787359
149 0.007869995121096797
150 0.007870417520849047
151 0.007871326832356891
152 0.007872334395749839
153 0.007873454210457251
154 0.007875142161093114
155 0.007876567490487298
156 0.007878267435091483
157 0.007880148969356
158 0.007881627925762594
159 0.007883134673834107
160 0.007884677715916144
161 0.007885259371738512
162 0.007886678596281371
163 0.007886988191503285
164 0.007888122872709553
165 0.007888283264958119
166 0.007889403577397402
167 0.007889974505024695
168 0.007890827079617559
169 0.007891796675140627
170 0.007892529177391016
171 0.007893398749903731
172 0.007894087075939808
173 0.007894326006578772
174 0.007895046532994231
175 0.007895551036927295
176 0.00789563057078063
177 0.007896408769145597
178 0.007896225069465319
179 0.007896925977467661
180 0.007896481375382356
181 0.007897082897528034
182 0.007896717865239948
183 0.007897029840534373
184 0.007896917537959501
185 0.007897109158915101
186 0.007897063755177866
187 0.007897167102049272
188 0.007896942267319561
189 0.007897206537845078
190 0.007896639999143
191 0.007896432511287823
192 0.007896470960986659
193 0.007895782338686878
194 0.007896037102040352
195 0.007895123217257697
196 0.00789541703104648
197 0.007894446235818524
198 0.007894672949506581
199 0.007893764247178981
200 0.007893688997897287
201 0.007893040264029743
202 0.007892663253973458
203 0.007892043659694696
204 0.007891578570424719
205 0.00789054819517682
206 0.007890195843568945
207 0.007889475393869944
208 0.00788858887158681
209 0.007888429139897745
210 0.007887267088280312
211 0.007887317288813209
212 0.007885929795070296
213 0.007886207362144411
214 0.007884961283908181
215 0.007885062372830501
216 0.007884323948032519
217 0.007884409989527446
218 0.007884035422483525
219 0.007884125151436451
220 0.007883925960403252
221 0.007884368111780221
222 0.007884061317010563
223 0.007884299806116817
224 0.007884905743415301
225 0.007884765163044026
226 0.00788604072988134
227 0.007885768708305518
228 0.007887302087686959
229 0.007887184630525216
230 0.007888780464617105
231 0.007888916771607895
232 0.007890295619522376
233 0.0078909424220059
234 0.007892129033876113
235 0.007892970232377835
236 0.007894099536122407
237 0.007894848802415325
238 0.007896009983053853
239 0.007896773793014157
240 0.007897147769481952
241 0.007898603334041134
242 0.007898545133980384
243 0.007900063068530149
244 0.007899721102373129
245 0.007901202631940418
246 0.007900798303995371
247 0.007901858462972824
248 0.007901678571301444
249 0.007902268338476079
250 0.007902296295963016
251 0.007902441400246877
252 0.007902422736882762
253 0.007902430486286475
254 0.007902129003798546
255 0.00790172016026067
256 0.007901772273587964
257 0.007900713470726958
258 0.007901144661508257
259 0.007899800875564708
260 0.007900158808440329
261 0.007898654604671922
262 0.007898901639009892
263 0.007897580803270469
264 0.007897431098199273
265 0.007896620373232844
266 0.007896092369657309
267 0.007895691826737262
268 0.007895024968009628
269 0.007894547151071483
270 0.007894110505667075
271 0.007893572624108744
272 0.00789257635585335
273 0.007892754048873253
274 0.007891500940034451
275 0.007891963632712648
276 0.007890635880331134
277 0.007891194203431659
278 0.007890131235838626
279 0.007890465884330825
280 0.007889960778128646
281 0.00788995631704157
282 0.007889952624644427
283 0.007889757445102192
284 0.007889881717416907
285 0.007889764804037224
286 0.007889676735658629
287 0.007889504800232618
288 0.007889859142611881
289 0.007889191193235032
290 0.007890031916322794
291 0.007889291897805864
292 0.007890072123887686
293 0.007889381938454478
294 0.007890052185344961
295 0.007889649014254249
296 0.007889968555418353
297 0.007889974987315007
298 0.007889976831757949
299 0.007890280502657096
300 0.00789009270242815
301 0.007890254706413937
302 0.007890289030381116
303 0.00789016244714243
304 0.007889771946432712
305 0.007890201415216264
306 0.007889507045761352
307 0.007890077675699578
308 0.007889375288375283
309 0.007889913724738415
310 0.007889255772319227
311 0.007889614918711334
312 0.007889293454993585
313 0.007889270684220687
314 0.007889325925947587
315 0.007889119991836212
316 0.007889330496033999
317 0.007889124685270742
318 0.007888928419833088
319 0.007888850942025873
320 0.007888832956342353
321 0.007888482953329392
322 0.007888967472720337
323 0.007888429820166905
324 0.007888999602634769
325 0.007888427751063373
326 0.007888951578046033
327 0.007888538944324159
328 0.007888840203510678
329 0.007888839247635874
330 0.00788889759699928
331 0.007889172379866262
332 0.007889181467621569
333 0.007889299893847734
334 0.007889686444736265
335 0.007889451135174251
336 0.007889599072145146
337 0.007889956503179935
338 0.007889700654801827
339 0.007890312836281929
340 0.007890003242257896
341 0.007890676179647099
342 0.007890246662970621
343 0.007890823013466088
344 0.007890630667001708
345 0.007890960242772482
346 0.007891069297168637
347 0.00789130375413199
348 0.007891500902568559
349 0.007891812152742386
350 0.007891764172431861
351 0.007892240729167799
352 0.007892024270542919
353 0.007891939050813082
354 0.007892319409782854
355 0.007891884576047168
356 0.007892459681770296
357 0.007891886020373759
358 0.00789250298591913
359 0.007891962690538348
360 0.007892456873276868
361 0.007892138954452871
362 0.007892511466417531
363 0.007892446144436164
364 0.007892611273853616
365 0.007892488964349539
366 0.0078928617423322
367 0.007892379690127477
368 0.007892490684072913
369 0.00789256650134928
370 0.007892190316161689
371 0.007892638106358946
372 0.007892085304086542
373 0.007892683786071549
374 0.007891884701818772
375 0.007892601240486699
376 0.007891934849074172
377 0.007892386275561093
378 0.007892105850581917
379 0.0078923605400329
380 0.007892227222397262
381 0.007892394291909249
382 0.0078921255390474
383 0.007892495075075773
384 0.007892043078225868
385 0.007891827367087507
386 0.00789212392053025
387 0.007891423388880778
388 0.00789210880567155
389 0.00789117285397283
390 0.007891988944092985
391 0.007891115866914411
392 0.007891757601624633
393 0.00789113484760778
394 0.007891508319422124
395 0.007891238569736309
396 0.007891360568015801
397 0.007891139345639789
398 0.00789133234042721
399 0.007890875552452846
400 0.007890866466868094
401 0.007890985228306533
402 0.007890372314299765
403 0.007891096411460489
404 0.007890265984808369
405 0.007891050439826604
406 0.007890058512736515
407 0.007890908115221579
408 0.007890048830396124
409 0.007890558011343614
410 0.007890176505825075
411 0.007890425593354613
412 0.007890300277911917
413 0.007890369472580927
414 0.007890283777637499
415 0.007890445130815219
416 0.007890305366339235
417 0.007889941451854267
418 0.007890483708809192
419 0.007889713952100547
420 0.007890593565961229
421 0.007889598194953964
422 0.007890519099299026
423 0.00788965664628926
424 0.007890421403957544
425 0.007889828244120484
426 0.007890244093633298
427 0.00789016274560588
428 0.00789022474479702
429 0.007890457539590685
430 0.007890328277434751
431 0.007890301411243002
432 0.00789031344756758
433 0.00789063999225777
434 0.007890062750151746
435 0.007890926684607476
436 0.007890159100224411
437 0.007891111669169525
438 0.007890186144296724
439 0.007891113219847279
440 0.007890422460807974
441 0.007890938230724084
442 0.007890839704707284
443 0.00789099191726134
444 0.007891257936070767
445 0.007891225315162244
446 0.00789145795699967
447 0.007891560777311984
448 0.007891582529294672
449 0.007891286928630548
450 0.007891885535992996
451 0.007891415452543746
452 0.007892134859417114
453 0.007891375000044904
454 0.007892197397900197
455 0.007891487578054544
456 0.007892105840033173
457 0.007891838052450684
458 0.007892078477527846
459 0.007892308911601677
460 0.007892335038150055
461 0.007892649526799521
462 0.007892701991309066
463 0.007892858791755457
464 0.007892829800511206
465 0.007892972814604573
466 0.007892423618357467
467 0.007893249963431668
468 0.007893232948214649
469 0.007893153739819974
470 0.00789325265488725
471 0.007893184082373883
472 0.007893299363210728
473 0.007893242366740102
474 0.007893340891719999
475 0.007893207678898636
476 0.00789326212882104
477 0.007893098098247522
478 0.007893208303383702
479 0.007893056354918777
480 0.00789310148625628
481 0.007893073408221766
482 0.007892972595355884
483 0.007893045909573435
484 0.007892925695313895
485 0.007893013648780674
486 0.007892837355410996
487 0.007892938631559297
488 0.007892805513565908
489 0.007892831877075365
490 0.007892751395967216
491 0.007892730796631118
492 0.007892583213734504
493 0.007892585573009455
494 0.007892439037051665
495 0.007892419182703709
496 0.007892412618219385
497 0.007892285186706509
498 0.007892335807653268
499 0.007892144178504262
500 0.007892240060262276
501 0.007892055329924022
502 0.007892153407195573
503 0.007891980821240886
504 0.007891963827386621
505 0.007891930435745617
506 0.007891887343407147
507 0.007891809181357384
508 0.007891776995739308
509 0.007891711289978768
510 0.007891594147926648
511 0.007891597600494391
512 0.007891456302700916
513 0.007891493498676084
514 0.007891284824094515
515 0.007891383712557067
516 0.007891222264159099
517 0.007891275289790689
518 0.007891150110226111
519 0.007891186181877268
520 0.007891090122610951
521 0.00789109961228019
522 0.007891136912835665
523 0.007891013961113488
524 0.007891122523509512
525 0.007891006002237183
526 0.007891056562553124
527 0.007890905384578682
528 0.007890990930377541
529 0.007890881088535789
530 0.007890979096912153
531 0.007890799687621752
532 0.007890840559874279
533 0.007890794718553132
534 0.007890893679670557
535 0.00789081695700947
536 0.007890849026565592
537 0.007890934371263095
538 0.007890863245562268
539 0.007891066816187054
540 0.007890888072647284
541 0.007891069930860146
542 0.007890947981683842
543 0.007891070715831769
544 0.007890952739654802
545 0.007891032906457459
546 0.007891012596384311
547 0.007891076800545398
548 0.007890980385114313
549 0.007891070734073779
550 0.007891131955417952
551 0.00789115326186968
552 0.007891284387303157
553 0.007891209948212205
554 0.007891409747707369
555 0.007891284408188981
556 0.007891560945997049
557 0.007891392011926778
558 0.007891565078164095
559 0.007891483114229811
560 0.007891514654414743
561 0.007891507136098489
562 0.00789160972421438
563 0.007891637891612508
564 0.007891616018583191
565 0.007891685719308131
566 0.007891658428257307
567 0.00789183762691485
568 0.007891765251290844
569 0.007891945059380507
570 0.00789183076079873
571 0.007892075687966904
572 0.007891939659052747
573 0.00789210809477243
574 0.0078920408034144
575 0.007892158142577457
576 0.007892068669386861
577 0.007892094376686492
578 0.007892164386192994
579 0.007892116073841203
580 0.007892246361789711
581 0.007892145930792389
582 0.007892269633857567
583 0.007892158201339372
584 0.007892349355427205
585 0.007892223114081526
586 0.007892341035467298
587 0.007892244379783626
588 0.007892404176497732
589 0.007892256796219096
590 0.007892392670714076
591 0.00789235103282443
592 0.00789231839028739
593 0.007892409842651859
594 0.007892258886944833
595 0.00789239910278162
596 0.007892247978255671
597 0.007892375082952346
598 0.007892219324080123
599 0.007892388989888983
600 0.007892271718831986
601 0.007892319022051017
602 0.007892236867398039
603 0.007892338706511577
604 0.007892223091845908
605 0.007892331728440789
606 0.007892268538761162
607 0.007892248859739241
608 0.007892328281439685
609 0.007892148271116887
610 0.007892258999087501
611 0.00789204573117365
612 0.007892239006744189
613 0.007892053318516268
614 0.007892055032832357
615 0.007891950389002686
616 0.007892059745600173
617 0.007891947064043368
618 0.007892000350106168
619 0.007891972063744047
620 0.007891965389862667
621 0.007892017143731864
622 0.007891993650248855
623 0.00789202476565134
624 0.007891907345564823
625 0.007892046188621941
626 0.007891833426509825
627 0.007891950089747513
628 0.007891790471153673
629 0.007891868129577392
630 0.007891728289818151
631 0.007891757574459221
632 0.007891679046263736
633 0.007891715250760751
634 0.007891769762761128
635 0.007891687989222873
636 0.007891781004808879
637 0.007891695212083272
638 0.007891796279945393
639 0.007891731914863724
640 0.007891813194365873
641 0.007891685933720695
642 0.0078917582274573
643 0.007891611789159703
644 0.007891707873153101
645 0.007891584608136114
646 0.007891687127136962
647 0.007891630820745048
648 0.007891552349027619
649 0.007891657720172323
650 0.007891580537196409
651 0.007891716254379228
652 0.007891580997152701
653 0.007891731985346609
654 0.007891642869991548
655 0.007891721944564115
656 0.007891703384177004
657 0.007891723054836148
658 0.007891641845513594
659 0.007891698911051535
660 0.007891605136685872
661 0.007891641766365096
662 0.007891696777450012
663 0.007891630939692527
664 0.007891747565846052
665 0.007891601588973122
666 0.007891761090665994
667 0.007891647370881761
668 0.007891810995174249
669 0.007891698163462385
670 0.007891745808968681
671 0.007891768832178125
672 0.00789179940296921
673 0.007891778695602092
674 0.007891803440018505
675 0.007891810684194964
676 0.007891749677079207
677 0.007891809346810039
678 0.007891728604648629
679 0.007891830472929505
680 0.007891699969879125
681 0.007891856495845928
682 0.007891719080162242
683 0.007891819925469492
684 0.007891754846565971
685 0.00789184754706489
686 0.007891774568329261
687 0.007891833802545045
688 0.007891909989583291
689 0.007891817399870276
690 0.007891966182460637
691 0.007891868279528735
692 0.007891953667216987
693 0.007891823441105525
694 0.007891918640353737
695 0.007891829770950019
696 0.007891947789486297
697 0.007891777961547171
698 0.007891824693428216
699 0.007891784825798517
700 0.007891884927717675
701 0.007891813382836118
702 0.00789184189150177
703 0.007891920704113964
704 0.007891841610330876
705 0.007892036772598723
706 0.007891841366384997
707 0.007892018603129547
708 0.00789188044999903
709 0.007891931157312198
710 0.007891844516850018
711 0.0078919015610503
712 0.00789186547920317
713 0.007891915519201103
714 0.007891777734309548
715 0.007891829568183736
716 0.007891860151489731
717 0.007891842767705236
718 0.007891890932585183
719 0.007891836381367373
720 0.007891996786185585
721 0.007891839201574496
722 0.007892079518956008
723 0.007891855803754004
724 0.007891995913299671
725 0.007891892433109561
726 0.007891886605567515
727 0.007891800933070653
728 0.007891851532651284
729 0.007891839691686081
730 0.007891786067501657
731 0.007891815764595364
732 0.007891785319620686
733 0.007891821825468244
734 0.007891765868899303
735 0.007891907308565508
736 0.007891763182996175
737 0.007891913966862734
738 0.007891811200378221
739 0.007891956998054244
740 0.007891847729357008
741 0.007891941794507015
742 0.007891830088282131
743 0.007891812992557857
744 0.007891859769971038
745 0.00789181542380136
746 0.007891842298585004
747 0.007891809247969943
748 0.007891814567335467
749 0.007891767211308685
750 0.007891851591750087
751 0.007891811972256815
752 0.007891858386783834
753 0.007891754064105291
754 0.007891894542495656
755 0.007891750517848378
756 0.007891876890706823
757 0.007891811162234613
758 0.007891823490876186
759 0.007891844687750178
760 0.007891767155619513
761 0.007891838458774145
762 0.007891781247669699
763 0.007891849590561158
764 0.007891774948850839
765 0.007891819533904075
766 0.00789180580332343
767 0.007891830152368237
768 0.007891759117974568
769 0.007891856655963902
770 0.007891763512597873
771 0.007891883395144872
772 0.007891841972543555
773 0.007891874029700912
774 0.007891893153164364
775 0.007891822454069579
776 0.007891878598929349
777 0.007891759254968307
778 0.007891868389510306
779 0.007891786867432578
780 0.007891802915024438
781 0.007891745526248195
782 0.007891812799943615
783 0.007891730947952839
784 0.007891789684316324
785 0.007891780603027167
786 0.007891816598599343
787 0.007891851021812907
788 0.007891901090595867
789 0.007891884261092569
790 0.007891860932712311
791 0.007891948155457927
792 0.007891818978030747
793 0.007891885266414825
794 0.007891807781945369
795 0.007891870486821191
796 0.007891761868534833
797 0.007891784867200905
798 0.007891712700573168
799 0.007891787095828233
800 0.007891828503646317
801 0.007891801335420147
802 0.007891845508504226
803 0.007891831270356574
804 0.0078918949950796
805 0.00789188856790379
806 0.007891911533812636
807 0.007891875455501659
808 0.007891904734588916
809 0.007891801786087269
810 0.007891861572706707
811 0.007891751539408234
812 0.0078918546128694
813 0.007891792543285739
814 0.007891763864016729
815 0.007891811303872051
816 0.007891796345706284
817 0.007891869557832068
818 0.007891786912726951
819 0.007891878105614961
820 0.007891834448521866
821 0.007891862711222764
822 0.007891892250753976
823 0.007891867149875867
824 0.007891790280323668
825 0.007891850891351351
826 0.007891714697829531
827 0.007891810465281816
828 0.007891834538047197
829 0.007891852994789818
830 0.007891818266806466
831 0.007891741762689131
832 0.007891837610934187
833 0.007891774679766992
834 0.007891875569380567
835 0.007891818313930361
836 0.007891839208657296
837 0.007891834255738932
838 0.007891869230776033
839 0.007891839821841617
840 0.008482887351877876
841 0.008906821733772241
842 0.008989742505112669
843 0.008985497057215484
844 0.008903253857099057
845 0.00886753498723865
846 0.008811698890218484
847 0.008760346882437932
848 0.008747427473475632
849 0.00875163707487208
850 0.008757619351735996
851 0.008759794440892437
852 0.008754963933038405
853 0.00874830999388415
854 0.008736162657213914
855 0.0087243627528019
856 0.008719304113031128
857 0.00872023827890684
858 0.00873044074537725
859 0.008744262265672776
860 0.008748478863749361
861 0.008751902773291211
862 0.008752285110972452
863 0.008749258477344521
864 0.008748461109608077
865 0.008748160823826359
866 0.008748234623088866
867 0.008746789134381375
868 0.008743350542430178
869 0.008733082788266205
870 0.008727114925864242
871 0.008725123084382844
872 0.008714531635825692
873 0.008707133179740201
874 0.008696684731852748
875 0.008687219669243306
876 0.008672575080927595
877 0.008655506686616023
878 0.00863527279594185
879 0.008614778145125731
880 0.008592676651300942
881 0.008571846632096378
882 0.008551328759451485
883 0.00853026664684212
884 0.008512769513689601
885 0.008494599853151347
886 0.008480792702678281
887 0.008462159292046011
888 0.008443141270353673
889 0.008421155432899083
890 0.0084040498760559
891 0.008389277749136339
892 0.00837916332114832
893 0.008373471453001376
894 0.008368413520036887
895 0.008367303046835053
896 0.00836523457235518
897 0.00836423916999988
898 0.008361021298641297
899 0.008357752351939732
900 0.008352742308916253
901 0.008348367416611562
902 0.008343988742340408
903 0.008339449512275453
904 0.008337128391128833
905 0.00833346718610299
906 0.008332535236852363
907 0.00833102671154686
908 0.008330660996045781
909 0.008329225471519834
910 0.008328539284840035
911 0.008327355482531416
912 0.008326589488985464
913 0.008326453285126233
914 0.008324446631125731
915 0.008324286230012232
916 0.008321946229774344
917 0.008320905935871788
918 0.008318064279024628
919 0.008316243350312464
920 0.008313192956876037
921 0.008310858507658347
922 0.008307811803341354
923 0.008304715036673831
924 0.008302417946447666
925 0.008297720788022302
926 0.008295323228305644
927 0.008291333706859036
928 0.008288824528975627
929 0.008285089429151384
930 0.008282664680260392
931 0.008279609896971742
932 0.008277817776123251
933 0.008276270861301645
934 0.008273979176664607
935 0.008273323264108309
936 0.00827066907050357
937 0.008269779234295957
938 0.008267232630300363
939 0.008265940166707038
940 0.008263495633942427
941 0.008261927341142228
942 0.008259845079523671
943 0.008258245665523864
944 0.008257303586831261
945 0.008254636355188916
946 0.008254257902044869
947 0.00825213400384431
948 0.008251510483509653
949 0.008249441712055572
950 0.008248551293796005
951 0.008246856043800025
952 0.008246096785982381
953 0.008245046488686594
954 0.008243647924184614
955 0.008243572164529716
956 0.00824141763407781
957 0.008241460354429183
958 0.008239960134862636
959 0.008239726203868659
960 0.008238317758825237
961 0.008237810413404085
962 0.008236650296428817
963 0.008236247810975593
964 0.008236115534817711
965 0.008234647415555496
966 0.008235195736509824
967 0.008233835643146392
968 0.008234111249009976
969 0.00823289621789758
970 0.008232941964882872
971 0.008231981320920848
972 0.008231926542608204
973 0.008231408606063964
974 0.008230970655590813
975 0.008231422894783798
976 0.008229895129353054
977 0.00823066583043059
978 0.008229743280544334
979 0.008230079437472599
980 0.008229039775099556
981 0.008228989798495699
982 0.008228128439659805
983 0.00822805553444329
984 0.008227952712533477
985 0.008226965467905648
986 0.008227534492805522
987 0.008226126324915088
988 0.008226537233864463
989 0.008225312054995654
990 0.008225383087734772
991 0.008224342751483111
992 0.008224112860929163
993 0.008223313640859806
994 0.008222949433935796
995 0.008223035825771965
996 0.008221486308902862
997 0.008222135053958506
998 0.008220785842254658
999 0.008220952826220764
1000 0.008219625740436486
1001 0.008219452546920898
1002 0.008218429602476351
1003 0.008218318500003617
1004 0.008217918188682446
1005 0.008217209877304293
1006 0.008217674967981019
1007 0.008216209988916857
1008 0.008216921415579481
1009 0.008216052703586094
1010 0.00821642478896013
1011 0.00821554437539182
1012 0.008215662259285422
1013 0.008215090558669017
1014 0.008215315654824544
1015 0.008215737795578121
1016 0.008214864043385632
1017 0.008215948650181349
1018 0.008215144719818308
1019 0.008215957228281496
1020 0.008215228264282858
1021 0.008215769317976128
1022 0.008215318731929865
1023 0.008215723887001087
1024 0.00821565643834378
1025 0.008215701095066004
1026 0.008216593701979615
1027 0.008215521342444009
1028 0.00821672739884215
1029 0.00821623059628725
1030 0.008216994196356525
1031 0.008216327022581293
1032 0.008216682829294972
1033 0.008216246976961725
1034 0.008216605905064229
1035 0.008216907187252971
1036 0.008216357118954591
1037 0.008217340995651683
1038 0.008216347018411459
1039 0.008217200124222956
1040 0.008216463655089188
1041 0.008216972474566419
1042 0.008216305081698318
1043 0.008216478364674706
1044 0.008216092329361468
1045 0.008216166998914722
1046 0.008216637303783034
1047 0.008215507943198384
1048 0.008216547315336867
1049 0.008215702621784785
1050 0.00821631828591406
1051 0.008215420480764365
1052 0.008215643121697458
1053 0.008214987577556883
1054 0.008215206636850257
1055 0.008215105128531828
1056 0.008214695615797213
1057 0.008215421762457686
1058 0.008214170578974021
1059 0.008215099166796377
1060 0.00821440835715812
1061 0.008214928137548216
1062 0.008214171136097948
1063 0.008214357240576502
1064 0.008213838843281663
1065 0.008214070881028391
1066 0.00821438979336879
1067 0.008213544645172738
1068 0.008214629600638006
1069 0.008213764245015026
1070 0.008214502833178318
1071 0.008213679632763522
1072 0.008214120609917256
1073 0.008213558491476262
1074 0.008213902756069362
1075 0.008213733648083255
1076 0.008213698815474575
1077 0.008214482948204146
1078 0.008213307230186605
1079 0.008214421491299846
1080 0.008213831327343567
1081 0.008214521169322421
1082 0.008213782391535012
1083 0.008214087881336148
1084 0.008213609183674187
1085 0.008213933128459555
1086 0.008214210084081812
1087 0.008213666416272331
1088 0.008214653585339389
1089 0.008213657310835044
1090 0.008214551237037307
1091 0.008213852066873507
1092 0.008214422359938505
1093 0.008213799439388851
1094 0.008214056793760071
1095 0.008213737723917659
1096 0.008213915644776212
1097 0.008214464831867057
1098 0.008213458782182124
1099 0.00821460065081042
1100 0.008213865667458206
1101 0.008214591309888979
1102 0.008213808124543318
1103 0.008214148140064964
1104 0.00821360437846707
1105 0.00821393162763652
1106 0.008213923187070324
1107 0.008213642580537733
1108 0.008214471581775041
1109 0.008213301719374243
1110 0.008214320830178902
1111 0.008213725034876364
1112 0.0082143208988737
1113 0.008213632800768669
1114 0.008213874888269888
1115 0.008213414191440416
1116 0.008213702504937468
1117 0.0082140424600041
1118 0.008213252596049742
1119 0.008214355121998211
1120 0.008213510369462083
1121 0.008214264460979412
1122 0.008213459564098795
1123 0.008213906967883948
1124 0.008213352064405295
1125 0.008213679002281243
1126 0.008213494756831925
1127 0.008213454948911033
1128 0.008214227501945774
1129 0.008213025556832346
1130 0.008214133738320532
1131 0.008213505918707587
1132 0.00821418818839363
1133 0.00821341156928097
1134 0.008213704961668743
1135 0.008213191296631577
1136 0.008213506507485211
1137 0.008213739122807522
1138 0.00821319290680657
1139 0.008214148971493586
1140 0.008213133560470999
1141 0.008214004265063897
1142 0.008213305368143546
1143 0.008213861427713076
1144 0.008213231602900809
1145 0.008213462338968198
1146 0.008213135563200443
1147 0.00821331503095921
1148 0.008213847698701432
1149 0.008212849897489119
1150 0.008213995039051243
1151 0.008213251550986348
1152 0.008213985164912252
1153 0.008213201423671527
1154 0.008213559906260532
1155 0.008213024752496929
1156 0.008213355566226519
1157 0.008213349788650131
1158 0.005087008626927617
1159 0.007396207814394385
1160 0.008469204210181476
1161 0.009174505055288218
1162 0.00947980066964714
1163 0.0096079451349802
1164 0.009602192089332521
1165 0.009558205213855978
1166 0.009457556137976419
1167 0.009344071905918428
1168 0.009237988117695991
1169 0.009144958234191881
1170 0.009070673062951033
1171 0.009012883655944317
1172 0.008966765471770537
1173 0.008931041821387492
1174 0.00890478325150836
1175 0.008885114834208637
1176 0.008869681513377614
1177 0.008856869531549804
1178 0.008844453008987932
1179 0.008831329488171726
1180 0.008816645782934788
1181 0.008799649856293414
1182 0.008780534205344756
1183 0.008759951807589633
1184 0.008738038849759454
1185 0.008720353285360985
1186 0.008703674418779643
1187 0.008685941930535766
1188 0.00866839736732819
1189 0.008650705053981177
1190 0.008633566976802171
1191 0.008616818829441828
1192 0.008600869445432128
1193 0.008585777853337227
1194 0.008571707315073994
1195 0.008558715965775695
1196 0.0085468350323585
1197 0.008536092394541788
1198 0.008526448380273778
1199 0.008517919698296758
1200 0.008510903435730976
1201 0.008504519392246239
1202 0.008498826485826623
1203 0.008493904627459649
1204 0.008489702861040522
1205 0.008486292996718683
1206 0.008483513117035636
1207 0.00848141970622465
1208 0.008479772498811093
1209 0.008478434928394341
1210 0.00847799104292643
1211 0.008477637367581977
1212 0.008477294816305606
1213 0.008476942337410476
1214 0.00847659782526833
1215 0.00847634684171633
1216 0.008476165668458694
1217 0.008476224388044266
1218 0.008476322395606337
1219 0.008476668135201218
1220 0.008477121309869549
1221 0.008477823352361621
1222 0.008478137838920201
1223 0.008478835027889292
1224 0.008479323304688528
1225 0.008479959809809095
1226 0.008480499340089214
1227 0.0084811127482917
1228 0.00848163642682862
1229 0.008482217943988764
1230 0.008482721497228778
1231 0.008483273822447611
1232 0.008483746437261424
1233 0.008484327721977802
1234 0.00848476377493586
1235 0.008485173675188034
1236 0.008485438610154565
1237 0.008485658844836737
1238 0.00848572130041182
1239 0.008485728145919871
1240 0.008485552359524431
1241 0.008485299200696376
1242 0.008484860364493942
1243 0.008484342343806626
1244 0.008483652131335629
1245 0.008482896671946903
1246 0.008481985232418752
1247 0.008481023292819587
1248 0.008479919821448998
1249 0.008478785053059964
1250 0.008477532856925294
1251 0.008476273715959262
1252 0.008474920186900761
1253 0.008473584623891861
1254 0.008472179047041759
1255 0.008470813788130055
1256 0.008469405654805355
1257 0.008468066341422069
1258 0.008466709742161481
1259 0.008465448725271269
1260 0.008464194018204889
1261 0.008463055231536678
1262 0.008461940263173961
1263 0.008460954755081202
1264 0.008460006033045253
1265 0.008459198529742838
1266 0.008458438026750595
1267 0.008457824815801283
1268 0.008457260281040374
1269 0.008456842639599366
1270 0.008456484570582297
1271 0.008456258090650891
1272 0.008456069479048429
1273 0.008456009437712315
1274 0.008455977411841639
1275 0.008456065615630308
1276 0.008456143453883817
1277 0.008456344444778252
1278 0.008456548280235194
1279 0.008456847031157389
1280 0.008457127728789853
1281 0.008457479905922691
1282 0.008457797316756187
1283 0.008458168395618448
1284 0.008458488822062732
1285 0.008458849369488078
1286 0.008459144882062503
1287 0.008459466384290107
1288 0.008459711208078476
1289 0.008459993614696657
1290 0.008460187203414765
1291 0.008460392356055335
1292 0.008460506155165607
1293 0.008460627100103703
1294 0.008460655852955939
1295 0.008460691533217256
1296 0.008460636479138875
1297 0.008460589781393926
1298 0.008460453951298125
1299 0.008460328638811798
1300 0.008460118072711747
1301 0.008459923374173039
1302 0.008459649081580324
1303 0.008459397215498595
1304 0.008459073511097318
1305 0.008458780373936534
1306 0.008458422383776788
1307 0.008458101744085084
1308 0.008457722349199684
1309 0.008457387093959918
1310 0.008457001153995407
1311 0.008456666378265745
1312 0.008456288198824918
1313 0.008455968243251181
1314 0.008455611109304302
1315 0.00845531678366432
1316 0.008454987143548857
1317 0.008454722299642928
1318 0.00845442619882838
1319 0.00845419843664455
1320 0.008453941968488988
1321 0.00845375543982982
1322 0.008453541072572816
1323 0.008453395987934199
1324 0.008453222377256328
1325 0.008453119358287079
1326 0.008452989167159706
1327 0.00845292999994708
1328 0.008452842301732736
1329 0.008452823344604295
1330 0.008452773377021544
1331 0.008452789806516845
1332 0.008452773219044004
1333 0.008452820195013264
1334 0.008452830425668216
1335 0.008452900161787893
1336 0.008452929947445736
1337 0.007310459049477144
1338 0.006483938528297953
1339 0.006161670381080488
1340 0.006084911097673447
1341 0.006274972001421816
1342 0.006629921855151841
1343 0.007093436719007572
1344 0.007570238168339387
1345 0.008046229201523845
1346 0.00847324147714828
1347 0.008859937231136353
1348 0.009165592945849262
1349 0.009407338452948416
1350 0.009576824127594209
1351 0.009686077686117543
1352 0.009752978676094355
1353 0.00978347378489371
1354 0.009781661030256412
1355 0.009753241357922779
1356 0.009705458647807811
1357 0.009641218813292794
1358 0.009567326626037022
1359 0.009489688986435808
1360 0.00940773673899388
1361 0.009325703073655019
1362 0.009245806418891018
1363 0.009167646066706324
1364 0.009094639015984653
1365 0.009029081275532796
1366 0.008968868629110508
1367 0.008916264212433363
1368 0.008869228288585287
1369 0.008829274131036258
1370 0.008795978495971369
1371 0.008768821911970121
1372 0.008746893582194402
1373 0.008730957637151263
1374 0.008719377332581426
1375 0.00871165819200883
1376 0.008708705093859639
1377 0.008708282289771543
1378 0.00871058608760119
1379 0.008715330158731183
1380 0.008721977449556639
1381 0.008729105067124689
1382 0.008738618669268734
1383 0.008747509063794515
1384 0.008756941476962377
1385 0.008766876049037999
1386 0.00877631141874914
1387 0.008784521928143475
1388 0.008792808586721233
1389 0.008799742975678884
1390 0.008805403310930987
1391 0.008810633057122763
1392 0.008814202179435845
1393 0.008816423935498655
1394 0.008818023290142916
1395 0.008818206696060637
1396 0.008816928458856278
1397 0.008815276926658337
1398 0.008812386503999988
1399 0.008808423196832997
1400 0.008804247132179465
1401 0.008799488858312676
1402 0.008793476247053802
1403 0.00878819443527655
1404 0.008782110211814836
1405 0.008775706424079368
1406 0.008769740015883353
1407 0.008763531007283873
1408 0.008757061380925611
1409 0.008751539395010917
1410 0.008745733240566971
1411 0.008740034835314334
1412 0.008735109403886873
1413 0.008730318177025246
1414 0.008725461731662013
1415 0.008721666644123613
1416 0.008718765948838747
1417 0.008715946189184349
1418 0.008713638187411882
1419 0.008710521353618432
1420 0.00870601710748743
1421 0.008704340336312505
1422 0.008700680202286764
1423 0.008701107841550572
1424 0.008698421381073341
1425 0.008699383529111157
1426 0.008698506529760165
1427 0.008698339441301118
1428 0.008695010594828577
1429 0.008695243058005247
1430 0.008694101780347425
1431 0.008692364491486436
1432 0.008692136838434917
1433 0.008691391182368819
1434 0.008690665948615551
1435 0.008690582147393499
1436 0.00869015829731681
1437 0.008689610433663513
1438 0.008690316263482923
1439 0.008690031039214348
1440 0.008689199252585005
1441 0.008689146795186408
1442 0.008688540958104981
1443 0.008688624574940785
1444 0.008688062327331889
1445 0.008688154081293148
1446 0.008687483661343297
1447 0.008687764845989701
1448 0.008687351584388013
1449 0.008686876461493536
1450 0.008686780622337726
1451 0.008686432232999478
1452 0.008687530970849972
1453 0.008686269448841651
1454 0.008686636251714982
1455 0.008685277502981269
1456 0.008685009839950212
1457 0.008685392601873695
1458 0.008684667625494493
1459 0.00868570446685901
1460 0.008683757395354147
1461 0.008685138638556194
1462 0.008683344888238693
1463 0.008684227124370055
1464 0.008682293186556734
1465 0.008683230079885446
1466 0.008681840402950294
1467 0.008682802315767195
1468 0.008680711274309857
1469 0.008682187174628517
1470 0.008680248267193892
1471 0.008681486037727948
1472 0.008679881182384849
1473 0.008680537618075865
1474 0.008679444578692698
1475 0.008679147055655496
1476 0.008679292828586278
1477 0.008678498779094023
1478 0.008679280090694595
1479 0.008677566423818072
1480 0.008678790522035998
1481 0.00867714482366809
1482 0.008677837793733868
1483 0.008676154355935807
1484 0.008676970049403109
1485 0.008675635858192577
1486 0.008676397547569572
1487 0.008674715006590368
1488 0.008675520004159653
1489 0.008674436037774399
1490 0.008675181685443038
1491 0.008673781716898013
1492 0.008674920275631895
1493 0.008673915315298413
1494 0.008674027979234578
1495 0.008673842134963094
1496 0.008673439273829357
1497 0.008674446082419868
1498 0.008672589955829025
1499 0.008674557611764808
1500 0.008672976504004885
1501 0.00867359025927719
1502 0.008672432336389521
1503 0.00867351291921282
1504 0.00867209892425826
1505 0.008672927738354852
1506 0.008671946066709176
1507 0.008672995340299352
1508 0.008671713570669115
1509 0.00867246231464645
1510 0.008671796772350679
1511 0.008672861542620444
1512 0.008671655825644605
1513 0.0086723474618167
1514 0.008671968748870554
1515 0.008672166442707846
1516 0.008672659420818541
1517 0.00867066544263969
1518 0.008670604364262058
1519 0.008671157366353861
1520 0.008671121752110288
1521 0.008671786676832735
1522 0.008671546788640712
1523 0.008671834482537923
1524 0.008671611219398905
1525 0.008671664061236173
1526 0.008671569115333715
1527 0.008671554315175013
1528 0.008671534813090897
1529 0.008671469692764317
1530 0.008671596863754434
1531 0.00867135861738472
1532 0.008672580211237376
1533 0.008671755974014015
1534 0.008671690026530798
1535 0.008672273755250808
1536 0.008672254732854613
1537 0.008671680779764194
1538 0.008671529615537561
1539 0.008671227712333841
1540 0.008671107859475051
1541 0.00867095662859224
1542 0.008670949398109633
1543 0.008670846957805036
1544 0.008670786807893596
1545 0.008670757550745074
1546 0.008670720026031272
1547 0.008670563329153518
1548 0.008670770293799982
1549 0.008670860819718761
1550 0.008670567687677018
1551 0.0086719615435086
1552 0.008671238200195035
1553 0.008670682245573351
1554 0.008671415712225426
1555 0.008669461152104856
1556 0.008669376080323796
1557 0.008669732179237687
1558 0.008670159974794995
1559 0.008670358743277108
1560 0.008670541520879864
1561 0.008670463662414014
1562 0.008670517185405907
1563 0.008670450383411056
1564 0.008670497252455587
1565 0.008670474203921379
1566 0.008670495287664344
1567 0.009012881100548351
1568 0.01152595880725193
1569 0.01269189693429764
1570 0.01293920313545887
1571 0.01255175577808113
1572 0.01190772111353659
1573 0.01121610065679533
1574 0.01054874607741544
1575 0.009999434761320413
1576 0.0095501063653934
1577 0.009284945093054435
1578 0.009070608302717231
1579 0.008923711080974664
1580 0.008842074872470525
1581 0.008815394618900612
1582 0.008832892512262784
1583 0.008879477728462573
1584 0.008945121084860012
1585 0.00902285302450182
1586 0.009105456282035716
1587 0.009189412795144555
1588 0.00926915135451842
1589 0.009339761729390298
1590 0.009401361375691275
1591 0.009452824394639792
1592 0.009493962766837597
1593 0.009523144979005485
1594 0.009541885748154221
1595 0.009551398056211687
1596 0.009552245058974989
1597 0.009545682158426421
1598 0.00953212424911257
1599 0.009512837854498751
1600 0.009488695923514428
1601 0.009460609230328966
1602 0.00942947183074512
1603 0.009396216677255077
1604 0.00936183203602713
1605 0.009326609446804348
1606 0.009291944661007592
1607 0.009257788325214423
1608 0.009224637282671
1609 0.009192921708429024
1610 0.009162933027009696
1611 0.009135009671746462
1612 0.009109335020372842
1613 0.009086124353180217
1614 0.009065401235202221
1615 0.00904725957838683
1616 0.009031599776113574
1617 0.009018349901451525
1618 0.009007402962374756
1619 0.008998641946004329
1620 0.008991285402334607
1621 0.008986123748484199
1622 0.008982432297224795
1623 0.008980378582193249
1624 0.008979584405573306
1625 0.008980056962214173
1626 0.008981305673521333
1627 0.008983297390227142
1628 0.008985887467665156
1629 0.0089889818911037
1630 0.008992390487718263
1631 0.008996102937912927
1632 0.008999915580813407
1633 0.009003757644927576
1634 0.009007508724953726
1635 0.009011155733264171
1636 0.009014591973413496
1637 0.009017821920814163
1638 0.009020781673572918
1639 0.009023474293721401
1640 0.009025835168920226
1641 0.009027924762784058
1642 0.009029657044150945
1643 0.009031061678541541
1644 0.009032081647877919
1645 0.009032792405154097
1646 0.009032170647158704
1647 0.009031890496192775
1648 0.009032211750861567
1649 0.009032011329133411
1650 0.009031636997462181
1651 0.009030846533583929
1652 0.009029719869694856
1653 0.009028365724933712
1654 0.009026766332174519
1655 0.009024991787369775
1656 0.009023018263281918
1657 0.00902095148439336
1658 0.009018801078241118
1659 0.009016645126391398
1660 0.009014460468457277
1661 0.009012315538795305
1662 0.009010177488535349
1663 0.009008112126645719
1664 0.009006787321516947
1665 0.009005458102401149
1666 0.009003882178718666
1667 0.009002382651032989
1668 0.009000958996465131
1669 0.008999628996847867
1670 0.008998369393518323
1671 0.008997177798742676
1672 0.008996038374369521
1673 0.008994946414488603
1674 0.008993895107675863
1675 0.008992883648630311
1676 0.008991918483443939
1677 0.008990992847571011
1678 0.008990116930974325
1679 0.008989283893723318
1680 0.008988506467881574
1681 0.008987776971247658
1682 0.008987104326592745
1683 0.008986487415681704
1684 0.008985936192346625
1685 0.008985443342952485
1686 0.00898500493675502
1687 0.008984611768049711
1688 0.008984261708334764
1689 0.008983949021547052
1690 0.008983671453903429
1691 0.008983425826430774
1692 0.00898321734624505
1693 0.008983030594428195
1694 0.008982870119599938
1695 0.008982727971117944
1696 0.008982606526992395
1697 0.008982495279212086
1698 0.008982401999508989
1699 0.008982310575761611
1700 0.008982224574949941
1701 0.008982130118731601
1702 0.008982030529253875
1703 0.008981921988980998
1704 0.008981813166527816
1705 0.008981695827742862
1706 0.00898157410619364
1707 0.008981442579815892
1708 0.008981312120161011
1709 0.008981173307845453
1710 0.008981034472109834
1711 0.008980893179644107
1712 0.008980755074142983
1713 0.008980611199007395
1714 0.008980465500523418
1715 0.008980317217467013
1716 0.00898017639594321
1717 0.008980030093333641
1718 0.008979890331006985
1719 0.008979754022846802
1720 0.008979621058943933
1721 0.00897947830322827
1722 0.008979330534076407
1723 0.008979175261750863
1724 0.008979021729712062
1725 0.008978859699650338
1726 0.008978698039185129
1727 0.008978526243984538
1728 0.008978362990346664
1729 0.008978197301328403
1730 0.00897801313566312
1731 0.008977837341215924
1732 0.008977646940002592
1733 0.008977460727811798
1734 0.008977265399307269
1735 0.008977070695239198
1736 0.008976885536517897
1737 0.008976721205191022
1738 0.008976526073514077
1739 0.008976358266036025
1740 0.008976174273024983
1741 0.008976021499956169
1742 0.008975850456740739
1743 0.008975710310507689
1744 0.00897555852381092
1745 0.008975440095916411
1746 0.008975306677619969
1747 0.008975205415664256
1748 0.008975093045535386
1749 0.008975012797906854
1750 0.008974916106518122
1751 0.008974847590231637
1752 0.008974763983811333
1753 0.008974709456894018
1754 0.008974635166607181
1755 0.008974588134296775
1756 0.008974526131633782
1757 0.008974492446363783
1758 0.008974438175823555
1759 0.008974411694901697
1760 0.008974369562808365
1761 0.008974356016735978
1762 0.008974322288293597
1763 0.008974315608837047
1764 0.008974292475687243
1765 0.008974295664734707
1766 0.008974276242734605
1767 0.00897428153390289
1768 0.008974268054279389
1769 0.008974279694741034
1770 0.008974268056402066
1771 0.008974280162909012
1772 0.008974271283323955
1773 0.008974285725733892
1774 0.008974274805278435
1775 0.008974285627980647
1776 0.008383541174680396
1777 0.007453422211552868
1778 0.007173672472522452
1779 0.007018863847872596
1780 0.007123300250605973
1781 0.007372183938840022
1782 0.007701471020379454
1783 0.008054637006904166
1784 0.00839668170248333
1785 0.008704221069317912
1786 0.008965825902665271
1787 0.009181262260334581
1788 0.009346803561323952
1789 0.009465345900483627
1790 0.009541046632320816
1791 0.009581222450212279
1792 0.009593134147514198
1793 0.009587624209301203
1794 0.009568916511915314
1795 0.009538728300056303
1796 0.009500506368488183
1797 0.009455029257695436
1798 0.009406697880084655
1799 0.009358289217195339
1800 0.009311488997299822
1801 0.009266339066160756
1802 0.009225566944281973
1803 0.009187755789299984
1804 0.009154274238991698
1805 0.009124232945827532
1806 0.009099171606886513
1807 0.009077291101255811
1808 0.009059813056024496
1809 0.009045679537823694
1810 0.009035306251024805
1811 0.009027778015515688
1812 0.009023323787409816
1813 0.009020913302054781
1814 0.009020616004842053
1815 0.009022914874878833
1816 0.009026614315576281
1817 0.009031286100177456
1818 0.009036993814250079
1819 0.009043532402720081
1820 0.009050305544910146
1821 0.009056884251917965
1822 0.009064218383211271
1823 0.009070611255732226
1824 0.009076490878944398
1825 0.009082123318681192
1826 0.009087062978496112
1827 0.009091054996890363
1828 0.009094436416747629
1829 0.009096928602865172
1830 0.009099194227724672
1831 0.009100368534573595
1832 0.009100639377300742
1833 0.009100698070987488
1834 0.009100156132015218
1835 0.009098457162954618
1836 0.009097189256673915
1837 0.009094919696946407
1838 0.009092506332668586
1839 0.009089431819329547
1840 0.009086597728526944
1841 0.009083115096278072
1842 0.009080004347519387
1843 0.009076243348158547
1844 0.009072848497780825
1845 0.009069366767790342
1846 0.009066010423595413
1847 0.009062430975103558
1848 0.009059320895128125
1849 0.009056080895253713
1850 0.009053277445071877
1851 0.009050511638283689
1852 0.009048321260382419
1853 0.009045870423805627
1854 0.009043813878414566
1855 0.009042133728253606
1856 0.009040728961915982
1857 0.009039107470002285
1858 0.0090380816338308
1859 0.009036870222947496
1860 0.009036208662068617
1861 0.009035748607894077
1862 0.009035000442300057
1863 0.009035014001644902
1864 0.009034621691880535
1865 0.009034613088551273
1866 0.009034421442323411
1867 0.009034515504520783
1868 0.009034450660338197
1869 0.009034607832027577
1870 0.009034821612736891
1871 0.009034683113276624
1872 0.009035065688064193
1873 0.009035040858893279
1874 0.009035355038790004
1875 0.009035249621501068
1876 0.00903559002487503
1877 0.009035312178387832
1878 0.009035771866924485
1879 0.00903567725796541
1880 0.009035533282434898
1881 0.009035575184743757
1882 0.009035578204545409
1883 0.009035131665941269
1884 0.009035276519217549
1885 0.009034814004033736
1886 0.009035001229997525
1887 0.009034514489016911
1888 0.009034590821182673
1889 0.009034235766363962
1890 0.009033944394534062
1891 0.009033770061847041
1892 0.009033775686182596
1893 0.009033068852706739
1894 0.009033246645183665
1895 0.009032723806075957
1896 0.009032469597804632
1897 0.00903235771292147
1898 0.009032417486623543
1899 0.009031705976344322
1900 0.009032016672376183
1901 0.009031674378023272
1902 0.009031827717348034
1903 0.009031070950873531
1904 0.009031511901848317
1905 0.00903144431029507
1906 0.00903135420996929
1907 0.009030905749944751
1908 0.009031018859545279
1909 0.009030719946471278
1910 0.009030779229047424
1911 0.009030970206656838
1912 0.009030665441415725
1913 0.009030810500491293
1914 0.009030558218080039
1915 0.009030668298356437
1916 0.009030611406562314
1917 0.009030365296982245
1918 0.009030482361627365
1919 0.009030381801703364
1920 0.009030313330728386
1921 0.009030170039284474
1922 0.00903022117917939
1923 0.00902984408443115
1924 0.009030062196633704
1925 0.009029754941154357
1926 0.009030040772574358
1927 0.009029696997454293
1928 0.009029564828496879
1929 0.009029758516726575
1930 0.009029751150069695
1931 0.009029474273366022
1932 0.009029447624833873
1933 0.009029128353446663
1934 0.009029305583721092
1935 0.00902916575950982
1936 0.009029149923914501
1937 0.009028682268661095
1938 0.009029081784759628
1939 0.00902893642865071
1940 0.009028658186208389
1941 0.009028780881722759
1942 0.009028988430274392
1943 0.009028530918277983
1944 0.009028793962657797
1945 0.009028472998438895
1946 0.009028634692558104
1947 0.009028449213201504
1948 0.009028403050367336
1949 0.009028357462981145
1950 0.009028343934876074
1951 0.009028242020561754
1952 0.009028503935391013
1953 0.009027917033265952
1954 0.009028535183070232
1955 0.009028354889533362
1956 0.009028414260877445
1957 0.009028076163230075
1958 0.009028132772712688
1959 0.009028182524089483
1960 0.009028265741848738
1961 0.009028118150979401
1962 0.009027912004348116
1963 0.009028148112656176
1964 0.009028180362633543
1965 0.009028099125774998
1966 0.009027813961129422
1967 0.009028080237764734
1968 0.009028203841689307
1969 0.009028017090990659
1970 0.009027960510539541
1971 0.009027672861790827
1972 0.009028041839791475
1973 0.009027935934872814
1974 0.009027759407505363
1975 0.009027868791855987
1976 0.009028006700899597
1977 0.009027893851085753
1978 0.009027895072399227
1979 0.00660162586284247
1980 0.007208680286491227
1981 0.008054396664299353
1982 0.008733610063131225
1983 0.009243271064048458
1984 0.009609583010585787
1985 0.009857760490794263
1986 0.01003901268297148
1987 0.0101710753245418
1988 0.01027872683225349
1989 0.01038498347098079
1990 0.01046545721366862
1991 0.01054043914188676
1992 0.01060943523227976
1993 0.01067662079813258
1994 0.0107449117296934
1995 0.01080849813476108
1996 0.01086690112033627
1997 0.01092388863664523
1998 0.0109726143001616
1999 0.01101387413651094
2000 0.01104527019521769
2001 0.01106683834188555
2002 0.01107718658333212
2003 0.01107623802646418
2004 0.01106215729475112
2005 0.0110360002491383
2006 0.01100061026888278
2007 0.01095519997501592
2008 0.01089968218146477
2009 0.01083616149751199
2010 0.01076591846951329
2011 0.01069033813608723
2012 0.0106110856094435
2013 0.01052968521731912
2014 0.01044798139704157
2015 0.01036656645180228
2016 0.01028784848459767
2017 0.01021258967323628
2018 0.01014170632667677
2019 0.01007507439392686
2020 0.01001385387034586
2021 0.009957783429103315
2022 0.00990673124469147
2023 0.009861696942580926
2024 0.009822699338844734
2025 0.009789586506541428
2026 0.00976209530781696
2027 0.009739912895868749
2028 0.00972321427475732
2029 0.009710197014528642
2030 0.009700747857443952
2031 0.009695588339220271
2032 0.009693485831909819
2033 0.009694513263629858
2034 0.009697985700725737
2035 0.009704008983482759
2036 0.009711719410337428
2037 0.00972067690645387
2038 0.009730895978717341
2039 0.009742340141432949
2040 0.009754047345787534
2041 0.009766268803123621
2042 0.009778522396362007
2043 0.009790853637692295
2044 0.009802645805483458
2045 0.009813943494582226
2046 0.009824290953499409
2047 0.009833750306855637
2048 0.009842080171317274
2049 0.009849398719284955
2050 0.009855444815997786
2051 0.009860164046835998
2052 0.009863661693680623
2053 0.009865972162887976
2054 0.009866839402204166
2055 0.009866605227585935
2056 0.009865231264158615
2057 0.009862893658053106
2058 0.009859542475039456
2059 0.00985532904661769
2060 0.009850359938204744
2061 0.009844673230035312
2062 0.009838284484006461
2063 0.009831302384796356
2064 0.009823980771644161
2065 0.009816149944036689
2066 0.009808349338993726
2067 0.009800155889103197
2068 0.009792129740215851
2069 0.009783909094419044
2070 0.009776000691606317
2071 0.009768075409582777
2072 0.009760586173898148
2073 0.009753196376180889
2074 0.009746362757771836
2075 0.009739686282227321
2076 0.009733613725976725
2077 0.009727796231357418
2078 0.009722613692740689
2079 0.009717725309802795
2080 0.009713348349624158
2081 0.009709370034303435
2082 0.009705879869997521
2083 0.009702761919799555
2084 0.009700134219247545
2085 0.009697941293719863
2086 0.009696220485720232
2087 0.009694746149170305
2088 0.009694095963636525
2089 0.009693556433356742
2090 0.009693193752379335
2091 0.009693115990676411
2092 0.009692688884342292
2093 0.009692922548769236
2094 0.00969274939374524
2095 0.009692841496896022
2096 0.009692798837158491
2097 0.009693233959609738
2098 0.009693297573944415
2099 0.009693760969870794
2100 0.009693840000597483
2101 0.009694447085721534
2102 0.00969478208001716
2103 0.009695451008270708
2104 0.009695837777304563
2105 0.009696434517030438
2106 0.009697011638315246
2107 0.009697572022991267
2108 0.009698160897857669
2109 0.009698695944591985
2110 0.009699257930236517
2111 0.009699614712779921
2112 0.009700150322896939
2113 0.009700342009762185
2114 0.00970084052213833
2115 0.009700888429719058
2116 0.009701361687754059
2117 0.009701328367806955
2118 0.009701679938825227
2119 0.009701465350566447
2120 0.009701691827942572
2121 0.009701368737847577
2122 0.009701419314994087
2123 0.009700998690949562
2124 0.009700957750021425
2125 0.009700519761562611
2126 0.009700266612941081
2127 0.009699914856562906
2128 0.009699683886784544
2129 0.009699137014516586
2130 0.00969889113479629
2131 0.009698250235568277
2132 0.009697552526702045
2133 0.009697141884418991
2134 0.00969625585646664
2135 0.009695916760265818
2136 0.009695064453490393
2137 0.009694438888606209
2138 0.009693593385577438
2139 0.009693169237302615
2140 0.00969231646179578
2141 0.009691858320567513
2142 0.009690998027289156
2143 0.009690481777836232
2144 0.00968983410028411
2145 0.009689378944863837
2146 0.009688770514009544
2147 0.00968822939270267
2148 0.009687745390099192
2149 0.009687241042150662
2150 0.009686783844688015
2151 0.009686256857070086
2152 0.00968585419240129
2153 0.009685252648274814
2154 0.009684910671725977
2155 0.009684253709692373
2156 0.009684014673302052
2157 0.009683409828882401
2158 0.009683296753100481
2159 0.009682739283688038
2160 0.009682656669813508
2161 0.009682105225405213
2162 0.009682059287597718
2163 0.009681573531532237
2164 0.009681526120536736
2165 0.009681116233120067
2166 0.009681058655610333
2167 0.009680845145871612
2168 0.009680829462301567
2169 0.009680616762507007
2170 0.009680760701694645
2171 0.00968051732139346
2172 0.009680369785201318
2173 0.00968045088321247
2174 0.009680165504319991
2175 0.009679996874100762
2176 0.009679682103644964
2177 0.00967986257731334
2178 0.009679637975169226
2179 0.009679815239697215
2180 0.009679531849836741
2181 0.009679613539704283
2182 0.009679494660881381
2183 0.009679705200432617
2184 0.009679536186305055
2185 0.009679722516866145
2186 0.009679599466862379
2187 0.009679674246377178
2188 0.009679691558614239
2189 0.009679709156841009
2190 0.009679765777173305
2191 0.009679783060890321
2192 0.009679848274805954
2193 0.009679774571513096
2194 0.009679892087837661
2195 0.009679744196126607
2196 0.00967989907986147
2197 0.009679676516095071
2198 0.009679926634741718
2199 0.009679746917885413
2200 0.009680005259134405
2201 0.009679775586533271
2202 0.009680030038847449
2203 0.009679799954830171
2204 0.009680004393466467
2205 0.009679783567398896
2206 0.00967998488656981
2207 0.009679841186445796
2208 0.009679929866069709
2209 0.009679973180552772
2210 0.009680071616354183
2211 0.00968003737286547
2212 0.009680170793759329
2213 0.00968024324148082
2214 0.009680295556961304
2215 0.009680163614678787
2216 0.009679923634492073
2217 0.009679991662712318
2218 0.009679810426636962
2219 0.009679924881125653
2220 0.009679898771906616
2221 0.009680080784309245
2222 0.009680101563831424
2223 0.008772092381526311
2224 0.007947262069129463
2225 0.007718581854455214
2226 0.007529823047521749
2227 0.007583360616745759
2228 0.007790374701942006
2229 0.008092078324558631
2230 0.008454074759561258
2231 0.008821890786946755
2232 0.009177698125133409
2233 0.009497660481012171
2234 0.009776085239895529
2235 0.009993877013135408
2236 0.01017730279657763
2237 0.01032556212669272
2238 0.01044617029466322
2239 0.01053787803767528
2240 0.01060529889982155
2241 0.01065211117253869
2242 0.01068199995601377
2243 0.01069939045081441
2244 0.01070684796714624
2245 0.01070761744478182
2246 0.01070340469322322
2247 0.01069603987027252
2248 0.01068602687283708
2249 0.01067426391968035
2250 0.01066019590469673
2251 0.0106446693581918
2252 0.01062774179292136
2253 0.01060909831997771
2254 0.01058893596009603
2255 0.01056724446782104
2256 0.01054456593988756
2257 0.01052110203923735
2258 0.01049710959090087
2259 0.01047295516802101
2260 0.01044912900565097
2261 0.0104258027201959
2262 0.01040340229665446
2263 0.01038193457739913
2264 0.01036179782259324
2265 0.01034280525841466
2266 0.01032530403427141
2267 0.01030899359864528
2268 0.01029419482561369
2269 0.01028054216384126
2270 0.0102682152276694
2271 0.01025695261910406
2272 0.01024653349187662
2273 0.01023697862766584
2274 0.01022844464485225
2275 0.0102204214094306
2276 0.01021292004494385
2277 0.01020598244336236
2278 0.01019960837257839
2279 0.01019349264670445
2280 0.01018765940272962
2281 0.01018234173087071
2282 0.0101774319237625
2283 0.01017279488471694
2284 0.01016855431715892
2285 0.01016463079619633
2286 0.01016107452063501
2287 0.01015780721077206
2288 0.01015486327486763
2289 0.01015216855579318
2290 0.01014975180537353
2291 0.01014766485278841
2292 0.01014553094634304
2293 0.01014366223510411
2294 0.01014216439738147
2295 0.01014078551586552
2296 0.01013941186105791
2297 0.01013800147676043
2298 0.01013689189482785
2299 0.01013581303424477
2300 0.01013475993903239
2301 0.01013370312990434
2302 0.01013271205325005
2303 0.01013165516453876
2304 0.01013062944492142
2305 0.01012949887157385
2306 0.01012838506633121
2307 0.01012711535052343
2308 0.01012625000500608
2309 0.01012522343741671
2310 0.01012400733738112
2311 0.01012268516265793
2312 0.01012168131212075
2313 0.01011976965396696
2314 0.01011874662565232
2315 0.01011729961893757
2316 0.01011585138464062
2317 0.0101141631174367
2318 0.01011287481417088
2319 0.01011045266485367
2320 0.010108758321883
2321 0.01010671691750652
2322 0.0101047350414727
2323 0.01010273746208523
2324 0.0101007640284121
2325 0.01009878646484348
2326 0.01009688066853715
2327 0.01009552216345058
2328 0.01009408147576832
2329 0.01009243961899925
2330 0.01009119504330994
2331 0.01008959951300049
2332 0.0100886598645465
2333 0.01008754111096273
2334 0.01008653535511457
2335 0.01008527984523789
2336 0.01008447064759332
2337 0.01008341448374592
2338 0.01008258198742512
2339 0.01008159189330699
2340 0.01008090275672061
2341 0.0100798739704609
2342 0.01007935022643759
2343 0.01007850095553289
2344 0.01007794115908061
2345 0.0100771752463706
2346 0.01007674893588655
2347 0.01007608247136996
2348 0.01007570521099167
2349 0.01007503293379622
2350 0.0100747895703028
2351 0.01007438588832457
2352 0.01007429350238962
2353 0.01007390614368074
2354 0.01007381569038774
2355 0.01007345634483876
2356 0.01007340747629818
2357 0.01007308592670129
2358 0.01007306442522687
2359 0.01007276355789551
2360 0.01007276192089685
2361 0.01007248361725063
2362 0.01007250811608454
2363 0.01007225113627742
2364 0.01007228655217563
2365 0.01007202992452604
2366 0.01007205918030854
2367 0.01007179670270577
2368 0.01007182572208626
2369 0.01007156798631152
2370 0.01007159855015661
2371 0.01007133285645604
2372 0.0100713471944142
2373 0.01007106285822598
2374 0.0100710616385763
2375 0.01007077048861975
2376 0.01007077006340612
2377 0.01007047816990601
2378 0.01007046940690034
2379 0.01007016260460586
2380 0.01007013734402036
2381 0.01006981852566593
2382 0.01006979210311762
2383 0.01006948409118589
2384 0.01006946300280069
2385 0.01006915232317478
2386 0.01006912260015177
2387 0.01006880291478722
2388 0.01006876680214203
2389 0.01006845739516822
2390 0.01006844252598107
2391 0.01006815123531368
2392 0.01006814394979461
2393 0.01006785274467167
2394 0.01006784347188711
2395 0.01006755341578147
2396 0.0100675587768426
2397 0.01006729703327711
2398 0.01006732744190246
2399 0.01006707872725278
2400 0.01006711227409038
2401 0.0100668632616741
2402 0.01006689726717553
2403 0.01006666385948247
2404 0.01006673086933057
2405 0.008299404293488568
2406 0.009859065713440765
2407 0.01096091677471024
2408 0.01110442091283309
2409 0.01087949298952691
2410 0.01042183409688379
2411 0.01000978034735828
2412 0.009675936669428231
2413 0.009456016735569256
2414 0.009355925467785513
2415 0.009347375427023774
2416 0.009407722972410399
2417 0.009507354534256433
2418 0.00961355873611828
2419 0.009743598760264292
2420 0.009887788305656302
2421 0.01003751975895191
2422 0.01018518150909139
2423 0.01032471274412523
2424 0.01045139302610866
2425 0.01056703573518317
2426 0.01066766755136337
2427 0.01075265184437229
2428 0.01082188370663291
2429 0.01087640907078527
2430 0.01091551884922207
2431 0.01094078048623385
2432 0.0109529136292686
2433 0.01095364625435157
2434 0.01094289562575971
2435 0.0109233454136688
2436 0.01089593782308463
2437 0.01086267653010828
2438 0.01082407312610852
2439 0.01078195264811641
2440 0.01073651367580937
2441 0.0106898682987394
2442 0.01064235035140476
2443 0.01059535104930254
2444 0.0105489377478935
2445 0.01050409404320459
2446 0.01046088174926051
2447 0.01042003860073288
2448 0.01038143808251724
2449 0.01034565005865712
2450 0.0103117564081616
2451 0.01028115180808166
2452 0.01025347951051371
2453 0.01022886165288521
2454 0.01020703778032836
2455 0.01018810519527489
2456 0.01017178293784575
2457 0.01015772178781455
2458 0.01014584571630764
2459 0.01013628979422713
2460 0.01012901597668717
2461 0.01012352447666159
2462 0.01011963777013291
2463 0.01011728353043099
2464 0.01011629942930191
2465 0.01011627478366004
2466 0.01011719262517711
2467 0.01011882240780114
2468 0.0101210397187637
2469 0.01012368190775467
2470 0.01012658616676754
2471 0.01012961617232895
2472 0.0101326370665405
2473 0.01013552843800796
2474 0.01013817960610117
2475 0.01014051361771626
2476 0.01014251864482489
2477 0.01014412525052109
2478 0.01014530399282279
2479 0.01014602924847986
2480 0.01014639279597086
2481 0.01014624841527187
2482 0.01014561691407194
2483 0.01014462377995957
2484 0.01014329909307544
2485 0.01014164276143307
2486 0.01013971495169048
2487 0.01013745122566417
2488 0.01013501655859829
2489 0.01013234323378812
2490 0.01012958190822466
2491 0.01012675110144099
2492 0.01012389450367119
2493 0.01012103181971541
2494 0.01011819791791197
2495 0.01011539196098984
2496 0.01011267758707226
2497 0.01011001271440063
2498 0.01010745179976532
2499 0.01010497948496335
2500 0.01010261482312
2501 0.01010032660110946
2502 0.0100981490773829
2503 0.0100960469792368
2504 0.01009474629985455
2505 0.01009343527110138
2506 0.01009213229265937
2507 0.01009072195289185
2508 0.01008934760518031
2509 0.01008797707955083
2510 0.01008667026613513
2511 0.01008533006769232
2512 0.01008406396058108
2513 0.01008270107713968
2514 0.01008145005485787
2515 0.01008016562810077
2516 0.01007894921828852
2517 0.01007772344845844
2518 0.0100765688338341
2519 0.01007538885132596
2520 0.01007425901299259
2521 0.01007308285576246
2522 0.01007197170630298
2523 0.01007075892315473
2524 0.01006964784017006
2525 0.01006854080745611
2526 0.01006749975699781
2527 0.01006644014293406
2528 0.01006542543320376
2529 0.01006432830355633
2530 0.01006335481399735
2531 0.01006234475420299
2532 0.01006137890988557
2533 0.01006040894632628
2534 0.01005952179954689
2535 0.01005861729830867
2536 0.01005778772934083
2537 0.01005691981348181
2538 0.01005609021493704
2539 0.01005526342165166
2540 0.0100545158580447
2541 0.0100537549988992
2542 0.0100530827130284
2543 0.01005240237633208
2544 0.01005180733362881
2545 0.01005119797655157
2546 0.01005064230080159
2547 0.01005008230942215
2548 0.01004957756546278
2549 0.01004911539224836
2550 0.01004875549477756
2551 0.01004839283069357
2552 0.01004812731296863
2553 0.01004777301539987
2554 0.01004764689744538
2555 0.0100474342633109
2556 0.01004720328234781
2557 0.01004703274674176
2558 0.01004694135861452
2559 0.01004683743063558
2560 0.01004693506937936
2561 0.010046999705254
2562 0.01004710018410475
2563 0.01004716394852128
2564 0.01004735029449566
2565 0.01004754011152709
2566 0.01004780390635357
2567 0.01004805964202059
2568 0.01004830886302963
2569 0.01004863562760916
2570 0.01004890581278226
2571 0.01004925275192511
2572 0.01004959295127759
2573 0.01004994788483522
2574 0.01005039825192804
2575 0.01005085900572159
2576 0.01005124591281933
2577 0.01005157420848624
2578 0.01005196507267091
2579 0.01005228059184141
2580 0.01005273732918979
2581 0.01005315471438635
2582 0.01005356327539204
2583 0.01005386318278254
2584 0.01005410173206127
2585 0.01005452375687043
2586 0.01005490028583991
2587 0.01005521083513174
2588 0.01005538940668875
2589 0.01005541233352141
2590 0.01005542919489177
2591 0.01005551422640454
2592 0.01005575570276425
2593 0.01005552821459868
2594 0.01005541696450361
2595 0.01005526410921218
2596 0.01005521975217982
2597 0.01005498452863664
2598 0.01005463204882765
2599 0.01005419583874297
2600 0.01005400728104339
2601 0.01005363940870517
2602 0.01005323739633355
2603 0.01005295773391796
2604 0.010052693772705
2605 0.01005235591345715
2606 0.01005206418035794
2607 0.01005173990703235
2608 0.01005146722842985
2609 0.0100511543807249
2610 0.01005081615105266
2611 0.01005050219815802
2612 0.01005024471613522
2613 0.01004988347616262
2614 0.01004943369188643
2615 0.01004923969093238
2616 0.01004911839855344
2617 0.01004874314683788
2618 0.01004857036706139
2619 0.01004821839508042
2620 0.01004793595180362
2621 0.01004760050007169
2622 0.01004732392285087
2623 0.01004711216920762
2624 0.01004693252959338
2625 0.01004668648703432
2626 0.01004646042682018
2627 0.01004624000525393
2628 0.01004608761489029
2629 0.01004593097889317
2630 0.01004584368172501
2631 0.01004574194712718
2632 0.01004558973046938
2633 0.01004562586444163
2634 0.01004564807615956
2635 0.01322414483062245
2636 0.01624545133218765
2637 0.01664440151412127
2638 0.01545163003613786
2639 0.01387513938687124
2640 0.01239588425258939
2641 0.01119013449404825
2642 0.01027485724794477
2643 0.009628733942759678
2644 0.009191545346842108
2645 0.00891690226178923
2646 0.008765079388492856
2647 0.008710310687633836
2648 0.008726434826284796
2649 0.008792283790392706
2650 0.008889809474763047
2651 0.009005765741659308
2652 0.009134661932986982
2653 0.009252378265861229
2654 0.00937273327117406
2655 0.009492354027883263
2656 0.009609202439037044
2657 0.00972022560485851
2658 0.009824599552518005
2659 0.009920001375727686
2660 0.01000749539589289
2661 0.01008628861037186
2662 0.01015686882248546
2663 0.01022072809211657
2664 0.01027512009151402
2665 0.01032223288147698
2666 0.0103622035726934
2667 0.0104013376026289
2668 0.01043182867444382
2669 0.0104548531811576
2670 0.01047235628133844
2671 0.01048505865373718
2672 0.01049360489203677
2673 0.01049811400261141
2674 0.01049949976883564
2675 0.01049761187620007
2676 0.01049368469268144
2677 0.01048740059017056
2678 0.01047825270069839
2679 0.01046877030429549
2680 0.01045858393530956
2681 0.01044757217314014
2682 0.01043678738394161
2683 0.01042605010390966
2684 0.01041581031008042
2685 0.01040607246239118
2686 0.01039730475360117
2687 0.01038919258340358
2688 0.01038235513801483
2689 0.01037636963915009
2690 0.01037168907945042
2691 0.0103679960853252
2692 0.01036554837099666
2693 0.01036399441880897
2694 0.01036344828079876
2695 0.01036352082226916
2696 0.01036435833251935
2697 0.01036546083356499
2698 0.01036720230525398
2699 0.01036884117726958
2700 0.01037087364137352
2701 0.01037240678921943
2702 0.01037437726301175
2703 0.01037562589398045
2704 0.01037714009038245
2705 0.01037802387700005
2706 0.01037911520889805
2707 0.01037949890257978
2708 0.01038006026991524
2709 0.01037996553325784
2710 0.01038010612010958
2711 0.01037959945630759
2712 0.01037935377020971
2713 0.01037851440285507
2714 0.01037803998784085
2715 0.01037705525188439
2716 0.01037646306620898
2717 0.01037537906476722
2718 0.01037472586239032
2719 0.01037368157290603
2720 0.01037308863677005
2721 0.01037210223152034
2722 0.01037161725121321
2723 0.01037069271362116
2724 0.0103703271562356
2725 0.01036954750479892
2726 0.01036929238542877
2727 0.010368658991572
2728 0.01036854344658512
2729 0.01036804668687006
2730 0.01036808330189447
2731 0.01036770024872151
2732 0.01036783298428401
2733 0.01036754324821666
2734 0.01036774775017161
2735 0.01036750251931943
2736 0.01036771905197004
2737 0.01036749242439897
2738 0.01036769880145612
2739 0.01036746830301971
2740 0.01036767451272697
2741 0.0103674437451932
2742 0.01036763077412383
2743 0.01036739713348513
2744 0.01036756846628427
2745 0.01036733175875938
2746 0.01036749125776355
2747 0.01036723434427622
2748 0.01036737439211016
2749 0.01036708939169527
2750 0.01036721209173023
2751 0.01036690188254761
2752 0.0103670018381409
2753 0.01036667243338405
2754 0.01036675012139596
2755 0.01036639475073755
2756 0.01036645552839013
2757 0.0103660959364389
2758 0.01036615336711155
2759 0.01036581199618496
2760 0.01036591097275807
2761 0.01036558732667052
2762 0.01036572131357117
2763 0.01036542098205541
2764 0.0103655949717122
2765 0.01036530745815523
2766 0.01036551192348458
2767 0.01036525204862762
2768 0.0103654855219999
2769 0.01036525797437333
2770 0.0103655121956249
2771 0.01036529981748983
2772 0.01036557327152083
2773 0.01036538183410141
2774 0.0103656688815013
2775 0.01036548889984791
2776 0.01036578343801553
2777 0.01036561510008752
2778 0.01036591522516833
2779 0.01036575234304369
2780 0.01036605341668884
2781 0.01036589369121189
2782 0.01036619347843033
2783 0.01036604023009796
2784 0.01036633212255696
2785 0.01036617909800891
2786 0.01036645858229072
2787 0.01036630745753258
2788 0.01036657151000235
2789 0.01036642117882931
2790 0.01036667618753837
2791 0.01036652322107731
2792 0.0103667781254325
2793 0.01036662111757461
2794 0.01036687796380041
2795 0.01036671976192029
2796 0.01036697889128337
2797 0.01036681939860958
2798 0.01036708194619253
2799 0.01036692312356823
2800 0.01036718938744617
2801 0.01036701892048987
2802 0.01036727998395555
2803 0.01036710991871427
2804 0.0103673762623076
2805 0.01036720094592194
2806 0.01036746956531647
2807 0.01036729288591235
2808 0.01036756992835894
2809 0.01036738756266291
2810 0.01036767423029019
2811 0.0103674827207321
2812 0.01036777183471612
2813 0.01036757361965063
2814 0.01036785633482586
2815 0.01036765522920544
2816 0.01036792810299136
2817 0.01036771919750107
2818 0.01036797897370037
2819 0.01036775973908556
2820 0.01036800525429203
2821 0.01036777334131019
2822 0.0103680018545683
2823 0.01036775697737687
2824 0.01036796671066769
2825 0.01036769953988382
2826 0.01036788460421257
2827 0.01036760486512416
2828 0.01036776967568071
2829 0.01036747863156569
2830 0.01036762195153211
2831 0.01036732335703787
2832 0.01036744547559215
2833 0.01036714377816221
2834 0.01036724846762926
2835 0.0103669417690934
2836 0.01036703938821125
2837 0.01036672567055438
2838 0.01036682329140403
2839 0.01036650756964302
2840 0.01036660938789455
2841 0.01036628883593757
2842 0.01036639424509699
2843 0.01036608218467468
2844 0.01036619876144091
2845 0.01036589690577977
2846 0.01036602761435588
2847 0.01036570831727164
2848 0.01036580825039463
2849 0.01036548834471339
2850 0.01036567801326192
2851 0.01036537656970894
2852 0.01036562185987525
2853 0.01036533227839903
2854 0.01036556785525141
2855 0.01036528534337897
2856 0.01036555011909187
2857 0.01036527838440157
2858 0.01036555173538792
2859 0.01036529648223682
2860 0.01036557660800919
2861 0.01036533597572807
2862 0.01036562417874424
2863 0.01036539442857579
2864 0.01036577275433066
2865 0.0103655720615573
2866 0.01036589330221554
2867 0.01036574267598695
2868 0.01036604620607346
2869 0.01036589502856009
2870 0.01036620869962292
2871 0.01036606474477544
2872 0.01036637292152723
2873 0.01036619502581386
2874 0.01036646452103279
2875 0.01036626503552091
2876 0.01036655599642253
2877 0.01036636149747273
2878 0.01036667516412888
2879 0.01036648704480589
2880 0.01036677297706348
2881 0.01036658093506045
2882 0.01036688213389857
2883 0.01036668362067363
2884 0.01036698298134871
2885 0.01036677844244249
2886 0.01036707541460678
2887 0.01036686589615601
2888 0.01036716124659771
2889 0.01036694677943298
2890 0.0103672385319314
2891 0.01036701864941974
2892 0.01036730658374609
2893 0.01036708021165243
2894 0.0103673646722687
2895 0.01036713089106013
2896 0.01036741297750017
2897 0.01036717080530279
2898 0.01036745240284273
2899 0.01036720111696065
2900 0.01036748416094629
2901 0.01036722536798545
2902 0.01036750596978854
2903 0.01036724545361845
2904 0.0103675181338253
2905 0.01036725908752009
2906 0.01036752546094248
2907 0.01036726634444421
2908 0.01036752828074943
2909 0.01036726845573062
2910 0.01036752667788009
2911 0.01036726544872437
2912 0.01036752062033111
2913 0.01036725808852463
2914 0.01036751034938782
2915 0.01036724715643944
2916 0.01036749629248065
2917 0.01036723350888215
2918 0.0103674787885563
2919 0.01036721778586732
2920 0.01036745814855082
2921 0.01036720069997466
2922 0.01036743528197393
2923 0.01036718216463948
2924 0.01036741307933369
2925 0.01036715828871531
2926 0.01036739155755168
2927 0.01036713143653893
2928 0.01036736817589979
2929 0.01036710451726628
2930 0.01036734319568149
2931 0.01036707737026947
2932 0.01036731704039679
2933 0.01036704957344562
2934 0.01036728951408407
2935 0.01036702060433275
2936 0.01036726071779247
2937 0.0103669901108885
2938 0.0103672307941073
2939 0.01036695778479732
2940 0.01036719992500558
2941 0.01036692347808224
2942 0.01036716833217606
2943 0.01036688712830138
2944 0.01036713616327695
2945 0.01036684953879492
2946 0.0103671025986199
2947 0.01036681376482034
2948 0.01036706377949476
2949 0.010366778555475
2950 0.0103670237119532
2951 0.01036674166894925
2952 0.01036698404507048
2953 0.01036670411495485
2954 0.01036694493264147
2955 0.01036666643055334
2956 0.01036690649433987
2957 0.01036662906959939
2958 0.01036686866819309
2959 0.01036659257737714
2960 0.01036683157788095
2961 0.01036655755078129
2962 0.01036679539839372
2963 0.01036652466714127
2964 0.01036676048980295
2965 0.01036649456255547
2966 0.01036672720651122
2967 0.01036646775564144
2968 0.01036669730045508
2969 0.01036644279452697
2970 0.01036667357623446
2971 0.01036641695131832
2972 0.01036665400201349
2973 0.01036639506137016
2974 0.010366637047113
2975 0.01036637786670115
2976 0.01036662402631866
2977 0.01036636551311072
2978 0.01036661498478651
2979 0.01036635779421953
2980 0.01036661027035067
2981 0.01036635442866707
2982 0.01036661007632354
2983 0.0103663551236836
2984 0.01036661456715929
2985 0.01036635955439907
2986 0.01036662374772149
2987 0.01036636730825092
2988 0.01036663748782081
2989 0.01036637809986986
2990 0.01036665542252637
2991 0.01036639375126527
2992 0.0103666739965264
2993 0.01036641509479524
2994 0.01036669193340436
2995 0.0103664386633891
2996 0.01036671286931442
2997 0.01036646309272283
2998 0.01036673615334425
2999 0.01036648884643718
3000 0.01036676119302881
3001 0.01036651527164233
3002 0.01036678704262297
3003 0.01036654201350115
3004 0.01036681283558876
3005 0.01036656873749351
3006 0.01036683779654888
3007 0.01036659511776216
3008 0.01036686117809485
3009 0.01036662081764298
3010 0.01036688236579196
3011 0.01036664554411066
3012 0.0103669012271102
3013 0.01036666865503293
3014 0.01036692017067388
3015 0.01036668589410525
3016 0.0103669389100683
3017 0.01036669855067403
3018 0.01036695435742473
3019 0.01036670952704031
3020 0.01036696644868491
3021 0.01036671857806129
3022 0.01036697576375672
3023 0.0103667254985339
3024 0.01036698231254872
3025 0.01036673001241389
3026 0.01036698644068269
3027 0.01036673196213743
3028 0.01036698849761964
3029 0.01036673128212484
3030 0.01036698889957574
3031 0.01036672801779223
3032 0.0103669880665528
3033 0.01036672232734641
3034 0.01036698639393429
3035 0.01036671514325696
3036 0.01036698334503734
3037 0.01036670969308861
3038 0.0103669751569637
3039 0.01036670501052304
3040 0.01036696561635358
3041 0.01036669883005326
3042 0.01036695667357624
3043 0.01036669217197561
3044 0.01036694851419943
3045 0.01036668551180197
3046 0.01036694109305703
3047 0.01036667919325592
3048 0.01036693429485282
3049 0.01036667363512885
3050 0.01036692803432922
3051 0.01036666921358759
3052 0.01036692222145372
3053 0.01036666625044611
3054 0.0103669167728625
3055 0.01036666495625459
3056 0.01036691164126498
3057 0.01036666545114742
3058 0.01036690807314519
3059 0.01036666602729157
3060 0.01036690858272994
3061 0.01036666337070108
3062 0.01036691084111003
3063 0.0103666618421492
3064 0.01036691278188223
3065 0.01036666187950138
3066 0.01036691532326162
3067 0.01036666331118719
3068 0.01036691824499607
3069 0.01036666562301217
3070 0.01036692157697663
3071 0.01036666828395781
3072 0.01036692532630088
3073 0.01036667084947583
3074 0.01036692952616362
3075 0.01036667291219029
3076 0.0103669341977728
3077 0.01036667413910435
3078 0.01036693931121175
3079 0.01036667435578835
3080 0.01036694472302398
3081 0.01036667551748186
3082 0.0103669473455479
3083 0.01036667896639777
3084 0.01036694587961334
3085 0.00914793947399003
3086 0.009130725400709548
3087 0.009349104166297213
3088 0.009349044693327049
3089 0.0093283073646301
3090 0.009281906099019544
3091 0.009306706212447799
3092 0.009374255252428198
3093 0.009514495240078431
3094 0.009664338410805993
3095 0.009834874352105722
3096 0.009984232424098523
3097 0.01011960007875315
3098 0.01022177411335454
3099 0.01028829147581848
3100 0.0103151626741085
3101 0.01031097833382517
3102 0.01029196158434827
3103 0.01025719050362209
3104 0.01020708429806666
3105 0.0101489937502464
3106 0.01008950335086729
3107 0.01002478831660988
3108 0.009959015372356684
3109 0.009898002340391137
3110 0.009846023829443549
3111 0.009800377107256283
3112 0.009765219978328183
3113 0.009736890031621773
3114 0.009718973090619505
3115 0.009711578352983504
3116 0.009711764485474369
3117 0.009721089363974006
3118 0.009736396280693515
3119 0.009759193418180484
3120 0.009785792333760529
3121 0.009817363694783414
3122 0.009850083344912657
3123 0.009885332722367697
3124 0.00991908356480003
3125 0.009953283113539747
3126 0.009984473071020379
3127 0.01001385060440017
3128 0.01003948054431862
3129 0.01006219967777186
3130 0.01008054201304476
3131 0.01009412641321634
3132 0.0101030460961965
3133 0.0101074717700595
3134 0.01010757314338516
3135 0.01010329353320706
3136 0.01009600656363599
3137 0.01008451030541829
3138 0.01007111152052666
3139 0.01005395314718032
3140 0.01003667813768676
3141 0.01001688567361352
3142 0.009997376716927355
3143 0.009976574700221784
3144 0.009956709422992266
3145 0.009936643261038252
3146 0.00991762996506472
3147 0.009899856558149216
3148 0.009883021640579883
3149 0.00986794100002383
3150 0.009853975545701636
3151 0.009842369803371819
3152 0.009831814282375818
3153 0.00982419783186249
3154 0.009817315065561029
3155 0.009813804354206413
3156 0.009810160092453533
3157 0.009810098957003511
3158 0.009809622135686135
3159 0.009812001736986514
3160 0.009814093676465012
3161 0.009818825448592531
3162 0.009822888978668077
3163 0.009828703332414984
3164 0.009834337273682459
3165 0.009840696385902809
3166 0.00984697073836544
3167 0.009853441382695281
3168 0.009859799185200807
3169 0.009865675404834634
3170 0.009871780100001787
3171 0.009876677556421829
3172 0.009882019777166883
3173 0.009885631763598208
3174 0.009889814785210499
3175 0.009892031885096212
3176 0.009894815089174091
3177 0.009895964063524748
3178 0.009897531904420503
3179 0.009897769865104619
3180 0.009898004827496238
3181 0.009897536085082299
3182 0.009896528853387508
3183 0.00989532907183901
3184 0.009893532476180508
3185 0.009891792651002002
3186 0.009889153780395477
3187 0.009887337067921602
3188 0.009884180516017131
3189 0.009882317809953073
3190 0.009878845751672463
3191 0.009877144806485945
3192 0.009873750392648055
3193 0.009872191489551169
3194 0.009869212262717333
3195 0.009867809364131768
3196 0.009865420160233635
3197 0.009864287918536068
3198 0.00986247983427355
3199 0.009861395225775022
3200 0.009860334083570194
3201 0.009859649547735968
3202 0.009859179137486239
3203 0.009858839094273146
3204 0.009859027544182143
3205 0.009858741740471376
3206 0.009859454077216813
3207 0.009859256387193371
3208 0.009860435802396204
3209 0.00986040808122445
3210 0.009861735569193451
3211 0.009861921028394994
3212 0.009863098788310746
3213 0.009863549608710909
3214 0.009864581067798877
3215 0.009865288317893328
3216 0.009865991230874515
3217 0.0098668524252131
3218 0.009867275314252098
3219 0.00986801467641998
3220 0.009868108568223767
3221 0.009868971858948351
3222 0.009868647222336732
3223 0.009869515458929999
3224 0.009868761928792819
3225 0.009869575368162289
3226 0.009868650559568884
3227 0.009869388737023864
3228 0.009868274818658844
3229 0.009868584129075784
3230 0.009867620757646821
3231 0.009867699284199694
3232 0.00986673612120411
3233 0.009866420126725842
3234 0.009865736568312706
3235 0.009865152316924183
3236 0.009864501807565842
3237 0.009863855168520574
3238 0.009863439808892019
3239 0.009862573931674204
3240 0.009862399667035865
3241 0.009861341423610209
3242 0.009861317293286596
3243 0.009860335155601283
3244 0.009860546641894247
3245 0.009859513496508607
3246 0.009859639414189429
3247 0.009858924062795656
3248 0.00985905487727089
3249 0.009858556943090704
3250 0.009858489888515133
3251 0.009858452621141087
3252 0.009858188648597886
3253 0.00985834541866428
3254 0.009858176993756153
3255 0.009858540083962686
3256 0.009858119859424403
3257 0.009858897229128406
3258 0.009858337870161139
3259 0.009859278354705221
3260 0.009858716078260974
3261 0.009859842849149855
3262 0.009859175578600061
3263 0.009860159376395148
3264 0.009859753696962891
3265 0.0098607322918986
3266 0.009860456688710002
3267 0.009861134383428479
3268 0.0098612523994269
3269 0.009861656646301035
3270 0.009861864244753936
3271 0.009862238408926185
3272 0.009862543803835428
3273 0.009862631340676803
3274 0.009863223798075567
3275 0.009863122868105258
3276 0.00873893341994268
3277 0.01301977778201962
3278 0.01447747197890804
3279 0.01416491328880797
3280 0.01323640954315553
3281 0.01221697692129952
3282 0.01131280543652018
3283 0.01063232826824347
3284 0.01000090319863279
3285 0.00953829653218137
3286 0.009238357203178629
3287 0.009079658671955516
3288 0.009021232115357552
3289 0.009037798097145883
3290 0.009103093846912515
3291 0.00920526116646461
3292 0.009326048792156844
3293 0.00945443397155708
3294 0.009583944976900752
3295 0.009706928630110712
3296 0.0098203028715133
3297 0.009921251979260344
3298 0.01000886037735808
3299 0.01008524170646164
3300 0.01014700649742018
3301 0.01018514635482099
3302 0.01022330501916912
3303 0.0102552979006407
3304 0.01028239324106642
3305 0.01030160569985081
3306 0.01031478864551412
3307 0.01032216629782971
3308 0.01032529096021706
3309 0.01032416955579159
3310 0.01032068947697347
3311 0.01031497892821063
3312 0.01030800385048857
3313 0.01030038027019983
3314 0.01029249701551437
3315 0.01028427698566837
3316 0.01027672984584023
3317 0.01026858483172783
3318 0.01026120070883828
3319 0.01025442536172052
3320 0.01024855929671189
3321 0.0102431997370062
3322 0.01023853034010911
3323 0.0102343758274568
3324 0.01023120265007522
3325 0.01022854666634528
3326 0.01022696057478137
3327 0.01022546991812541
3328 0.01022517187947301
3329 0.0102253346350146
3330 0.01022621430844164
3331 0.01022725755107645
3332 0.01022898277109161
3333 0.01023074037203454
3334 0.01023285695900951
3335 0.01023477449447609
3336 0.01023693281975477
3337 0.01023879722510563
3338 0.01024063062596324
3339 0.01024189398052422
3340 0.01024309823075342
3341 0.01024362076816025
3342 0.01024385783345882
3343 0.01024335813180943
3344 0.01024257419276437
3345 0.01024109599625126
3346 0.01023935578021766
3347 0.0102369430507641
3348 0.01023440481604244
3349 0.01023134102150952
3350 0.01022824140938544
3351 0.01022475721915025
3352 0.0102214742101257
3353 0.01021798112476911
3354 0.01021478327953388
3355 0.0102114642431241
3356 0.01020854645000504
3357 0.01020561864150664
3358 0.01020318025167249
3359 0.01020081764265217
3360 0.01019901736884636
3361 0.01019734719643862
3362 0.01019625478512035
3363 0.01019531438981769
3364 0.01019495429244953
3365 0.01019470174337193
3366 0.01019498126415636
3367 0.01019530349627018
3368 0.01019607477637151
3369 0.01019680911679314
3370 0.01019793916772098
3371 0.01019895317593446
3372 0.01020026290805946
3373 0.01020136849329314
3374 0.0102026460224894
3375 0.0102036864649475
3376 0.01020490988431363
3377 0.01020585819417896
3378 0.01020694177627084
3379 0.01020768982537495
3380 0.01020853230754339
3381 0.01020900940061669
3382 0.01020956901305051
3383 0.01020976220636602
3384 0.01021002874029854
3385 0.01020993084657131
3386 0.01020992129537924
3387 0.0102095378863338
3388 0.01020920406218285
3389 0.01020844308955849
3390 0.01020845811386134
3391 0.01020773247532481
3392 0.01020712105495242
3393 0.01020641921120417
3394 0.01020577081280022
3395 0.01020502434185505
3396 0.01020438280348888
3397 0.01020366345383735
3398 0.01020308237446935
3399 0.01020243030034746
3400 0.01020194665037339
3401 0.01020140139454779
3402 0.01020103770112274
3403 0.01020061356428723
3404 0.01020037228711215
3405 0.01020006835963298
3406 0.01019995678260352
3407 0.01019978354111883
3408 0.01019979825452151
3409 0.01019973622486614
3410 0.01019985315842651
3411 0.01019988486072562
3412 0.01020008561463036
3413 0.01020018768613026
3414 0.01020044927512788
3415 0.01020059507471154
3416 0.01020088678122996
3417 0.01020104407369366
3418 0.01020133762019708
3419 0.0102014932363384
3420 0.01020177093799545
3421 0.01020189909684839
3422 0.01020214072260492
3423 0.0102022260830644
3424 0.01020241964758067
3425 0.01020244984820238
3426 0.009402539561243461
3427 0.009456878513589785
3428 0.009708782881552091
3429 0.009698197742096687
3430 0.009583031281178994
3431 0.009459186962744649
3432 0.009393924163951973
3433 0.009371078520477425
3434 0.00942163341275901
3435 0.009511743726286853
3436 0.009627276474378594
3437 0.009754719036913863
3438 0.009866354017638506
3439 0.009975812000228517
3440 0.01006642245226194
3441 0.01013894019664261
3442 0.01018932388558193
3443 0.0102219689642039
3444 0.01023868785694009
3445 0.010238826954496
3446 0.01022565132289689
3447 0.01019938381544284
3448 0.01016674613043803
3449 0.01012963194776738
3450 0.01009147017976792
3451 0.01005404281173814
3452 0.01001991603671158
3453 0.009989605004530685
3454 0.009967917556867184
3455 0.009948140874789619
3456 0.009935012652331481
3457 0.009925570164982666
3458 0.009920014516271678
3459 0.009922011198562716
3460 0.009929340489674298
3461 0.009940957135229774
3462 0.009956830818770107
3463 0.009974026052904166
3464 0.009992124081724721
3465 0.01001093676847752
3466 0.01002957367532097
3467 0.01004726172848082
3468 0.01006329946811515
3469 0.01007720874210573
3470 0.01008876636286726
3471 0.0100977455432658
3472 0.01010324593759555
3473 0.01010507244125066
3474 0.01010363736061879
3475 0.0100990384428276
3476 0.01009149380813256
3477 0.01008120518508573
3478 0.01006863317022584
3479 0.01005425148881823
3480 0.01003802523516525
3481 0.010020479506874
3482 0.01000239388474094
3483 0.009984132945653788
3484 0.009966191833288623
3485 0.009948858110541619
3486 0.009932532963804126
3487 0.009917410696709511
3488 0.009903772595060719
3489 0.009891705526061537
3490 0.009881419453799323
3491 0.009872894075975185
3492 0.009866234577113287
3493 0.009861330708350456
3494 0.009858236022113435
3495 0.009856776272839362
3496 0.009856937730688299
3497 0.00985837094714255
3498 0.009861079685133297
3499 0.009864801029062861
3500 0.009869478685604543
3501 0.009874805080666701
3502 0.009880892419609004
3503 0.009887278364656816
3504 0.009893796297115908
3505 0.009900244210685307
3506 0.009906629583801065
3507 0.009912643658969432
3508 0.00991832935021404
3509 0.009923433981384377
3510 0.009928012926981498
3511 0.00993188502578967
3512 0.009935107650314757
3513 0.00993754280053925
3514 0.009939293866062182
3515 0.009940267366499382
3516 0.009940578746197033
3517 0.009940187725964444
3518 0.009939201870395927
3519 0.009937608699762042
3520 0.009935518756954552
3521 0.00993296160617655
3522 0.009930050547666755
3523 0.009926827685245231
3524 0.009923385485764989
3525 0.009919782086106419
3526 0.009916135516921465
3527 0.009912459302637334
3528 0.009908879509999944
3529 0.009905386166465895
3530 0.009902108571027704
3531 0.009899001103302711
3532 0.009896205604321551
3533 0.009893646892553157
3534 0.009891466893037234
3535 0.009889556536982071
3536 0.009888055651782874
3537 0.009886795403563122
3538 0.009885953725047081
3539 0.009885355427890232
3540 0.009885157275779363
3541 0.009885192144715425
3542 0.009885576270187785
3543 0.009886139012838633
3544 0.009886982103181247
3545 0.009887945232458466
3546 0.009889108848329194
3547 0.009890327203707302
3548 0.00989168076329615
3549 0.009893031962774289
3550 0.009894443389759018
3551 0.009895806720191264
3552 0.009897165234754769
3553 0.009898432641609722
3554 0.009899736054654201
3555 0.009900873674212595
3556 0.009901906490725056
3557 0.009902774220900938
3558 0.009903519234004796
3559 0.009904095783662782
3560 0.009904546105697336
3561 0.009904819880719255
3562 0.009904980492997491
3563 0.009904961290264183
3564 0.009904848820491913
3565 0.009904565103618047
3566 0.009904207149328373
3567 0.009903690823972224
3568 0.009903136287155053
3569 0.00990244161613409
3570 0.009901744473345454
3571 0.009900929470014955
3572 0.009900144345627044
3573 0.009899267262419142
3574 0.009898450584008615
3575 0.009897567441296024
3576 0.009896769676775585
3577 0.009895929940228421
3578 0.00989519337986311
3579 0.009894438974417216
3580 0.009893796201603414
3581 0.009893154731963541
3582 0.009892628260845809
3583 0.009892120703400259
3584 0.00989172345637848
3585 0.009891358528996084
3586 0.00989109393590655
3587 0.009890866022728434
3588 0.009890735213595601
3589 0.00989064220892855
3590 0.009890633618419789
3591 0.01015841805546224
3592 0.01557864683686325
3593 0.01721126699360525
3594 0.01647865067257877
3595 0.01496968436897446
3596 0.01359245528398711
3597 0.01218441710434946
3598 0.01102078949191868
3599 0.01017374835381967
3600 0.009600246615566427
3601 0.009243112771401753
3602 0.009052690192000754
3603 0.008983129707811238
3604 0.008992250161623389
3605 0.009061056765227804
3606 0.009168225019103797
3607 0.009277633560962775
3608 0.009402008952762414
3609 0.009535732972193733
3610 0.009673852907330487
3611 0.009808405469111544
3612 0.009938993169812078
3613 0.01005733147126818
3614 0.0101661846273273
3615 0.01026319124143308
3616 0.01034943070710043
3617 0.01042496506649237
3618 0.01048841556258836
3619 0.01053784665122514
3620 0.01057528933017182
3621 0.0106032802644081
3622 0.01062303323203614
3623 0.01063498584383336
3624 0.01064105637338277
3625 0.01064115957952888
3626 0.01063710830385507
3627 0.0106294813372084
3628 0.01061984627163778
3629 0.01060322262318438
3630 0.01058798110721016
3631 0.01057351788765258
3632 0.01056049000488106
3633 0.01054845728713445
3634 0.01053797979684178
3635 0.01052873582146578
3636 0.01052057805705927
3637 0.01051395130689043
3638 0.01050932608142054
3639 0.01050598149032949
3640 0.01050391109302979
3641 0.01050270376824298
3642 0.0105025406769742
3643 0.01050319667690897
3644 0.01050414545594669
3645 0.01050498173323523
3646 0.01050623157378908
3647 0.01050729948384153
3648 0.01050882992807529
3649 0.01051015798594859
3650 0.01051167666236072
3651 0.01051258937860739
3652 0.01051354898158053
3653 0.0105139828800064
3654 0.0105144978113555
3655 0.01051438834362598
3656 0.01051446794491741
3657 0.01051388819443636
3658 0.01051344533843097
3659 0.01051232326546659
3660 0.0105113275648055
3661 0.01050974376450852
3662 0.01050843256440732
3663 0.01050649190022348
3664 0.01050489116774947
3665 0.01050279090745649
3666 0.01050103477272036
3667 0.01049880497968478
3668 0.0104969789604305
3669 0.01049476384944695
3670 0.0104930145027043
3671 0.01049087396609814
3672 0.0104893870651195
3673 0.01048752558957525
3674 0.01048619146016777
3675 0.01048451364927382
3676 0.0104833193656261
3677 0.01048188722791729
3678 0.0104809840486689
3679 0.01047983350160679
3680 0.01047911048594979
3681 0.01047817726067284
3682 0.01047763041121448
3683 0.01047691598579488
3684 0.01047677279341893
3685 0.01047637203479999
3686 0.01047651152822371
3687 0.01047634744040531
3688 0.01047659682796855
3689 0.01047651897919714
3690 0.0104768999851911
3691 0.01047697977796302
3692 0.01047744495426066
3693 0.01047752072421686
3694 0.01047796985580438
3695 0.01047804707797246
3696 0.01047843052812475
3697 0.01047837263370686
3698 0.01047862940216982
3699 0.01047846724383265
3700 0.01047861580139583
3701 0.01047827698984643
3702 0.01047824898498414
3703 0.01047772016825852
3704 0.01047756203527741
3705 0.01047692311453266
3706 0.01047664414544133
3707 0.0104759870990195
3708 0.01047572336593726
3709 0.01047507539463758
3710 0.01047477173134873
3711 0.01047409204354645
3712 0.01047385393068506
3713 0.01047326101582362
3714 0.01047305300130318
3715 0.01047252540712949
3716 0.01047244971892358
3717 0.01047205794244102
3718 0.0104720595034388
3719 0.01047174444194691
3720 0.01047188357920147
3721 0.01047171959848101
3722 0.01047193447510606
3723 0.01047180562243418
3724 0.01047210084217396
3725 0.01047207116201831
3726 0.0104724158608579
3727 0.01047238779625547
3728 0.01047276827806914
3729 0.01047280995929525
3730 0.0104732280087625
3731 0.0104732414610619
3732 0.01047363191793551
3733 0.01047365828563716
3734 0.01047404631676689
3735 0.01047397331834218
3736 0.01047423831335089
3737 0.01047411704446815
3738 0.01047437410801842
3739 0.01047420898767774
3740 0.01047440736879496
3741 0.01047422871804598
3742 0.0104744324759155
3743 0.0104742072927659
3744 0.01047433058314903
3745 0.01047407896008868
3746 0.01047421223995886
3747 0.01047393773983323
3748 0.01047399031175869
3749 0.01047365904009537
3750 0.01047371388887954
3751 0.01047339722408525
3752 0.01047342499449123
3753 0.01047307876047984
3754 0.01047312055825892
3755 0.01047279051531074
3756 0.01047277651888007
3757 0.01047237554694355
3758 0.0104723787387537
3759 0.01047205668288467
3760 0.01047211301437394
3761 0.01047180980840457
3762 0.01047191866188207
3763 0.01047169230473378
3764 0.01047184006433455
3765 0.01047159887352623
3766 0.01047175751259441
3767 0.01047158260449116
3768 0.01047180307533459
3769 0.01047162859143628
3770 0.01047184870470016
3771 0.01047173323315989
3772 0.01047202014192174
3773 0.01047190369695779
3774 0.01047216214103423
3775 0.01047207204921757
3776 0.01047238059190495
3777 0.01047228896718783
3778 0.01047255594361079
3779 0.0104724642665751
3780 0.01047276993392854
3781 0.01047268345629791
3782 0.01047293611264507
3783 0.01047281331942268
3784 0.01047307712051653
3785 0.01047295358974003
3786 0.01047315708095594
3787 0.0104729808204591
3788 0.01047319936194704
3789 0.0104730504831724
3790 0.01047323786783744
3791 0.01047304854811212
3792 0.01047326219588356
3793 0.01047312261954039
3794 0.01047332898850429
3795 0.01047313665581507
3796 0.0104733286494697
3797 0.01047315393051162
3798 0.01047332863517477
3799 0.01047308300122945
3800 0.01047321273122396
3801 0.01047297557980361
3802 0.01047310814282678
3803 0.01047281685127163
3804 0.01047289982526898
3805 0.01047264246234834
3806 0.01047274752279983
3807 0.01047245316106884
3808 0.01047261407126715
3809 0.01047232220921586
3810 0.01047254647912036
3811 0.01047220987850646
3812 0.01047238627916286
3813 0.01047204956736004
3814 0.01047226294730049
3815 0.01047193158261437
3816 0.01047211740520945
3817 0.01047178094928295
3818 0.01047200714296346
3819 0.01047169752412123
3820 0.01047189906438248
3821 0.01047157240100036
3822 0.01047181209614365
3823 0.01047152699289744
3824 0.01047175181285085
3825 0.0104714398819183
3826 0.01047169453381885
3827 0.01047142933953668
3828 0.01047168482098692
3829 0.01047138993991705
3830 0.01047166092690204
3831 0.01047141280437591
3832 0.01047170364654124
3833 0.01047142573885621
3834 0.01047171074571537
3835 0.01047147612344384
3836 0.01047179779755483
3837 0.01047153709701029
3838 0.01047183406441019
3839 0.01047161010343059
3840 0.01047195196321936
3841 0.01047171097100441
3842 0.01047201575432995
3843 0.010471797413993
3844 0.01047214589514154
3845 0.01047192639755101
3846 0.01047223252695996
3847 0.01047201266818866
3848 0.01047235731212427
3849 0.0104721552844173
3850 0.01047245633619518
3851 0.01047222803813473
3852 0.01047256234570107
3853 0.01047236704391108
3854 0.01047266243550026
3855 0.01047242198315123
3856 0.01047274310912821
3857 0.01047254140845664
3858 0.01047283733092488
3859 0.01047258121878817
3860 0.01047288536498724
3861 0.01047266607807054
3862 0.01047296920748604
3863 0.010472695660902
3864 0.01047298184371932
3865 0.01047274218555989
3866 0.01047305180247452
3867 0.01047276125622135
3868 0.01047302937382185
3869 0.01047277178767236
3870 0.01047308105400751
3871 0.01047278461441441
3872 0.01047303914290547
3873 0.0104727682297626
3874 0.01047306807494942
3875 0.01047278243404961
3876 0.01047302536430774
3877 0.01047274326879192
3878 0.01047302935307154
3879 0.01047276440928479
3880 0.01047299636449392
3881 0.01047270491283377
3882 0.01047298037042564
3883 0.01047273394358252
3884 0.01047296177389362
3885 0.01047266433244949
3886 0.01047293346901427
3887 0.01047269174978308
3888 0.01047293186865562
3889 0.01047262959123107
3890 0.01047289401964755
3891 0.010472643941511
3892 0.01047291317606285
3893 0.01047260329922472
3894 0.01047286173260271
3895 0.01047260099322111
3896 0.01047290159091111
3897 0.01047258318467509
3898 0.01047283598470904
3899 0.01047256770376349
3900 0.01047288326024052
3901 0.01047256949884338
3902 0.01047281724749407
3903 0.0104725433955722
3904 0.01047285107752785
3905 0.01047256625678017
3906 0.0104728040012239
3907 0.01047252173542532
3908 0.01047281124077346
3909 0.01047256512979333
3910 0.01047278513296112
3911 0.01047249271143141
3912 0.01047276825457589
3913 0.01047254511606315
3914 0.01047275931901018
3915 0.01047245790407988
3916 0.01047272330551173
3917 0.01047248945248245
3918 0.01047273311515144
3919 0.01047241769151916
3920 0.01047267227572304
3921 0.01047241244789477
3922 0.01047270694846372
3923 0.01047236609985159
3924 0.01047260877608724
3925 0.0104723308939835
3926 0.01047265503632336
3927 0.01047230800278633
3928 0.01047254167480121
3929 0.01047225370880057
3930 0.01047256009383815
3931 0.01047226106855624
3932 0.01047247655646805
3933 0.01047217864045295
3934 0.01047245501490833
3935 0.01047222479104121
3936 0.01047241010691882
3937 0.01047210378744536
3938 0.0104723652883503
3939 0.01047215220034657
3940 0.01047236235301678
3941 0.01047204683901489
3942 0.01047230208773065
3943 0.01047205316655833
3944 0.01047235308958031
3945 0.01047200268593397
3946 0.01047224977021926
3947 0.01047197713739873
3948 0.01047232453121716
3949 0.01047198306043256
3950 0.01047222415141087
3951 0.01047194560982712
3952 0.01047225908768772
3953 0.01047201428329418
3954 0.01047222020284443
3955 0.01047193387943687
3956 0.01047221735077629
3957 0.01047203171693923
3958 0.01047224337238755
3959 0.01047195068011526
3960 0.01047222689385877
3961 0.01047200680191657
3962 0.01047231619290846
3963 0.01047198630066883
3964 0.01047225344532379
3965 0.01047200098060191
3966 0.01047236846699678
3967 0.01047204459269546
3968 0.01047230332316754
3969 0.01047204175795463
3970 0.01047237129401947
3971 0.01047214584844553
3972 0.01047236356716682
3973 0.01047209061938196
3974 0.01047238598609591
3975 0.01047221337579178
3976 0.01047243884785532
3977 0.0104721544914714
3978 0.01047243859636647
3979 0.01047222263756098
3980 0.01047254947231827
3981 0.01047221890971054
3982 0.01047248942973072
3983 0.01047223824430099
3984 0.0104726098874909
3985 0.01047229336544915
3986 0.01047254879211195
3987 0.01047228469200244
3988 0.01047260571316583
3989 0.01047239766324503
3990 0.01047260084489555
3991 0.01047232194894319
3992 0.01047260870672668
3993 0.01047243185912143
3994 0.01047266492444045
3995 0.01047236533460059
3996 0.01047263814238203
3997 0.01047240190082308
3998 0.01047274899703962
3999 0.01047239789533314
4000 0.01047265692772374
4001 0.01047239197237894
4002 0.01047274849009467
4003 0.01047244845020225
4004 0.01047268024953676
4005 0.01047240098984213
4006 0.01047269682283219
4007 0.01047250066740945
4008 0.01047269499041569
4009 0.01047240384009333
4010 0.01047267801279767
4011 0.01047247505159934
4012 0.01047272465648331
4013 0.01047240792082144
4014 0.01047266910641184
4015 0.01047241622350165
4016 0.01047275953356651
4017 0.01047240384556912
4018 0.01047265361912716
4019 0.01047238009688243
4020 0.01047272141707439
4021 0.01047241827663436
4022 0.01047264416899816
4023 0.01047235829959172
4024 0.01047264817578308
4025 0.01047244362298522
4026 0.0104726290272497
4027 0.01047233217423164
4028 0.01047260100101978
4029 0.01047239726539338
4030 0.01047263557558087
4031 0.01047231531769676
4032 0.01047257243055737
4033 0.01047231662800697
4034 0.01047265577627179
4035 0.01047229582378507
4036 0.01047254263971509
4037 0.0104722663312447
4038 0.01047260622869292
4039 0.01047230065828502
4040 0.01047252437461019
4041 0.009196870887711239
4042 0.01024034559142642
4043 0.01062634067293789
4044 0.01072700260874273
4045 0.0105967394989896
4046 0.01054837011107907
4047 0.01050715798310843
4048 0.01052147672326485
4049 0.01053752235623912
4050 0.01056394995561705
4051 0.01058378112093599
4052 0.01060457373966173
4053 0.01061418278215391
4054 0.01062097705486263
4055 0.0106182524944948
4056 0.01061462830320364
4057 0.01059697399220064
4058 0.01057676145659232
4059 0.01055346190721859
4060 0.01052857818936612
4061 0.0105016658288396
4062 0.01047374970121909
4063 0.01044552002545355
4064 0.01041765667801789
4065 0.01039131894155611
4066 0.01036694737380013
4067 0.01034292748161868
4068 0.01032121334324235
4069 0.01030124275073538
4070 0.01028358558304472
4071 0.01026703436052141
4072 0.01025215473794179
4073 0.01023898034672161
4074 0.01022773588550616
4075 0.01021772987492919
4076 0.01020941069647185
4077 0.01020314701061539
4078 0.01019762474502129
4079 0.01019307276319921
4080 0.01018872651887604
4081 0.01018540188907699
4082 0.01018288434365844
4083 0.01018102695291379
4084 0.01017995477872025
4085 0.01017951559805537
4086 0.01017931438585769
4087 0.01017946824694095
4088 0.01017947668185419
4089 0.01017943681994164
4090 0.01018055663175253
4091 0.01018012343818218
4092 0.01017863773510369
4093 0.0101758781947694
4094 0.01017241118464374
4095 0.01016832049732
4096 0.01016375073894684
4097 0.01015872686313776
4098 0.01015324081996936
4099 0.0101475287827858
4100 0.01014156761854907
4101 0.01013553203096104
4102 0.01012943383442628
4103 0.01012352719921168
4104 0.01011777425460249
4105 0.01011238108190458
4106 0.01010731909680077
4107 0.01010320019469593
4108 0.01009936610897255
4109 0.01009590895466148
4110 0.01009304484502147
4111 0.01009080906461098
4112 0.01008920173405108
4113 0.01008817901985797
4114 0.01008776592717671
4115 0.01008796247075402
4116 0.01008851563042452
4117 0.01008960548523395
4118 0.01009091962137568
4119 0.01009261545727756
4120 0.01009455303187643
4121 0.0100966749502478
4122 0.01009886616463542
4123 0.01010124156707973
4124 0.01010357086796716
4125 0.01010600736674292
4126 0.01010825567911278
4127 0.01011027022941867
4128 0.01011215586977037
4129 0.01011380980172149
4130 0.01011525829119211
4131 0.01011647897733151
4132 0.01011747178534904
4133 0.01011822123485956
4134 0.01011872440154764
4135 0.01011896078430433
4136 0.01011895690981804
4137 0.01011873410458175
4138 0.01011831032090415
4139 0.0101176836473444
4140 0.01011690043081223
4141 0.01011602364324095
4142 0.01011506083822446
4143 0.01011397969462596
4144 0.01011284488113141
4145 0.0101116505662988
4146 0.01011043726907644
4147 0.01010911228829488
4148 0.01010782420122782
4149 0.01010655884652906
4150 0.01010536529227876
4151 0.01010422770718774
4152 0.01010318608699348
4153 0.01010222733118974
4154 0.01010138909114478
4155 0.01010065295414748
4156 0.01010004958350703
4157 0.01009955694009204
4158 0.01009921737575383
4159 0.01009894677842375
4160 0.01009873063594976
4161 0.01009871805805242
4162 0.01009879815425825
4163 0.01009893334834232
4164 0.01009914432495398
4165 0.01009939844548103
4166 0.01009971289217665
4167 0.01010004959424559
4168 0.01010042317058234
4169 0.01010079812770307
4170 0.01010118720648036
4171 0.0101015570448278
4172 0.01010192508589096
4173 0.01010225852022967
4174 0.01010257483075596
4175 0.01010283986743791
4176 0.01010307476932744
4177 0.01010324634575668
4178 0.01010337574876207
4179 0.01010343868884405
4180 0.01010345877958557
4181 0.0101034092395804
4182 0.01010331362804014
4183 0.01010315015040125
4184 0.01010294453351132
4185 0.01010267391171324
4186 0.01010237210313765
4187 0.0101020111934549
4188 0.01010163669426108
4189 0.01010120614353721
4190 0.01010075323019426
4191 0.01010027306203881
4192 0.01009982643230973
4193 0.01009938838220359
4194 0.01009894176378595
4195 0.01009854609230443
4196 0.01009798028903519
4197 0.01009745174140094
4198 0.01009706047329795
4199 0.01009669634070152
4200 0.01009636398753912
4201 0.01009604120471371
4202 0.01009576342843441
4203 0.01009550784061409
4204 0.01009530627620729
4205 0.01009513603119595
4206 0.01009502587343088
4207 0.01009494545505104
4208 0.01009492189395376
4209 0.005156679978547216
4210 0.009137158566914341
4211 0.01082727188147189
4212 0.01156118206338663
4213 0.01155817352700258
4214 0.01138244208513741
4215 0.01114584617358408
4216 0.01093094574006524
4217 0.01071964064639497
4218 0.01053388107958734
4219 0.01037071934588893
4220 0.0102290890667026
4221 0.01011272776146026
4222 0.01002127234938318
4223 0.00995085397170708
4224 0.009904840476237308
4225 0.009876593573740483
4226 0.009865883224497923
4227 0.009869159232167943
4228 0.009883819127399156
4229 0.009907036972838302
4230 0.009935641608308902
4231 0.00996765946700795
4232 0.01000138584501545
4233 0.01003541790134751
4234 0.0100684866449846
4235 0.0100999762403025
4236 0.01012475911406523
4237 0.01014817922465307
4238 0.01017389360499203
4239 0.01019714532436725
4240 0.01021751501461686
4241 0.01023198081115814
4242 0.01024544954710639
4243 0.01025674246317507
4244 0.01026690026119937
4245 0.01027608297650588
4246 0.01028573566856635
4247 0.01029143387161268
4248 0.01029729159713597
4249 0.01030240426905766
4250 0.0103059835981571
4251 0.01030854026665893
4252 0.0103108104371982
4253 0.01031206126651737
4254 0.01031326738720175
4255 0.01031351665139298
4256 0.01031379194139492
4257 0.01031414997625143
4258 0.01031356964466552
4259 0.01031273686802517
4260 0.01031159166611769
4261 0.01031057474271011
4262 0.01030937978490237
4263 0.01030748040429393
4264 0.01030542049904108
4265 0.01030351403245422
4266 0.0103014359879056
4267 0.01029872090118958
4268 0.01029612063961114
4269 0.01029326461674732
4270 0.0102905510632633
4271 0.01028736183264565
4272 0.01028492800590407
4273 0.01028254579240776
4274 0.01028010253805119
4275 0.01027751393523908
4276 0.01027506163375538
4277 0.01027312206894893
4278 0.01027143341258949
4279 0.01026978313183595
4280 0.01026825437844867
4281 0.01026718121489391
4282 0.01026632833224474
4283 0.01026540379517129
4284 0.01026482990906454
4285 0.01026434700771735
4286 0.01026424832109498
4287 0.01026405735340611
4288 0.01026410411278695
4289 0.01026425215914675
4290 0.01026472120257535
4291 0.01026501918227042
4292 0.01026561723118783
4293 0.01026621793646789
4294 0.01026710786618327
4295 0.01026794672931083
4296 0.0102690748270669
4297 0.01027000838485278
4298 0.01027120538181189
4299 0.01027201255248654
4300 0.01027297722515617
4301 0.01027366483600384
4302 0.01027442913980881
4303 0.01027482288122561
4304 0.01027535316652985
4305 0.01027574385855029
4306 0.01027622959015222
4307 0.01027628058356016
4308 0.01027640903811991
4309 0.01027634960455858
4310 0.0102764103388702
4311 0.01027609712036029
4312 0.01027588123880245
4313 0.0102754977218544
4314 0.01027523420374202
4315 0.01027462328253679
4316 0.01027413986659449
4317 0.01027351717763421
4318 0.01027305765429189
4319 0.01027228094403651
4320 0.0102716560291175
4321 0.0102709299879534
4322 0.01027040374305298
4323 0.01026959765656821
4324 0.01026897751128689
4325 0.01026828683394364
4326 0.01026782953340723
4327 0.01026712051960811
4328 0.01026662475714372
4329 0.01026608557000236
4330 0.01026579440518117
4331 0.01026527302600148
4332 0.01026498673940446
4333 0.01026467167162622
4334 0.0102646215738065
4335 0.01026435569820025
4336 0.01026431787339045
4337 0.01026424574220866
4338 0.01026443757459476
4339 0.01026439717472608
4340 0.01026459015906134
4341 0.0102647400948059
4342 0.01026513915668369
4343 0.01026528631701707
4344 0.01026564369038999
4345 0.01026593723604094
4346 0.01026645776435623
4347 0.01026670449277022
4348 0.01026713789717709
4349 0.0102674842236599
4350 0.01026803456379908
4351 0.01026829019931715
4352 0.01026871488394404
4353 0.0102690330237659
4354 0.01026953738635072
4355 0.01026972916658008
4356 0.01027007345948385
4357 0.01027029812144669
4358 0.01027069631917181
4359 0.01027077178287649
4360 0.01027099177527009
4361 0.01027108297346592
4362 0.01027134516083553
4363 0.01027128258752394
4364 0.01027136226206752
4365 0.0102713147451749
4366 0.01027143748402884
4367 0.01027123471495535
4368 0.01027112787848645
4369 0.01027107465316744
4370 0.01027107565249018
4371 0.009386671289684852
4372 0.009199542574765596
4373 0.009157554822797394
4374 0.009277568885523352
4375 0.009369196058059217
4376 0.009535969003784542
4377 0.009665731480174806
4378 0.009808400951609057
4379 0.009934880468425646
4380 0.01005487186476385
4381 0.01014774567218362
4382 0.01022733584773836
4383 0.01028764395565733
4384 0.01032964861983109
4385 0.01035128279007776
4386 0.01035731900404933
4387 0.01034828517582877
4388 0.01032670977637316
4389 0.01030562337872184
4390 0.01027414383659025
4391 0.01023595069727952
4392 0.01019646302917772
4393 0.01015710721320574
4394 0.01011953084170767
4395 0.01008496054305884
4396 0.01005488019912093
4397 0.01003102392641113
4398 0.01001450457175164
4399 0.01000530988063898
4400 0.01000251313575415
4401 0.01000623753098971
4402 0.01001612676774236
4403 0.01002987785765276
4404 0.01004845032763655
4405 0.01006958252839973
4406 0.01009331796407126
4407 0.01011784758103398
4408 0.010143027272552
4409 0.01016710412352932
4410 0.01019004600195325
4411 0.01021080683264042
4412 0.01022856213915602
4413 0.01024350438870856
4414 0.01025535128549485
4415 0.01026435253360704
4416 0.01027049076408737
4417 0.01027335927938563
4418 0.01027299930471517
4419 0.0102700312759643
4420 0.010264919589373
4421 0.01025742868601003
4422 0.01024882929199452
4423 0.01023850660990993
4424 0.01022765009975447
4425 0.01021577223625812
4426 0.01020396255178606
4427 0.01019193784070929
4428 0.01018050475187098
4429 0.0101692159664494
4430 0.0101590181727571
4431 0.01014946100962735
4432 0.01014120841584545
4433 0.01013372774647862
4434 0.01012777324107108
4435 0.01012275674239802
4436 0.0101192041878622
4437 0.01011637424923828
4438 0.01011504907394607
4439 0.01011433773524045
4440 0.01011480094032663
4441 0.01011555092066292
4442 0.01011738795565176
4443 0.01011934940198
4444 0.01012200359213372
4445 0.01012465458083242
4446 0.01012785902805138
4447 0.0101308267073482
4448 0.01013401037960938
4449 0.01013674986493509
4450 0.01013968616940602
4451 0.01014210779629569
4452 0.01014448508917781
4453 0.01014620910246695
4454 0.01014796202203664
4455 0.01014911087731931
4456 0.01015012736889132
4457 0.01015047122395493
4458 0.01015086338266472
4459 0.01015070567382066
4460 0.01015048199352573
4461 0.01014971376609396
4462 0.01014910635954396
4463 0.01014811309634258
4464 0.01014716986148071
4465 0.01014582032661117
4466 0.01014481637936077
4467 0.01014351261040131
4468 0.01014241890313
4469 0.01014102624702077
4470 0.01014011997452516
4471 0.01013898915932891
4472 0.01013818182306987
4473 0.01013715897101222
4474 0.01013658524903678
4475 0.01013596980036648
4476 0.01013548526555817
4477 0.01013485240923133
4478 0.0101347896149495
4479 0.01013462103071106
4480 0.01013468053214804
4481 0.010134541902228
4482 0.01013484776331938
4483 0.01013497367719577
4484 0.0101352813115569
4485 0.0101353518202203
4486 0.01013581435978687
4487 0.01013604479806732
4488 0.0101364047179403
4489 0.01013650162340453
4490 0.0101369387954486
4491 0.01013710184227722
4492 0.01013737692360217
4493 0.01013733351791726
4494 0.01013764423469177
4495 0.01013765154010477
4496 0.01013776554415436
4497 0.01013756038023823
4498 0.0101377035283064
4499 0.01013755529524409
4500 0.01013752748135431
4501 0.01013719145764747
4502 0.01013723442256818
4503 0.01013695281819412
4504 0.01013675939163409
4505 0.01013637834665699
4506 0.01013637010983047
4507 0.01013608637784206
4508 0.01013595648651783
4509 0.01013554638716467
4510 0.01013553239901573
4511 0.01013527541426906
4512 0.01013518394362952
4513 0.01013482719517084
4514 0.01013487770508148
4515 0.01013469015826299
4516 0.0101346751933301
4517 0.01013439629709549
4518 0.01013453156935888
4519 0.01013442815401588
4520 0.01013449760909351
4521 0.01013430357406794
4522 0.01013451746952482
4523 0.01013448604379978
4524 0.01013462352129459
4525 0.01013448702037519
4526 0.01013475135518697
4527 0.01013477002813201
4528 0.01013495023384335
4529 0.0101348819018444
4530 0.01013511454413513
4531 0.01013508541692997
4532 0.01013527769885521
4533 0.01013518821263051
4534 0.01013548320675633
4535 0.01013550239438603
4536 0.009520443787426055
4537 0.0121309978912784
4538 0.01350569852605164
4539 0.01380425391386996
4540 0.01353677839641794
4541 0.0130380631646282
4542 0.01244838619203585
4543 0.01188552227563737
4544 0.01138688881038824
4545 0.0109399086905076
4546 0.0105794912848626
4547 0.0103154899388613
4548 0.01013781452719017
4549 0.01003348810813278
4550 0.009995591680613539
4551 0.0100072270228018
4552 0.01004768905980283
4553 0.010121071114279
4554 0.0102021906268928
4555 0.01029272513450864
4556 0.01039898450185683
4557 0.0104993333412491
4558 0.01060180730320115
4559 0.01070035823717913
4560 0.01079220130018469
4561 0.0108680219634682
4562 0.01092931636307059
4563 0.01097412729500491
4564 0.01101339078448686
4565 0.01104015461658091
4566 0.01105886112050932
4567 0.01106676793774911
4568 0.01106951127429465
4569 0.01106734402313712
4570 0.01106209960100599
4571 0.01105634697898634
4572 0.01104778867874238
4573 0.01103530878566903
4574 0.01102510837452495
4575 0.01102028372066487
4576 0.01101872832487339
4577 0.01101638625302857
4578 0.0110174515445964
4579 0.01102046906747861
4580 0.01102829760370059
4581 0.01103786453534646
4582 0.01104579251752302
4583 0.01105258652129992
4584 0.01106207975468218
4585 0.01107019297043054
4586 0.01107891007169082
4587 0.01108696335914476
4588 0.01109531739930818
4589 0.01110224231940341
4590 0.01110953800758697
4591 0.01111770745545808
4592 0.01112697412152841
4593 0.0111334277788364
4594 0.01113721658853774
4595 0.0111413987011028
4596 0.01114615559231364
4597 0.01114914706350147
4598 0.01115060467043333
4599 0.01115117746415209
4600 0.01115156749508567
4601 0.01115110028703334
4602 0.01115048987338358
4603 0.01114869117732414
4604 0.0111465684481646
4605 0.01114411389296415
4606 0.01114147232082827
4607 0.01113905311216687
4608 0.01113664965616266
4609 0.01113479699014045
4610 0.01113302224965898
4611 0.0111310704071178
4612 0.01112894083504844
4613 0.01112703972619369
4614 0.01112455714772578
4615 0.01112293150593211
4616 0.01112247164708848
4617 0.01112170894027168
4618 0.0111209167301856
4619 0.01112011154788144
4620 0.0111209232642567
4621 0.01112210228203747
4622 0.01112304120191306
4623 0.01112400240681424
4624 0.01112499634917678
4625 0.0111261499222534
4626 0.01112756739046634
4627 0.01112903772695384
4628 0.01113071654784265
4629 0.01113235245559773
4630 0.01113413808749285
4631 0.01113580051268358
4632 0.01113755467595413
4633 0.01113915085202639
4634 0.01114076277344554
4635 0.01114217166593813
4636 0.01114364172746412
4637 0.01114480416045809
4638 0.01114602061805389
4639 0.01114692886774505
4640 0.01114786604651258
4641 0.01114842995506546
4642 0.01114903405670081
4643 0.0111493073123455
4644 0.01114962667969123
4645 0.01114962857570438
4646 0.01114971327312113
4647 0.01114950914957046
4648 0.01114942964555815
4649 0.01114905422812876
4650 0.01114885824771654
4651 0.01114842533484044
4652 0.0111481855585154
4653 0.0111477049521921
4654 0.0111474262181707
4655 0.0111469000887364
4656 0.01114656838639775
4657 0.01114601969485761
4658 0.01114563253046298
4659 0.01114498547174992
4660 0.01114456315600388
4661 0.01114391456897794
4662 0.01114350846512151
4663 0.011142859436674
4664 0.01114244937869781
4665 0.01114179909587677
4666 0.01114138503512224
4667 0.01114073864948864
4668 0.01114034600291449
4669 0.01113973445253848
4670 0.01113939764590444
4671 0.01113885316328983
4672 0.01113858108054948
4673 0.01113808944312393
4674 0.01113787527566596
4675 0.01113745148428147
4676 0.01113732562387314
4677 0.01113700136047082
4678 0.01113697668743563
4679 0.01113675408310767
4680 0.01113682574162365
4681 0.01113668233896445
4682 0.01113682859209833
4683 0.011136756988662
4684 0.01113697619997446
4685 0.01113697062268762
4686 0.01113725913051472
4687 0.0111373322957777
4688 0.01113769696843737
4689 0.01113784480176292
4690 0.01113828184033215
4691 0.01113849827957018
4692 0.01113899426897534
4693 0.01113925562110997
4694 0.01113977819001021
4695 0.01114004115065306
4696 0.01114054517004421
4697 0.01114078927966211
4698 0.01114129111637924
4699 0.01114154101580204
4700 0.01114204738617546
4701 0.01114229018068643
4702 0.01114277480013609
4703 0.01114296390662349
4704 0.01114335817270537
4705 0.01114344333883298
4706 0.01114373833115907
4707 0.01114371530822079
4708 0.01114388871413513
4709 0.01114373866486663
4710 0.01114379352238837
4711 0.01114353872211315
4712 0.01114350767373759
4713 0.01114318733539325
4714 0.01114310349318173
4715 0.01114275392336071
4716 0.01114265448750332
4717 0.01114229968481749
4718 0.01114220334766321
4719 0.01114185470775519
4720 0.01114176316805685
4721 0.01114142367029539
4722 0.01114134824482194
4723 0.01125275644418056
4724 0.01271893309731861
4725 0.01344214504317727
4726 0.01392281620302649
4727 0.01398896730054502
4728 0.01379847405350848
4729 0.01347299445576207
4730 0.01310187524901268
4731 0.0127032734216316
4732 0.01232801554359583
4733 0.01199033344621269
4734 0.01169899656344567
4735 0.01144655052327763
4736 0.01123958679089383
4737 0.01107471572239203
4738 0.0109342288546894
4739 0.01081687170579212
4740 0.01072775348760829
4741 0.01065416731236125
4742 0.0105967926528877
4743 0.01055607933720301
4744 0.01053114010995551
4745 0.01051901308179247
4746 0.01051652377796457
4747 0.01052590911763832
4748 0.01054015251942378
4749 0.01055938660900963
4750 0.01057821413353897
4751 0.01059451806243963
4752 0.01060914485414485
4753 0.01062245859961709
4754 0.01063536372254568
4755 0.01064590253559851
4756 0.01065544748852857
4757 0.01066131306479714
4758 0.01066568712036849
4759 0.0106674523859442
4760 0.01066553879321117
4761 0.01066088002140973
4762 0.01065483892767402
4763 0.01064620426494183
4764 0.01063602503968695
4765 0.01062395239831019
4766 0.01061073484292436
4767 0.01059600977651766
4768 0.01058046988665687
4769 0.01056477786004245
4770 0.01054846723995595
4771 0.010532208738358
4772 0.01051547588833424
4773 0.01049967119455684
4774 0.01048420279161086
4775 0.01046978937100483
4776 0.01045582312893817
4777 0.01044312187649614
4778 0.0104310960984469
4779 0.01042066382094752
4780 0.01041079910873208
4781 0.01040242955627679
4782 0.01039471893601036
4783 0.01038847602771639
4784 0.01038277333172198
4785 0.01037840355303431
4786 0.01037537321158019
4787 0.01037358433674484
4788 0.01037168920989614
4789 0.01037091675309753
4790 0.01037113174615465
4791 0.01037228764746467
4792 0.01037303117116675
4793 0.01037460969457371
4794 0.01037603819164145
4795 0.01037827488905782
4796 0.01038036281483008
4797 0.01038297534044546
4798 0.0103850783911423
4799 0.0103875619968912
4800 0.01038950504550439
4801 0.01039158517789801
4802 0.01039299422560806
4803 0.01039454348195662
4804 0.01039538768603513
4805 0.01039629195107097
4806 0.01039650072543807
4807 0.01039680865416036
4808 0.01039642045376458
4809 0.01039604591202841
4810 0.01039509663471174
4811 0.01039429542245077
4812 0.01039289785258187
4813 0.01039161536371724
4814 0.0103898031215541
4815 0.01038820145618975
4816 0.01038609072474207
4817 0.01038426390300288
4818 0.0103820055369867
4819 0.01038010270307139
4820 0.01037782518516533
4821 0.01037596026691588
4822 0.01037376730657135
4823 0.01037201756924582
4824 0.0103699835742313
4825 0.01036845099150978
4826 0.0103666452915229
4827 0.01036531272224802
4828 0.01036374132340861
4829 0.01036270001726004
4830 0.01036142402067059
4831 0.01036063079453713
4832 0.01035962766790003
4833 0.01035913582530402
4834 0.01035840178695407
4835 0.01035818340847345
4836 0.01035770590532099
4837 0.01035770370703278
4838 0.01035742849877895
4839 0.01035764626558537
4840 0.01035756039746044
4841 0.0103578884401843
4842 0.01035792215525251
4843 0.01035836590510891
4844 0.01035845810891064
4845 0.01035895661623441
4846 0.01035908588075514
4847 0.01035957988276425
4848 0.01035967679017447
4849 0.0103601514523913
4850 0.01036022012862854
4851 0.01036058562759968
4852 0.01036055743381229
4853 0.01036084838398877
4854 0.01036071387482079
4855 0.01036090628761198
4856 0.01036066258240434
4857 0.01036071497333503
4858 0.01036034744209837
4859 0.01036031510483828
4860 0.01035985123206514
4861 0.01035967745105446
4862 0.01035911612098163
4863 0.01035887532438833
4864 0.01035822165219672
4865 0.01035792385377106
4866 0.01035722409085434
4867 0.0103568778776631
4868 0.01035613215754543
4869 0.0103557800208011
4870 0.01035505802700512
4871 0.01035468280959313
4872 0.01035395308867727
4873 0.01035363478051908
4874 0.01035295485786654
4875 0.01035265079893928
4876 0.01035200562082133
4877 0.01035178412033602
4878 0.01035122132639901
4879 0.01035103472090936
4880 0.01035053156889777
4881 0.01035044415594407
4882 0.01035001835062049
4883 0.01035000147853342
4884 0.01034963924105436
4885 0.01034970836531042
4886 0.01034943493590494
4887 0.010349549621914
4888 0.01034932700574689
4889 0.01034953465221391
4890 0.01034939453312269
4891 0.01034962298491867
4892 0.01034952062397397
4893 0.01034981449170717
4894 0.01034974848458895
4895 0.01035007091916686
4896 0.01035001834384522
4897 0.01035036342326264
4898 0.01035033734620086
4899 0.01035067793620326
4900 0.0103506362562315
4901 0.01035099029141973
4902 0.01035096391534858
4903 0.01035127239677688
4904 0.01035122481563501
4905 0.01035153471146585
4906 0.01035145507530055
4907 0.01035175207291255
4908 0.01035165029317175
4909 0.01035189807277921
4910 0.0103517585955553
4911 0.01035199587939973
4912 0.01035170095120026
4913 0.01035192372526923
4914 0.0103516978105705
4915 0.01035200378832783
4916 0.010351713822264
4917 0.010351980867972
4918 0.01035167929467921
4919 0.01035194598814146
4920 0.01035162146228342
4921 0.01035184240377727
4922 0.0103515124948857
4923 0.01035175701292173
4924 0.01035140152612721
4925 0.01035156095791295
4926 0.01035122647972834
4927 0.01035140957063341
4928 0.01035102879853988
4929 0.0103512241084419
4930 0.01035084097422997
4931 0.01035100718953802
4932 0.01035061515553479
4933 0.0103508206188744
4934 0.01035043737324882
4935 0.01035058414611041
4936 0.01035021540821322
4937 0.01035042096853453
4938 0.01035004433338433
4939 0.01035021117023676
4940 0.01034984435167753
4941 0.01035006624713068
4942 0.01034970209905869
4943 0.01034987107927343
4944 0.0103495389504253
4945 0.01034975655538903
4946 0.01034941646821991
4947 0.0103496488380304
4948 0.01034931118977862
4949 0.01034956717024991
4950 0.01034925569921518
4951 0.01034950708486189
4952 0.01034919674419896
4953 0.01034949190189835
4954 0.01034920529091465
4955 0.01034945742857947
4956 0.01034919230825832
4957 0.01034949442130289
4958 0.01034922901626631
4959 0.01034951581103383
4960 0.01034925477776071
4961 0.01034959074744476
4962 0.01034934143622776
4963 0.01034962166270785
4964 0.01034940216268657
4965 0.01034971751200467
4966 0.01034947889245601
4967 0.01034981904240185
4968 0.01034957274014296
4969 0.01034989190622806
4970 0.01034965415507
4971 0.01035000866570116
4972 0.01034976264810179
4973 0.01035005571895146
4974 0.01034983363965173
4975 0.01035017964012318
4976 0.01034992750165697
4977 0.01035022158670226
4978 0.01034998741245195
4979 0.01035032559923156
4980 0.01035006229118177
4981 0.01035034633086385
4982 0.01035010264630769
4983 0.01035042268929161
4984 0.01035015274976168
4985 0.01035043174994704
4986 0.01035016756949368
4987 0.01035048472455944
4988 0.01035020338305709
4989 0.01035045968266989
4990 0.01035020759385005
4991 0.01035048347488544
4992 0.01035018980017789
4993 0.01035048371691979
4994 0.01035019011119623
4995 0.01035046598570023
4996 0.01035016925021918
4997 0.01035045679333407
4998 0.01035015901484636
4999 0.01035043079330842
5000 0.01035012659888672
5001 0.0103504120255602
5002 0.01035011065736174
5003 0.01035037273026209
5004 0.01035006294437205
5005 0.01035035224876601
5006 0.01035005014567772
5007 0.01035030192914244
5008 0.01034998870222844
5009 0.01035028351541227
5010 0.01034997785968681
5011 0.01035019828197213
5012 0.01034990933441399
5013 0.01035017489069781
5014 0.01034986184203269
5015 0.01035010323301459
5016 0.01034977433717257
5017 0.01035004568048489
5018 0.01034972576732633
5019 0.01034993689656949
5020 0.01034962312584219
5021 0.01034988451973802
5022 0.01034956353337254
5023 0.0103497772943343
5024 0.01034945966028695
5025 0.01034972524857516
5026 0.01034940861543339
5027 0.01034962590367149
5028 0.01034932275374047
5029 0.01034958737798546
5030 0.01034928095871246
5031 0.01034951546952088
5032 0.01034921242078464
5033 0.0103494985631009
5034 0.0103492040934194
5035 0.01034943803912288
5036 0.01034916494839652
5037 0.01034943915274228
5038 0.01034915160580814
5039 0.01034943250049928
5040 0.01034913889048011
5041 0.01034943116681829
5042 0.01034915319106339
5043 0.01034943092318714
5044 0.01034914508397261
5045 0.01034946022352644
5046 0.01034918670720812
5047 0.01034944388806357
5048 0.01034919325180969
5049 0.01034948439799074
5050 0.01034921299915347
5051 0.0103495076023291
5052 0.01034922640699689
5053 0.01034953418576295
5054 0.01034926348859896
5055 0.01034954083035932
5056 0.01034926593810031
5057 0.01034958270035261
5058 0.01034931149485978
5059 0.01034956588019455
5060 0.01034931751301346
5061 0.01034960175501774
5062 0.01034932568862542
5063 0.01034962999357883
5064 0.01034934669633036
5065 0.01034962201910817
5066 0.01034934578240738
5067 0.01034966170428256
5068 0.01034937950688927
5069 0.01034963093739351
5070 0.01034938196912442
5071 0.01034968010007523
5072 0.01034939964753277
5073 0.01034967566406217
5074 0.01034940257767985
5075 0.01034971921446149
5076 0.0103494434092572
5077 0.01034969785970797
5078 0.01034945976249653
5079 0.01034974834313114
5080 0.01034947403873332
5081 0.01034978059138009
5082 0.01034951154398019
5083 0.01034980868667278
5084 0.01034953937722095
5085 0.01034985228483146
5086 0.01034959076018593
5087 0.01034988642332641
5088 0.01034962039986868
5089 0.01034994812876214
5090 0.0103496884769259
5091 0.0103499707545526
5092 0.01034971481270126
5093 0.01035005117786307
5094 0.01034979614251612
5095 0.01035006029051624
5096 0.01034983306229273
5097 0.01035013491849001
5098 0.01034987722914528
5099 0.01035019200414309
5100 0.01034992142898524
5101 0.01035021255961973
5102 0.01034994765384486
5103 0.01035026695851513
5104 0.01034998986859395
5105 0.01035024175977469
5106 0.01034999167117777
5107 0.01035027973229982
5108 0.01034998866221134
5109 0.01035026024039097
5110 0.0103499734462922
5111 0.01035026828578904
5112 0.0103499732820071
5113 0.0103502167351296
5114 0.01034994709219438
5115 0.01035022625131306
5116 0.01034992859035527
5117 0.01035018660823971
5118 0.01034989951632038
5119 0.01035019197899188
5120 0.01034989652449099
5121 0.01035013756758027
5122 0.01034988040535053
5123 0.01035014390574105
5124 0.01034985125223189
5125 0.0103501407707697
5126 0.01034985386250971
5127 0.0103501169220846
5128 0.01034982554366711
5129 0.01035013204742702
5130 0.01034984752783935
5131 0.01035009104951799
5132 0.01034981389520542
5133 0.0103501200769241
5134 0.01034983525336663
5135 0.01035007783337112
5136 0.01034980552278759
5137 0.01035010045506033
5138 0.01034981710380618
5139 0.01035006756634762
5140 0.01034978147653473
5141 0.01035008424101445
5142 0.01034979694934405
5143 0.01035003360032528
5144 0.01034976593349743
5145 0.01035003479415511
5146 0.01034974465488171
5147 0.01035001831222564
5148 0.01034971324637199
5149 0.01034998689587617
5150 0.01034969286697067
5151 0.01034996007795226
5152 0.01034965460435825
5153 0.01034993203951208
5154 0.01034963696018174
5155 0.01034988830508661
5156 0.01034958466217059
5157 0.01034987650505309
5158 0.01034958063829123
5159 0.01034980905982813
5160 0.01034954082115538
5161 0.01034979848717004
5162 0.01034950519524692
5163 0.01034978413154992
5164 0.01034948390676437
5165 0.01034974567912544
5166 0.01034945601647326
5167 0.01034975314566988
5168 0.01034945781161319
5169 0.01034970647563128
5170 0.01034943566348376
5171 0.01034974038992375
5172 0.01034945480624872
5173 0.01017494183652898
5174 0.01113477720751402
5175 0.01142462747899515
5176 0.01172136063954806
5177 0.01182742997694825
5178 0.01185103597436269
5179 0.01180657853296273
5180 0.01171875120327032
5181 0.01159754962045251
5182 0.01146729452394073
5183 0.01132622829759058
5184 0.01118641794962295
5185 0.01104782268241833
5186 0.01092012394169202
5187 0.01080607370807182
5188 0.01070788455148544
5189 0.01062314066884376
5190 0.01055060995542768
5191 0.01049022959689593
5192 0.01044217977713728
5193 0.01040684370741853
5194 0.01038101519564184
5195 0.01036394039923936
5196 0.0103544559211409
5197 0.01035237038453045
5198 0.01035510630508071
5199 0.01036153372738224
5200 0.01037140301780114
5201 0.01038344355683823
5202 0.01039732028411905
5203 0.01041198642950575
5204 0.01042546614963276
5205 0.01043927159050476
5206 0.01045209843832642
5207 0.01046364451538537
5208 0.01047302601459344
5209 0.01047995902032392
5210 0.01048470712184791
5211 0.01048730439498487
5212 0.0104881268113492
5213 0.01048685199215612
5214 0.01048370385514497
5215 0.01047925493327633
5216 0.010473725230908
5217 0.01046732303537441
5218 0.0104599867793817
5219 0.01045248759234366
5220 0.01044466048922353
5221 0.01043666946086398
5222 0.01042883583222197
5223 0.01042135459402399
5224 0.01041414104095925
5225 0.01040745945390488
5226 0.0104011160053489
5227 0.01039574701339588
5228 0.01039131153059543
5229 0.01038703754765408
5230 0.01038299667603623
5231 0.01037953252746522
5232 0.0103772440019249
5233 0.01037539740341114
5234 0.01037410205262063
5235 0.01037359702418071
5236 0.01037359056290511
5237 0.01037362365038037
5238 0.01037371348867893
5239 0.01037439752728891
5240 0.0103752003716574
5241 0.01037629211581287
5242 0.01037754982429566
5243 0.01037896974049022
5244 0.01038004743302186
5245 0.01038109506824071
5246 0.01038233504020391
5247 0.01038328606668734
5248 0.01038424111746301
5249 0.01038483182210688
5250 0.01038547962817185
5251 0.01038570732341228
5252 0.01038612483382425
5253 0.01038613931370101
5254 0.0103861811028469
5255 0.01038595989007301
5256 0.01038546024787637
5257 0.01038454551421548
5258 0.0103837096135851
5259 0.01038286410891969
5260 0.01038187563957315
5261 0.01038091430051127
5262 0.01037986750723599
5263 0.01037882681363319
5264 0.01037773753063356
5265 0.01037649989749443
5266 0.01037543906621053
5267 0.0103742647355337
5268 0.01037321524954582
5269 0.01037230793125265
5270 0.01037149332126635
5271 0.01037084261164441
5272 0.01037026038442142
5273 0.0103697400006946
5274 0.01036935074756179
5275 0.01036914634793139
5276 0.0103690465796745
5277 0.01036892877410548
5278 0.01036874519536415
5279 0.01036876215484045
5280 0.01036874131128141
5281 0.01036897460656435
5282 0.01036928013215515
5283 0.01036950360065813
5284 0.01036986936764777
5285 0.01037018286909468
5286 0.010370512943178
5287 0.01037092181900017
5288 0.0103713642084553
5289 0.01037164282265649
5290 0.01037201438346534
5291 0.01037227057744134
5292 0.01037254434373219
5293 0.01037280016778546
5294 0.01037297881891068
5295 0.01037309353584704
5296 0.01037313743531683
5297 0.01037319068731858
5298 0.01037316563793918
5299 0.01037295046727478
5300 0.01037270699889918
5301 0.01037237258945979
5302 0.01037189585712418
5303 0.01037149196932076
5304 0.01037107884243352
5305 0.01037046768790809
5306 0.01036989285858212
5307 0.01036927729881234
5308 0.01036862671769037
5309 0.0103680474821335
5310 0.01036744714383103
5311 0.01036671538906398
5312 0.01036615925936838
5313 0.0103655061556937
5314 0.01036490590167356
5315 0.01036449531840835
5316 0.01036407277239235
5317 0.01036372385440844
5318 0.01036335554216111
5319 0.01036299197641028
5320 0.01036269084517526
5321 0.01036250380210564
5322 0.01036235698177857
5323 0.01036215514358115
5324 0.0103620738586878
5325 0.0103619589703528
5326 0.0103618225490674
5327 0.01036185793643292
5328 0.01036198169929053
5329 0.01036201099259328
5330 0.01036213556865906
5331 0.0103622517913684
5332 0.01036242150293717
5333 0.01036269249172249
5334 0.01036297518901969
5335 0.01036315937401745
5336 0.01036350618368562
5337 0.01036377773328437
5338 0.01036404526119016
5339 0.0103644021296585
5340 0.01036478061449945
5341 0.01036507126948655
5342 0.01036532451579057
5343 0.01036565490487821
5344 0.01036603430564959
5345 0.01036624723088422
5346 0.01036648860206357
5347 0.01036667974582531
5348 0.01036685575340202
5349 0.01036708311892211
5350 0.01036723228379136
5351 0.01036723857023282
5352 0.008030823689181114
5353 0.008493808573150364
5354 0.009133815364013047
5355 0.009346934149084307
5356 0.009434553399768208
5357 0.009431041545158373
5358 0.009447496994475361
5359 0.009551767265090659
5360 0.009662740011427797
5361 0.00978058966869645
5362 0.009879893525575958
5363 0.009978379234734117
5364 0.01006359356773254
5365 0.0101357650925013
5366 0.01019331464744468
5367 0.01023476061017654
5368 0.01026765995358103
5369 0.01027910349612894
5370 0.01028777914537552
5371 0.01028786729321693
5372 0.0102812294737157
5373 0.01026485518341764
5374 0.01024453058468898
5375 0.01022383459662439
5376 0.01020295621842313
5377 0.01018292328673697
5378 0.01016552279705833
5379 0.01015074381129965
5380 0.01014054930992401
5381 0.01013412986105676
5382 0.01013346398577324
5383 0.01013753009607758
5384 0.01014666792490366
5385 0.01016042702639278
5386 0.0101783236718558
5387 0.01020098918421761
5388 0.01022683272856943
5389 0.0102552638379917
5390 0.01028580952060845
5391 0.01031713790325838
5392 0.01034929909699664
5393 0.01038130917582246
5394 0.01041273238953492
5395 0.01044308910316267
5396 0.01047199843877872
5397 0.01049889864218062
5398 0.01052360037527494
5399 0.01054590895314006
5400 0.0105657149108992
5401 0.01058223743279673
5402 0.01059598917223802
5403 0.01060664289439896
5404 0.01061504173978265
5405 0.01062015624329993
5406 0.01062238894631733
5407 0.0106215889579067
5408 0.01061887813396416
5409 0.01061423129383307
5410 0.01060787099122893
5411 0.0105996760672832
5412 0.01059037290175557
5413 0.01057953241025342
5414 0.01056816389732431
5415 0.01055590078550605
5416 0.01054347139526494
5417 0.01053062256291594
5418 0.01051793991131647
5419 0.01050519280607507
5420 0.01049307356186648
5421 0.01048064528550277
5422 0.01046899503428247
5423 0.01045780895786085
5424 0.01044769957252949
5425 0.01043811148463919
5426 0.01042959057076622
5427 0.01042178830080606
5428 0.01041491665636977
5429 0.01040887191744573
5430 0.01040417667183497
5431 0.01040039262777861
5432 0.01039786569577858
5433 0.01039610798570663
5434 0.01039553658144561
5435 0.01039557567900774
5436 0.01039665914449307
5437 0.01039818066525833
5438 0.0104005943147533
5439 0.0104033631187616
5440 0.0104068268631868
5441 0.01041037941411592
5442 0.01041443409026948
5443 0.0104184200802802
5444 0.01042279781566427
5445 0.01042702596814067
5446 0.01043149515555139
5447 0.01043559079718984
5448 0.01043982723694753
5449 0.0104436048694841
5450 0.01044741914408824
5451 0.01045071886207825
5452 0.01045401176899029
5453 0.01045674234020312
5454 0.01045942460618683
5455 0.01046152274457941
5456 0.01046356371694056
5457 0.01046501456534017
5458 0.01046628050893134
5459 0.01046711287997991
5460 0.01046790088457784
5461 0.01046819556664645
5462 0.01046855152123603
5463 0.01046839498774613
5464 0.01046830754053201
5465 0.01046777708301382
5466 0.01046731477584931
5467 0.01046647294063462
5468 0.01046573423922212
5469 0.01046463956039866
5470 0.01046369131434828
5471 0.0104624378352973
5472 0.01046135654837637
5473 0.01046001186252815
5474 0.01045888319426176
5475 0.0104575087648057
5476 0.01045636689946091
5477 0.01045503876844356
5478 0.01045399219251365
5479 0.01045278109316158
5480 0.01045188268810318
5481 0.01045083541804204
5482 0.01045010568002584
5483 0.01044920320467961
5484 0.01044863654556611
5485 0.01044794519895073
5486 0.01044758729595636
5487 0.01044709906144312
5488 0.01044693979679937
5489 0.01044663751393211
5490 0.01044665252447601
5491 0.01044651071107287
5492 0.01044666897211001
5493 0.01044665773508375
5494 0.01044694251740024
5495 0.01044704105425939
5496 0.01044742009349908
5497 0.0104476173246938
5498 0.01044805961701795
5499 0.010448263988887
5500 0.01044871019706643
5501 0.01044891429954691
5502 0.01044935777253075
5503 0.01044955236385462
5504 0.01044997785717935
5505 0.01045013774217308
5506 0.01045052155206302
5507 0.01045063741387025
5508 0.01045097935205061
5509 0.01045105028478534
5510 0.01045134131960413
5511 0.01045135851227626
5512 0.01045159943199404
5513 0.01045156176369297
5514 0.01045174178129305
5515 0.01045164468776551
5516 0.01045177073403501
5517 0.01045162299486714
5518 0.01045168541465774
5519 0.01045147827111887
5520 0.01045152015069172
5521 0.01045128657806661
5522 0.01045128057180347
5523 0.01045101196504686
5524 0.01045098183963434
5525 0.01045069773373412
5526 0.01045065896792549
5527 0.01045037498109392
5528 0.01045034352654832
5529 0.01045006993957451
5530 0.01045004646161075
5531 0.0104497806092436
5532 0.01044977113589906
5533 0.01044952305491537
5534 0.01044953067632821
5535 0.01044930442789243
5536 0.01044933910284222
5537 0.01044914164680497
5538 0.01044920303201972
5539 0.01044903538654859
5540 0.0104491316380837
5541 0.01044899870428878
5542 0.01044912512104906
5543 0.01044902250861111
5544 0.01044918133820039
5545 0.01044913168699801
5546 0.01044931098330551
5547 0.01044919092316338
5548 0.010449324950679
5549 0.01044923177401482
5550 0.01044937420766255
5551 0.01044930657199754
5552 0.01044948412126876
5553 0.01044943514662401
5554 0.01044962052138294
5555 0.01044958424169405
5556 0.01044978835003649
5557 0.01044976971189834
5558 0.01044998894792863
5559 0.01044998473612879
5560 0.009275789794852453
5561 0.009785263241166879
5562 0.01032648845007773
5563 0.01059539634856967
5564 0.0107365616317443
5565 0.01083275730235811
5566 0.01091857096936357
5567 0.01100650143196039
5568 0.01110256232368761
5569 0.01120211668686896
5570 0.01129062204191909
5571 0.01137226820682588
5572 0.01143717005162822
5573 0.01148882902707667
5574 0.01152277023799956
5575 0.01154067360398527
5576 0.01155636217510904
5577 0.01154378706790342
5578 0.01151689192606217
5579 0.01148517458599035
5580 0.01144910748468011
5581 0.01141099615610047
5582 0.01137095771778441
5583 0.01132801603793049
5584 0.01128301870485268
5585 0.01123790202560269
5586 0.01119364174551667
5587 0.01115114011254056
5588 0.01111322737396991
5589 0.01108153988761083
5590 0.01105682793902007
5591 0.011039005905441
5592 0.01102791291205207
5593 0.01102520856560608
5594 0.01102955312037222
5595 0.01104035472837096
5596 0.01105709251719173
5597 0.01107956354462047
5598 0.0111067152802212
5599 0.01113818725256084
5600 0.01117287356552934
5601 0.01120954821803124
5602 0.0112475653022039
5603 0.01128653131905476
5604 0.01132505750553667
5605 0.0113625617101579
5606 0.01139872764390178
5607 0.01143213284822421
5608 0.01146247735551517
5609 0.01148964781349169
5610 0.01151313501283976
5611 0.01153368206185694
5612 0.01155052721689308
5613 0.01156410010301551
5614 0.01157417652354935
5615 0.01158251859735303
5616 0.01158797948097653
5617 0.01159065843630014
5618 0.01159118351105975
5619 0.01159040769817342
5620 0.01158812946070549
5621 0.01158454674025348
5622 0.0115799159906297
5623 0.01157537008142242
5624 0.01157012947303055
5625 0.01156493536834044
5626 0.01155956387905059
5627 0.01155463599161761
5628 0.01154982143465847
5629 0.01154574429192959
5630 0.01154188169407207
5631 0.01153890213980576
5632 0.01153600549705273
5633 0.01153417140520524
5634 0.01153280608818916
5635 0.01153247112753926
5636 0.01153255346249627
5637 0.01153354311906006
5638 0.01153486811102683
5639 0.01153695689648669
5640 0.01153916353496993
5641 0.01154188386671639
5642 0.01154461739276916
5643 0.01154765628179391
5644 0.01155047671913609
5645 0.01155342017933835
5646 0.01155603438531597
5647 0.01155878143616836
5648 0.01156113216330604
5649 0.01156331846420866
5650 0.01156494957517407
5651 0.01156642418952878
5652 0.0115672849866342
5653 0.01156797651330371
5654 0.01156804419151592
5655 0.01156798651679597
5656 0.01156737026722296
5657 0.01156664245152808
5658 0.01156537266920721
5659 0.0115641107514874
5660 0.01156247176098335
5661 0.01156096553269972
5662 0.01155913609960667
5663 0.01155751553436653
5664 0.01155567558227022
5665 0.01155412848466857
5666 0.0115524826509688
5667 0.01155119309877366
5668 0.01154981322241578
5669 0.01154884988143311
5670 0.01154784286706104
5671 0.01154728062855069
5672 0.01154670662447972
5673 0.0115465908639936
5674 0.01154646004673463
5675 0.01154680678472476
5676 0.01154712823476284
5677 0.01154789536797896
5678 0.01154861105677203
5679 0.01154974709603753
5680 0.01155081174848085
5681 0.0115522560368108
5682 0.01155358698506277
5683 0.01155525853566468
5684 0.01155677048165014
5685 0.01155857923927051
5686 0.01156018224473361
5687 0.0115620402648026
5688 0.01156365751881606
5689 0.01156545046200357
5690 0.01156694522238276
5691 0.011568605452017
5692 0.01156994748508139
5693 0.01157142895903873
5694 0.01157255503424523
5695 0.01157380119302119
5696 0.01157469092903142
5697 0.01157571391076258
5698 0.01157636555985877
5699 0.01157712364257362
5700 0.01157752068240354
5701 0.01157803445705017
5702 0.01157819142471035
5703 0.01157846170245507
5704 0.01157838514114632
5705 0.01157843667241418
5706 0.0115781584803765
5707 0.01157805088422222
5708 0.01157766754850054
5709 0.01157747412387958
5710 0.01157699286746126
5711 0.01157671270434205
5712 0.01157617005445045
5713 0.0115758407582034
5714 0.01157525587865378
5715 0.01157490176516338
5716 0.01157431079709251
5717 0.0115739593289161
5718 0.01157337370383717
5719 0.01157304466559358
5720 0.01157249490792316
5721 0.0115722057886243
5722 0.01157169347847433
5723 0.01157146023177406
5724 0.01157103330135712
5725 0.01157088000784783
5726 0.01157052295076849
5727 0.01157044292116179
5728 0.01157017549114145
5729 0.01157018887468658
5730 0.01157000398720417
5731 0.01157009606180547
5732 0.01156998089481056
5733 0.01157013012194568
5734 0.01157006256315983
5735 0.01157026527823152
5736 0.01157026342716157
5737 0.01157051933346865
5738 0.01157054799833591
5739 0.01157082120665763
5740 0.01157086551117279
5741 0.01157114432215005
5742 0.01157117779137993
5743 0.01157144599386466
5744 0.01157148118163361
5745 0.01157175443116072
5746 0.01157177447044602
5747 0.0115720126609978
5748 0.01157200054213791
5749 0.01157222098451164
5750 0.01157220982160539
5751 0.01157245855118936
5752 0.0115724867909151
5753 0.01157274741243643
5754 0.01157276468513138
5755 0.01157301735230676
5756 0.01157303386116794
5757 0.0115732788904431
5758 0.01157327269502239
5759 0.01157349544146224
5760 0.01157346594025667
5761 0.01157366388813006
5762 0.01157356124105513
5763 0.0115737159289188
5764 0.01157361715028119
5765 0.01157375946422628
5766 0.01157363801598307
5767 0.01157381524221746
5768 0.01157374030122525
5769 0.01157390562383602
5770 0.01157379520622529
5771 0.01157393723228082
5772 0.01157382628780538
5773 0.0115739604632079
5774 0.01157384013646917
5775 0.01157398861635464
5776 0.01157389450698727
5777 0.01157403887156093
5778 0.0115739137421201
5779 0.0115740368521134
5780 0.01157390809476744
5781 0.01157402763254637
5782 0.01157389975087727
5783 0.01157404298281491
5784 0.01157394780270861
5785 0.01157410090807646
5786 0.01157400052729893
5787 0.01157415894561469
5788 0.0115740672355217
5789 0.01157421486796206
5790 0.0115741060170013
5791 0.01157425697127793
5792 0.01157413407334531
5793 0.01157421616133971
5794 0.01157400889247832
5795 0.01157402372441317
5796 0.01157379847779799
5797 0.01157383528577555
5798 0.01157361312425825
5799 0.01157364241663287
5800 0.01157342399562364
5801 0.011573449769433
5802 0.01157322300031852
5803 0.01157326285804108
5804 0.01157306354420644
5805 0.0115731179163207
5806 0.01157292797426378
5807 0.01157301138270003
5808 0.01157285915885896
5809 0.01157296214708616
5810 0.01157281775108645
5811 0.01157294108890766
5812 0.01157282380482908
5813 0.01157296078423754
5814 0.01157284871982608
5815 0.01157299605777624
5816 0.01157289649960319
5817 0.01157304517676782
5818 0.011572944891892
5819 0.01157311575504947
5820 0.01157304950280887
5821 0.01157323798730798
5822 0.0115731709057277
5823 0.01157335488713582
5824 0.01157328023319229
5825 0.01157344567802584
5826 0.01157336004583502
5827 0.01157354608139993
5828 0.01157349620357012
5829 0.0115736993487012
5830 0.01157365230619089
5831 0.01157386781650496
5832 0.01157383535039806
5833 0.01157404151241891
5834 0.0115739872697183
5835 0.01157419110290262
5836 0.01157414568396411
5837 0.01157432049975905
5838 0.01157419811966648
5839 0.01157430058945714
5840 0.01157413233719491
5841 0.01157421036838505
5842 0.0115740462515141
5843 0.01157414109076274
5844 0.01157397119122696
5845 0.01157403742423955
5846 0.01157384385551062
5847 0.0115739101622266
5848 0.01157372909311044
5849 0.01157379526174351
5850 0.01157361024393845
5851 0.01157369472673572
5852 0.01157353893410556
5853 0.01157363548751334
5854 0.01157348327540465
5855 0.01157360019137539
5856 0.01157347461931865
5857 0.01157359597818734
5858 0.01157346839179363
5859 0.01157361034654275
5860 0.0115734995348481
5861 0.01157362951281466
5862 0.01157350524799198
5863 0.0115736474475388
5864 0.01157354997418118
5865 0.01157370495028374
5866 0.01157361403733707
5867 0.01157378940535707
5868 0.0115737094347572
5869 0.01157385942309064
5870 0.0115737457602352
5871 0.01157389455002236
5872 0.01157380400673252
5873 0.01157396683414079
5874 0.01157388463389321
5875 0.01157406783608138
5876 0.01157400774525179
5877 0.01157418900290844
5878 0.01157411232304706
5879 0.01157429077928468
5880 0.01157421890607763
5881 0.0115743881318934
5882 0.01157428828176685
5883 0.01157441537096312
5884 0.01157425543638242
5885 0.01157431184691645
5886 0.01157410313242651
5887 0.01157416877163048
5888 0.01157399941705937
5889 0.01157405519395348
5890 0.01157384676378227
5891 0.01157389531960674
5892 0.01157369636657637
5893 0.01157374097569942
5894 0.01157353419611716
5895 0.01157359401849643
5896 0.01157341588941054
5897 0.01157348976743499
5898 0.0115733180738227
5899 0.01157341633161835
5900 0.01157327717730591
5901 0.01157338851861116
5902 0.01157324928208304
5903 0.01157337828795636
5904 0.01157326923893728
5905 0.01157340321468182
5906 0.01157327943321314
5907 0.011573415993487
5908 0.0115733105730465
5909 0.01157345471495111
5910 0.01157335281765321
5911 0.01157352050329379
5912 0.01157345190288145
5913 0.01157361960280852
5914 0.01157352021609462
5915 0.0115736690248957
5916 0.01157357127155351
5917 0.01157372160355713
5918 0.01157362747750396
5919 0.01157380252286191
5920 0.01157373945682772
5921 0.01157392010741582
5922 0.01157384750246483
5923 0.01157403068958117
5924 0.01157396379817334
5925 0.01157413341858319
5926 0.01157404626630912
5927 0.0115742139756449
5928 0.01157410564211184
5929 0.01157419911327642
5930 0.01157400341695422
5931 0.0115740523096184
5932 0.01157386209633794
5933 0.01157393541478569
5934 0.01157373911292849
5935 0.01157379048395826
5936 0.01157359216429417
5937 0.01157363403023785
5938 0.01157342137954393
5939 0.01157347188813297
5940 0.01157328166380825
5941 0.01157334198226557
5942 0.01157315675538093
5943 0.01157324184022593
5944 0.0115730902559937
5945 0.0115731910382921
5946 0.01157304551143892
5947 0.01157316666946985
5948 0.01157304752432605
5949 0.01157317969684848
5950 0.01157306285804868
5951 0.01157320267789433
5952 0.01157309566317739
5953 0.01157323461487009
5954 0.01157312537606873
5955 0.01157328504611799
5956 0.01157320849868275
5957 0.01157338413377008
5958 0.01157330688114246
5959 0.01157347934928344
5960 0.01157339410431668
5961 0.01157354615546461
5962 0.0115734472883986
5963 0.01157361724496617
5964 0.01157355181573243
5965 0.01157379819843633
5966 0.01157378582830041
5967 0.01157393585070931
5968 0.01157384402725757
5969 0.01157394385502835
5970 0.01157381814503296
5971 0.01157398184517557
5972 0.01157391088773817
5973 0.01157406434451504
5974 0.01157392547463406
5975 0.0115740116765495
5976 0.0115738408727809
5977 0.01157391605395432
5978 0.01157374606646518
5979 0.01157382171161226
5980 0.01157366588276069
5981 0.01157375567012543
5982 0.01157362019439025
5983 0.01157371093770296
5984 0.01157352817058201
5985 0.01157360140382212
5986 0.01157342993089687
5987 0.01157353196502673
5988 0.01157339102124742
5989 0.01157350129678954
5990 0.01157335699123774
5991 0.01157347914056761
5992 0.01157335132993462
5993 0.01157346976434933
5994 0.01157333388081542
5995 0.01157346547230247
5996 0.01157334112613739
5997 0.01157346044926832
5998 0.01157332437388515
5999 0.01157345863012241
6000 0.01157335259705597
6001 0.011573502950042
6002 0.0115734069988705
6003 0.01157357831569417
6004 0.01157349252559699
6005 0.01157367339227751
6006 0.01157357232402552
6007 0.01157371017543132
6008 0.01157362216200986
6009 0.01157377631150182
6010 0.01211405798830504
6011 0.01233746227889067
6012 0.01219620770406015
6013 0.01198220002487273
6014 0.01179341379442131
6015 0.01156722599354349
6016 0.01140118873486575
6017 0.01123061065651046
6018 0.01110455050898919
6019 0.01099201316357419
6020 0.01090666956698131
6021 0.01083666708481095
6022 0.0107832758205015
6023 0.01074018225879477
6024 0.01070982306570896
6025 0.01068895984273351
6026 0.01067635349653903
6027 0.01067284122539451
6028 0.01067792494290626
6029 0.01068906460437077
6030 0.01070405422324694
6031 0.010722784795338
6032 0.0107453873451005
6033 0.01076878429371671
6034 0.01079194023215574
6035 0.0108132471415681
6036 0.01083093881075299
6037 0.01084526379598959
6038 0.01085714739497561
6039 0.01086759757316597
6040 0.01087512978617842
6041 0.01087817614698794
6042 0.01087772956143412
6043 0.01087265679459452
6044 0.01086409240472244
6045 0.0108523422409205
6046 0.01083764900818222
6047 0.01082017746097386
6048 0.01080026878317649
6049 0.0107782565381964
6050 0.01075493317505912
6051 0.01073081847698041
6052 0.01070595154506342
6053 0.01068147696361297
6054 0.01065745295272768
6055 0.01063431468698089
6056 0.01061215429505533
6057 0.01059159291689556
6058 0.01057308105306642
6059 0.01055591087795019
6060 0.01053994589471444
6061 0.01052605951379163
6062 0.01051462451346843
6063 0.01050523255041371
6064 0.01049751645719797
6065 0.01049193628642981
6066 0.01048742738680487
6067 0.0104845327896846
6068 0.0104825690263707
6069 0.01048193647461732
6070 0.01048193047657178
6071 0.01048298018356857
6072 0.01048431447058075
6073 0.01048798356434815
6074 0.01049115370145892
6075 0.01049296936389772
6076 0.01049482508887654
6077 0.01049712208280859
6078 0.01049915355994047
6079 0.01050141607759416
6080 0.01050303602824955
6081 0.01050464137758679
6082 0.01050559965755444
6083 0.01050657732376494
6084 0.01050693868387434
6085 0.01050726615081259
6086 0.01050703845838125
6087 0.01050685560996804
6088 0.01050612878845193
6089 0.01050549958996529
6090 0.01050436503984454
6091 0.01050336083240457
6092 0.01050189209911382
6093 0.01050043551194517
6094 0.01049872807168814
6095 0.01049737205235153
6096 0.01049541713343523
6097 0.01049362441068268
6098 0.01049159562780535
6099 0.01048980931826586
6100 0.01048766381421366
6101 0.01048588521511568
6102 0.01048411578752816
6103 0.01048276323431459
6104 0.01048126360468516
6105 0.01048019992621321
6106 0.01047892047349108
6107 0.01047808809251461
6108 0.01047699307924575
6109 0.0104763125623347
6110 0.01047538219506877
6111 0.01047480143672543
6112 0.01047395648603667
6113 0.01047344644936054
6114 0.01047265610570471
6115 0.0104722091366547
6116 0.01047148286927042
6117 0.01047109792848898
6118 0.0104704375039236
6119 0.01047012445347392
6120 0.01046948904994552
6121 0.01046917219537356
6122 0.01046852258195647
6123 0.01046814459338302
6124 0.01046741407801843
6125 0.01046697767264836
6126 0.01046619223970524
6127 0.01046569993195203
6128 0.01046489447924102
6129 0.01046440697831255
6130 0.01046362956371022
6131 0.0104632095020201
6132 0.01046249404141097
6133 0.01046214546754269
6134 0.01046150409656135
6135 0.01046120938873361
6136 0.0104606142253837
6137 0.01046036560264106
6138 0.01045977780084651
6139 0.01045946997338982
6140 0.01045881683457147
6141 0.0104584629354323
6142 0.0104577907979697
6143 0.01045746736408439
6144 0.01045683503010409
6145 0.01045655827714756
6146 0.01045600926334858
6147 0.01045582772168302
6148 0.01045536476863583
6149 0.01045527837143103
6150 0.01045492270096979
6151 0.01045495347611211
6152 0.01045472648743484
6153 0.01045486186186064
6154 0.01045472493935288
6155 0.01045495292702343
6156 0.01045488925268533
6157 0.01045516957721803
6158 0.01045513333892737
6159 0.01045537673258368
6160 0.01045526566786828
6161 0.01045546401774486
6162 0.01045533181567996
6163 0.01045550289865805
6164 0.01045535725660472
6165 0.0104555106815128
6166 0.01045535000141883
6167 0.01045552804717385
6168 0.01045540538934409
6169 0.01045561666430364
6170 0.01045553519770241
6171 0.01045577051310305
6172 0.01045569494829859
6173 0.0104559492108073
6174 0.01045587725269359
6175 0.01045612555969855
6176 0.01045605063371674
6177 0.01045622133671927
6178 0.01045602196087527
6179 0.01045610988927799
6180 0.01045584743040702
6181 0.01045589232826957
6182 0.01045562076500993
6183 0.01045567098760068
6184 0.0104554161719138
6185 0.01045550963190802
6186 0.01045527929028069
6187 0.01045536419364308
6188 0.01045514959310887
6189 0.01045526300741967
6190 0.01045506715446485
6191 0.01045520520742695
6192 0.01045501663237039
6193 0.0104551431032202
6194 0.01045494174635869
6195 0.01045505024337976
6196 0.01045481279322826
6197 0.01045488992407911
6198 0.01045465079364308
6199 0.01045481126482298
6200 0.01045448218562942
6201 0.01045454133123294
6202 0.00624586925104866
6203 0.009239902758686545
6204 0.01122155447470527
6205 0.01218974084190426
6206 0.01254613561314879
6207 0.01246727291857635
6208 0.0121983863895705
6209 0.01183036189856582
6210 0.01146915761651726
6211 0.01115423178379613
6212 0.0109046665022002
6213 0.01072357167914252
6214 0.01060426225633506
6215 0.01053914516587403
6216 0.01051514723194944
6217 0.01052351118606499
6218 0.01054698775958033
6219 0.01058381497268182
6220 0.010628102946073
6221 0.01066843806733647
6222 0.01070308686874573
6223 0.01073595790127956
6224 0.01076619949512173
6225 0.01078890840799413
6226 0.01080352159149446
6227 0.01080986583789624
6228 0.01080860300540698
6229 0.0108004045883913
6230 0.01078595422205066
6231 0.01076699610563418
6232 0.01074483010750361
6233 0.01071991050310031
6234 0.01069301160279269
6235 0.01066495793701446
6236 0.01063657368357775
6237 0.01060833881411971
6238 0.01058075827239626
6239 0.01055378574812134
6240 0.01052846133373797
6241 0.0105048427724302
6242 0.01048329418101132
6243 0.01046351911761632
6244 0.01044537138115329
6245 0.01042957505034942
6246 0.01041511147211933
6247 0.01040258507610721
6248 0.01039130102403955
6249 0.01038153000196557
6250 0.01037315883329759
6251 0.01036585220386405
6252 0.0103596466286057
6253 0.01035402214665602
6254 0.01034938552817336
6255 0.01034548698983446
6256 0.01034214824445401
6257 0.01033857465597698
6258 0.01033539130850605
6259 0.01033274084632038
6260 0.01033010771159053
6261 0.01032793127152699
6262 0.01032583668927298
6263 0.01032324595735126
6264 0.01032104871100434
6265 0.01031890143278541
6266 0.01031709610132468
6267 0.01031521231037039
6268 0.01031369018700336
6269 0.01031268783421281
6270 0.01031172061273661
6271 0.01031092060301162
6272 0.01031030317248615
6273 0.01030984471049852
6274 0.01030962324985841
6275 0.01030956787201542
6276 0.01030974807908783
6277 0.01031008063905615
6278 0.01031065606737852
6279 0.01031131916637309
6280 0.01031213496903163
6281 0.01031289319349497
6282 0.01031377380016451
6283 0.01031467201168846
6284 0.01031566406769595
6285 0.01031657342968978
6286 0.01031752424169314
6287 0.01031831455354364
6288 0.01031903355366993
6289 0.01031952407308117
6290 0.0103199551676506
6291 0.01032041158494769
6292 0.01032030382259377
6293 0.01031993023758688
6294 0.01031944528274333
6295 0.01031852880846815
6296 0.01031753006698233
6297 0.01031613425287932
6298 0.01031470763663657
6299 0.01031301430713797
6300 0.01031126987030726
6301 0.01030940330534667
6302 0.01030749097185483
6303 0.01030547571857511
6304 0.01030344253558477
6305 0.01030129881157263
6306 0.01029929172555374
6307 0.01029725643105561
6308 0.01029542664712578
6309 0.01029344015373941
6310 0.01029171608521373
6311 0.01029012428139089
6312 0.01028879419620455
6313 0.01028752255842285
6314 0.01028652607788037
6315 0.01028558649955031
6316 0.01028487694609458
6317 0.01028423141956292
6318 0.01028381420752011
6319 0.01028344367745917
6320 0.01028326981572481
6321 0.01028311237290452
6322 0.01028315805713948
6323 0.01028319918656317
6324 0.01028341765028505
6325 0.01028363132486273
6326 0.01028389343535478
6327 0.01028415224339247
6328 0.01028453282901094
6329 0.01028483423022424
6330 0.01028524084243872
6331 0.01028558610819247
6332 0.01028590606363783
6333 0.01028616058883948
6334 0.01028647608944685
6335 0.01028667499546322
6336 0.01028693173316701
6337 0.01028707094207851
6338 0.01028718419591699
6339 0.01028718826563321
6340 0.01028722076402803
6341 0.01028711038489974
6342 0.01028705025535082
6343 0.01028685695758966
6344 0.01028665546631921
6345 0.01028633152024022
6346 0.01028604832575366
6347 0.01028565325121067
6348 0.01028532274840304
6349 0.01028490214729702
6350 0.01028443391652529
6351 0.01028391134643551
6352 0.01028346605257491
6353 0.01028291827212808
6354 0.01028246688404246
6355 0.01028196725882229
6356 0.01028145765951669
6357 0.01028091418899947
6358 0.010280471075515
6359 0.01027996787169143
6360 0.01027959754920154
6361 0.01027919485101692
6362 0.0102788110992597
6363 0.01027843896123298
6364 0.01027820792561726
6365 0.01027792800424563
6366 0.01027779969849578
6367 0.01027766860420314
6368 0.01027757348323843
6369 0.01027747808429948
6370 0.0102775137863264
6371 0.01027750680774186
6372 0.01027763966143077
6373 0.01027773289432054
6374 0.01027783389135736
6375 0.0102779194232448
6376 0.01027811047567827
6377 0.0102782129678772
6378 0.0102784243947667
6379 0.01027858885277814
6380 0.01027874390330713
6381 0.01027885459911495
6382 0.01027905399215759
6383 0.01027916900272044
6384 0.01027938677696804
6385 0.01027953433172798
6386 0.01027967027167868
6387 0.01027977190888494
6388 0.0102799598087781
6389 0.01028004459850253
6390 0.01028022421073186
6391 0.0102803426777516
6392 0.01028043212870562
6393 0.01028045250792916
6394 0.007333795786221902
6395 0.008477135135886847
6396 0.009321712199989481
6397 0.009868294930887254
6398 0.01015588027559462
6399 0.01028048066314931
6400 0.01031785857503311
6401 0.01031587332164339
6402 0.01030615708957277
6403 0.01028253670525062
6404 0.01025856485885162
6405 0.01024191125854242
6406 0.01024077401636241
6407 0.01024821991433297
6408 0.01026763229166132
6409 0.01028793366465211
6410 0.0103043034420572
6411 0.01032636112961542
6412 0.01036289016165181
6413 0.01039854475566343
6414 0.01042644489685022
6415 0.0104541975660005
6416 0.01048074280404833
6417 0.01050724121559497
6418 0.01052998844112704
6419 0.01055339886687679
6420 0.01058043737830123
6421 0.01059563141532217
6422 0.01060486006237644
6423 0.0106135749777181
6424 0.01061618348867867
6425 0.01061454370793257
6426 0.01060856085043854
6427 0.01059970899847888
6428 0.01058815808304294
6429 0.01057573907355165
6430 0.01056302698451712
6431 0.01054998651222485
6432 0.01053696777257577
6433 0.01052466107558962
6434 0.01051300219848075
6435 0.0105026258617291
6436 0.01049301732970165
6437 0.01048563565209688
6438 0.01048027689406731
6439 0.01047697917817113
6440 0.01047541679609603
6441 0.01047565053475141
6442 0.01047744557554317
6443 0.01048085447127844
6444 0.01048553317270899
6445 0.01049121177270127
6446 0.01049801367204291
6447 0.01050551415552636
6448 0.01051368540857193
6449 0.01052252703137531
6450 0.01053152338507825
6451 0.0105402166613613
6452 0.01054770867630777
6453 0.01055545222544662
6454 0.01056298464982851
6455 0.01057076830105175
6456 0.01057735148569532
6457 0.01058275568316962
6458 0.01058740583594659
6459 0.01059193515220691
6460 0.01059518303317927
6461 0.01059819140211925
6462 0.01059968372351438
6463 0.01060096339177569
6464 0.0106009586564453
6465 0.01059985978440289
6466 0.01059777401848612
6467 0.01059462395462318
6468 0.01059206433530109
6469 0.01058892930774436
6470 0.01058442750309304
6471 0.0105799342528345
6472 0.01057443896840038
6473 0.01056863277270198
6474 0.01056324774779985
6475 0.01055755313211469
6476 0.01055222810235234
6477 0.0105471386685313
6478 0.01054201157837306
6479 0.01053776656170313
6480 0.01053371716498411
6481 0.01053009467176155
6482 0.01052708068932628
6483 0.01052465768606
6484 0.01052227421203462
6485 0.01052018137222884
6486 0.01051831301766039
6487 0.01051804148934178
6488 0.01051765847888822
6489 0.01051734570265153
6490 0.0105174041067912
6491 0.01051825816236765
6492 0.01051991791530855
6493 0.01052202998798919
6494 0.0105235354904238
6495 0.01052566906809021
6496 0.01052833323365439
6497 0.0105310852366778
6498 0.01053428890496061
6499 0.01053651621120622
6500 0.01053926678543519
6501 0.01054188794851516
6502 0.01054442880100832
6503 0.01054728385914665
6504 0.0105497772676057
6505 0.01055251391670514
6506 0.01055488395457256
6507 0.01055741508194015
6508 0.01055950726958584
6509 0.01056173307662192
6510 0.01056341477018162
6511 0.01056577745914983
6512 0.0105668943622094
6513 0.01056874339479956
6514 0.01056977943736688
6515 0.01057097651715334
6516 0.01057164517987021
6517 0.01057262186504812
6518 0.01057300505565273
6519 0.01057364725326141
6520 0.0105735418736452
6521 0.01057358595832008
6522 0.01057312665780162
6523 0.01057288478781248
6524 0.01057231498462399
6525 0.01057142267372368
6526 0.0105706102677935
6527 0.01056965786449708
6528 0.01056841155512812
6529 0.01056745473084364
6530 0.01056609084429377
6531 0.01056488874151677
6532 0.01056340634730953
6533 0.01056226466643574
6534 0.01056077720689712
6535 0.01055951846036962
6536 0.01055798492581573
6537 0.01055694369932682
6538 0.0105552602083246
6539 0.01055442744689011
6540 0.01055307737301039
6541 0.0105520719528339
6542 0.01055083030311919
6543 0.01055009697330811
6544 0.01054899212353358
6545 0.01054838518926647
6546 0.01054740974694802
6547 0.01054700432946482
6548 0.01054638761692314
6549 0.01054588981072909
6550 0.01054556572231429
6551 0.01054522946048556
6552 0.01054493426696121
6553 0.01054499264703356
6554 0.01054482461500989
6555 0.01054487247212704
6556 0.01054490424531498
6557 0.01054509514344104
6558 0.01054516301137418
6559 0.01054560002973632
6560 0.01054574474976324
6561 0.01054630355505442
6562 0.01054636167818044
6563 0.01054721420575247
6564 0.01054739778022115
6565 0.01054813002403758
6566 0.01054858463733466
6567 0.01054924834239663
6568 0.01054962336075897
6569 0.01055047184783054
6570 0.01055085513359742
6571 0.01055156320828071
6572 0.01055189963472184
6573 0.01055268097803839
6574 0.01055318368641385
6575 0.01055363484862083
6576 0.0105542165232583
6577 0.01055469072836997
6578 0.01055509111478887
6579 0.01055577762433297
6580 0.01055609631022143
6581 0.0105565426150617
6582 0.01055689867085817
6583 0.01055729558450003
6584 0.01055746764341159
6585 0.01055796077017369
6586 0.01055807168408142
6587 0.01055850641003031
6588 0.01055832092362733
6589 0.01055891247484012
6590 0.01055880288652038
6591 0.01055907453415827
6592 0.01055909255365817
6593 0.01055923118984419
6594 0.01055914315147756
6595 0.01055939648749172
6596 0.01055914072680663
6597 0.01055936001183575
6598 0.01055921056818404
6599 0.01055919984422001
6600 0.009920920951860951
6601 0.009009647387488955
6602 0.008581219889141069
6603 0.008424533333527759
6604 0.008395064375463963
6605 0.008474387698960377
6606 0.008617137472867334
6607 0.008797872410729624
6608 0.00899267525558602
6609 0.009191476779444936
6610 0.009382451882864445
6611 0.0095573626095629
6612 0.009709518470123527
6613 0.009842931637083194
6614 0.009953690990961401
6615 0.01004334217468676
6616 0.01011037257163627
6617 0.01016027838895581
6618 0.01019374308901499
6619 0.01021629311105734
6620 0.01023009251125022
6621 0.01023766936649622
6622 0.01024179650445922
6623 0.0102424463500962
6624 0.01024221123562003
6625 0.01023763299921483
6626 0.01023328558261616
6627 0.01023106388062677
6628 0.01023192629978971
6629 0.01023519335088276
6630 0.01024300616951999
6631 0.01025604608154353
6632 0.01027218318753825
6633 0.0102913718478172
6634 0.01031189869860877
6635 0.01033581672926443
6636 0.01036147382933552
6637 0.01038816628103796
6638 0.01041480410281658
6639 0.01044132579332063
6640 0.01046675884658629
6641 0.01049031859332382
6642 0.01050963395519386
6643 0.01052679665102134
6644 0.01054326127822393
6645 0.01055671009119756
6646 0.01056822890425905
6647 0.01057497023409307
6648 0.01057850632918096
6649 0.01057983839689229
6650 0.01057835421779868
6651 0.01057392919664766
6652 0.01056235449016913
6653 0.01054965133497698
6654 0.01054133169874255
6655 0.01053083868090438
6656 0.01051959928526462
6657 0.01050771268343185
6658 0.01049525863877009
6659 0.01048320042785542
6660 0.01047133698707599
6661 0.01046017773508284
6662 0.01044989641018606
6663 0.01044071354075376
6664 0.01043287955141656
6665 0.01042633045003463
6666 0.01042129284392196
6667 0.01041784113324368
6668 0.01041593586058112
6669 0.01041553217798827
6670 0.01041660346650137
6671 0.01041892412948147
6672 0.01042251186122251
6673 0.01042716274508524
6674 0.0104328274609522
6675 0.01043952097440442
6676 0.01044674713754661
6677 0.01045427581271802
6678 0.01046220729773592
6679 0.0104702605387902
6680 0.01047816981205576
6681 0.01048588453585136
6682 0.01049335194006689
6683 0.01050041305822381
6684 0.0105069822463323
6685 0.01051284202844402
6686 0.01051810578042989
6687 0.01052222801919939
6688 0.0105255706460846
6689 0.01052801575838719
6690 0.01052970722797155
6691 0.01053057687190935
6692 0.0105307285852204
6693 0.01053009725500711
6694 0.01052913047758884
6695 0.01052732326255625
6696 0.01052486254393989
6697 0.01052173490852653
6698 0.01051805765147254
6699 0.01051384136619043
6700 0.01050923525247243
6701 0.01050426109572892
6702 0.01049907147787348
6703 0.01049370765898166
6704 0.01048831113165057
6705 0.01048290403921665
6706 0.01047776391857451
6707 0.0104728401135115
6708 0.0104681937855122
6709 0.01046381161861332
6710 0.01045982470221519
6711 0.01045621133119056
6712 0.01045303456193627
6713 0.01045031191440005
6714 0.01044805420682879
6715 0.01044610180336416
6716 0.01044464874793224
6717 0.01044362558286372
6718 0.01044308946995899
6719 0.01044295847794402
6720 0.01044329269175341
6721 0.01044401513248558
6722 0.01044516548165713
6723 0.01044661457201894
6724 0.01044840088874263
6725 0.01045041502381218
6726 0.01045269661176977
6727 0.01045514655875671
6728 0.01045779193412689
6729 0.01046053115523179
6730 0.01046339291721979
6731 0.0104662850493026
6732 0.01046925429970308
6733 0.01047215571510908
6734 0.01047506369036136
6735 0.01047784565023914
6736 0.01048059298891722
6737 0.01048322778847145
6738 0.01048574940157777
6739 0.01048814355753344
6740 0.01049042926935584
6741 0.0104925189114285
6742 0.01049449689519442
6743 0.01049620185314283
6744 0.01049775606141639
6745 0.01049910572783384
6746 0.01050029952689777
6747 0.01050120693145677
6748 0.0105019614028966
6749 0.01050248564976843
6750 0.0105028593766604
6751 0.01050302327453924
6752 0.0105030401144443
6753 0.01050283528195409
6754 0.01050248952542969
6755 0.0105019992491738
6756 0.01050143250663042
6757 0.01050071884521825
6758 0.01049994270867051
6759 0.01049900436845392
6760 0.01049808166880142
6761 0.01049699437390315
6762 0.0104959112114488
6763 0.01049474137799558
6764 0.01049358231323216
6765 0.01049235810211475
6766 0.01049116993878671
6767 0.01048999011591408
6768 0.01048888870169758
6769 0.01048779623721815
6770 0.01048677348053157
6771 0.01048577290240179
6772 0.01048491028941919
6773 0.01048404658516904
6774 0.01048324274758198
6775 0.01048249808167634
6776 0.01048185531319528
6777 0.01048121437078743
6778 0.01048069579208987
6779 0.0104801307146802
6780 0.01047970701486331
6781 0.01047933111357597
6782 0.01047904794261996
6783 0.01047875718755811
6784 0.01047859078776928
6785 0.01047845916881328
6786 0.0104784372332684
6787 0.01047844519422737
6788 0.01047854818026022
6789 0.01047866281753665
6790 0.01047884893988864
6791 0.01047898771512569
6792 0.01047923603549559
6793 0.01047946854308163
6794 0.01047977365628012
6795 0.01048008658532356
6796 0.01048040048865647
6797 0.01048072344163186
6798 0.01048114200864337
6799 0.01048155025216273
6800 0.0104820046134665
6801 0.01048244919507681
6802 0.01048294901766483
6803 0.01048339722416415
6804 0.01048387583190134
6805 0.01048429673105859
6806 0.01048473550688813
6807 0.01048510156811609
6808 0.0104854834299194
6809 0.01048577213388236
6810 0.01048612736173731
6811 0.01048639929943939
6812 0.01048668126559167
6813 0.01048687774066085
6814 0.01048712155664895
6815 0.01048732072149162
6816 0.01048754461768013
6817 0.01048770214796373
6818 0.01048788266567385
6819 0.01048798802104564
6820 0.01048809758944162
6821 0.0104881259307213
6822 0.01271884017576847
6823 0.01578684444727316
6824 0.01721429293009269
6825 0.01713157456898108
6826 0.01634594275542494
6827 0.01533760624137011
6828 0.01434255105167435
6829 0.01349176094325466
6830 0.01281668269466601
6831 0.01230865226676749
6832 0.01195282413216538
6833 0.011709163568702
6834 0.01155589157199818
6835 0.01146751852995819
6836 0.01142232469044581
6837 0.01140905984242959
6838 0.011417273906303
6839 0.01143953759817056
6840 0.01147073756888388
6841 0.01151748517286214
6842 0.01155906725455739
6843 0.0115994231407342
6844 0.01163755218358318
6845 0.01167374723439572
6846 0.01170204414276519
6847 0.0117245977448652
6848 0.01174188820250345
6849 0.01175768720830289
6850 0.01176231569152959
6851 0.01175747613814382
6852 0.01174620196073582
6853 0.01172894973954653
6854 0.01170398978561911
6855 0.01167488818434589
6856 0.01164355168157429
6857 0.01160892243853681
6858 0.0115722572347545
6859 0.01153412441085191
6860 0.01149435643477449
6861 0.01145271409188506
6862 0.01141108908392675
6863 0.01136525682504608
6864 0.01132202993541229
6865 0.01128192507457472
6866 0.01124879634886937
6867 0.01121539795051494
6868 0.01117728082898514
6869 0.0111440564562986
6870 0.011115153437502
6871 0.01109048092391179
6872 0.01107121031468655
6873 0.01105198249762038
6874 0.01103349303616054
6875 0.01101558118850794
6876 0.01099703467893975
6877 0.01098374083891124
6878 0.01097221270542565
6879 0.01096172402815025
6880 0.01095181930709741
6881 0.01094426065710271
6882 0.01093773731718446
6883 0.01093262231572853
6884 0.01092840907931582
6885 0.01092505535446619
6886 0.01092169081646942
6887 0.01091873351627719
6888 0.01091566571632341
6889 0.01091364610270275
6890 0.01091128806676758
6891 0.01090901427581208
6892 0.0109072217278829
6893 0.01090609362736731
6894 0.01090423078165547
6895 0.01090269281053791
6896 0.01090149997239913
6897 0.01090028975548225
6898 0.01089871683857854
6899 0.01089738357903976
6900 0.01089630460694323
6901 0.01089471967811613
6902 0.01089359664741681
6903 0.01089295584854299
6904 0.01089250673438767
6905 0.01089068780007984
6906 0.01088857419736812
6907 0.0108867745017226
6908 0.01088463147896564
6909 0.01088193291329133
6910 0.01087918711028798
6911 0.01087699057350589
6912 0.01087415774101443
6913 0.01087132171062931
6914 0.01086865222219278
6915 0.01086628782617019
6916 0.01086319349631014
6917 0.01086019833726134
6918 0.01085768673019963
6919 0.01085533450041865
6920 0.01085230876419014
6921 0.01084957466000818
6922 0.01084718169616709
6923 0.01084451388603625
6924 0.01084168105913825
6925 0.01083913467081967
6926 0.01083690290062462
6927 0.01083409317894589
6928 0.01083113437380999
6929 0.01082866300181003
6930 0.01082638598149129
6931 0.01082345478112493
6932 0.01082064584949996
6933 0.01081845791353606
6934 0.010816100972283
6935 0.01081353735451017
6936 0.01081116296813786
6937 0.01080941133378207
6938 0.01080724902931685
6939 0.01080512019859653
6940 0.01080346074997858
6941 0.01080229919603456
6942 0.01080033816177017
6943 0.01079866533983578
6944 0.01079767176086767
6945 0.01079679832064855
6946 0.01079547139072922
6947 0.01079442180721422
6948 0.01079379014166796
6949 0.01079293972311154
6950 0.01079183738375704
6951 0.01079113546894011
6952 0.01079080289548424
6953 0.01078998619169635
6954 0.01078917550674383
6955 0.01078899306166524
6956 0.01078891702973002
6957 0.01078820857664206
6958 0.01078758081175476
6959 0.01078756882787928
6960 0.01078725478298439
6961 0.01078671847731427
6962 0.0107863397551549
6963 0.01078644096915463
6964 0.01078600125276892
6965 0.01078548869189516
6966 0.01078530042115428
6967 0.01078549334182907
6968 0.01078482759613929
6969 0.01078433878024784
6970 0.01078429487995341
6971 0.01078420315452311
6972 0.01078355438612489
6973 0.01078316886494947
6974 0.0107831427736935
6975 0.01078280004027078
6976 0.01078216103474016
6977 0.01078187023262874
6978 0.01078187417188064
6979 0.01078143665388532
6980 0.01078087371699241
6981 0.01078085682179544
6982 0.01078084756776175
6983 0.01078009583054394
6984 0.01077943958310969
6985 0.01077932968559312
6986 0.01077884440699882
6987 0.0107781319520953
6988 0.01077758552537312
6989 0.01077751996987624
6990 0.01077689149135649
6991 0.01077620068045666
6992 0.0107759070926662
6993 0.01077600522399375
6994 0.01077528491578626
6995 0.01077475557005012
6996 0.01077470549470822
6997 0.01077462682843728
6998 0.01077404782915831
6999 0.0107737645468435
7000 0.0107738662903959
7001 0.01077368065024834
7002 0.01077323119285465
7003 0.01077343479563059
7004 0.01077396499456857
7005 0.0107738927181054
7006 0.01077367656872797
7007 0.01077401053160328
7008 0.01077434524686361
7009 0.01077398511584753
7010 0.01077375821228189
7011 0.01077407631731959
7012 0.01077400906991934
7013 0.01077372410577994
7014 0.01077357235429931
7015 0.01077394825478636
7016 0.01077366242855026
7017 0.01077336081017454
7018 0.01077343595644941
7019 0.01077386267283205
7020 0.01077344364991422
7021 0.01077322692633797
7022 0.01077347264124378
7023 0.01077363420272559
7024 0.01077330168609702
7025 0.01077325184628594
7026 0.0107735575301152
7027 0.01077353267495753
7028 0.01077322222439026
7029 0.01077331444193397
7030 0.01077370566035097
7031 0.0107734774473331
7032 0.010773167680699
7033 0.01077344886458252
7034 0.01077373853843119
7035 0.01077337709448324
7036 0.01077316537307444
7037 0.01077350162980992
7038 0.01077342569408451
7039 0.01077317077450471
7040 0.01077309739401167
7041 0.01077346669477362
7042 0.01077322677524287
7043 0.01077294211633813
7044 0.0107730429938543
7045 0.01077346960777042
7046 0.01077303080107383
7047 0.01077279977182576
7048 0.01077301815530648
7049 0.01077312714444562
7050 0.0107727555324146
7051 0.01077266482243428
7052 0.01077292588188427
7053 0.01077285770168254
7054 0.01077260465304063
7055 0.01077243122000807
7056 0.01077260706846276
7057 0.01077273057087569
7058 0.01077245542974317
7059 0.01077209522571157
7060 0.01077246774766818
7061 0.01077248556534326
7062 0.008053479918040769
7063 0.0107346899516234
7064 0.01267305610581343
7065 0.0137648236515545
7066 0.01428054920268654
7067 0.01442323395046253
7068 0.01429592695165678
7069 0.01404235157886614
7070 0.01371597699946186
7071 0.01339058960752771
7072 0.01307867427210384
7073 0.01280594956596505
7074 0.01256980976595401
7075 0.01237578384584933
7076 0.01221825640929132
7077 0.01210640760840872
7078 0.01201109071228132
7079 0.0119365717164026
7080 0.01188093640492998
7081 0.01184272720580143
7082 0.01181370397069144
7083 0.01179500144495805
7084 0.01178374748317874
7085 0.0117799727496175
7086 0.01178044130408682
7087 0.01178617905506312
7088 0.01179463256467637
7089 0.01180548841881175
7090 0.01181700394259103
7091 0.01182944928193668
7092 0.01184210826073316
7093 0.01185527873070744
7094 0.01186906672352307
7095 0.01188335002406443
7096 0.01189616113480633
7097 0.01190783541406931
7098 0.01191749980479587
7099 0.01192513537903168
7100 0.01193016172835858
7101 0.01193260275265263
7102 0.01193221629703459
7103 0.01193064429471533
7104 0.0119261825759012
7105 0.01192032596400715
7106 0.01191099451785498
7107 0.01190179561287597
7108 0.01189150494506008
7109 0.01188055943616752
7110 0.01187033755789543
7111 0.0118600059731429
7112 0.01184928209007631
7113 0.0118389655976585
7114 0.01182857745852505
7115 0.01181806689620575
7116 0.01180849792963245
7117 0.01179928610670574
7118 0.01178991914545332
7119 0.01178162121294268
7120 0.01177391016806116
7121 0.01176662571400216
7122 0.01176061166330769
7123 0.01175552112508138
7124 0.01175063245308708
7125 0.01174656441188134
7126 0.01174308850464546
7127 0.01174055147515911
7128 0.0117383508890724
7129 0.011737025013377
7130 0.01173604353507152
7131 0.0117359950421787
7132 0.01173586515583065
7133 0.01173615012649948
7134 0.01173610875850022
7135 0.01173656753622885
7136 0.01173725661181042
7137 0.01173811235823441
7138 0.01173894566272553
7139 0.01174009617103885
7140 0.01174091437919661
7141 0.01174173827929205
7142 0.01174187947299403
7143 0.01174210830885405
7144 0.01174209670785754
7145 0.01174213064383649
7146 0.01174183180977371
7147 0.01174134521206302
7148 0.01174043980058501
7149 0.01173958784666074
7150 0.01173830694184282
7151 0.01173721726985457
7152 0.01173582561986466
7153 0.01173433523622788
7154 0.01173264252795433
7155 0.01173121050827741
7156 0.0117294950265539
7157 0.01172814678876086
7158 0.0117265314026836
7159 0.01172507538136639
7160 0.01172334144620917
7161 0.01172213581357071
7162 0.01172077212852072
7163 0.01171983981716701
7164 0.01171871130411371
7165 0.01171798384220904
7166 0.01171704944468156
7167 0.01171641299296495
7168 0.01171549163403719
7169 0.01171506108874372
7170 0.01171460193782843
7171 0.01171445656244976
7172 0.01171415646683283
7173 0.01171420794724951
7174 0.01171408604598976
7175 0.01171430383458794
7176 0.01171431717281355
7177 0.01171460657567527
7178 0.01171466179223401
7179 0.01171501727304717
7180 0.01171512638358666
7181 0.01171549046632289
7182 0.01171561187690682
7183 0.0117159699927372
7184 0.01171606640370996
7185 0.01171640751764255
7186 0.01171647568200452
7187 0.01171673221892918
7188 0.01171667147984337
7189 0.01171683152806222
7190 0.01171670274231981
7191 0.01171679588832309
7192 0.01171658839036416
7193 0.0117165952607077
7194 0.01171630361927677
7195 0.01171622296633441
7196 0.01171584191065
7197 0.01171564514613147
7198 0.0117151058398235
7199 0.01171481130133561
7200 0.01171424692033198
7201 0.01171394180933634
7202 0.0117133674656778
7203 0.01171304360261007
7204 0.01171240771429767
7205 0.01171198678389335
7206 0.01171128999516229
7207 0.01171084583735398
7208 0.01171014969118053
7209 0.01170975274156415
7210 0.01170911713878973
7211 0.01170869454657216
7212 0.01170796497749554
7213 0.01170755192624833
7214 0.01170694545212792
7215 0.01170670773566402
7216 0.01170621832907873
7217 0.01170597427163353
7218 0.01170541784201778
7219 0.01170518230030272
7220 0.01170471738580578
7221 0.01170459361178107
7222 0.01170427151559487
7223 0.01170429322855406
7224 0.0117040606498428
7225 0.0117041787866138
7226 0.01170409743087516
7227 0.01170434211838156
7228 0.0117043786342683
7229 0.01170470082183154
7230 0.01170481435531092
7231 0.01170522809392773
7232 0.0117053964423319
7233 0.01170583560047836
7234 0.01170601630775518
7235 0.01170642879952098
7236 0.01170658112590815
7237 0.01170699481839732
7238 0.01170713302022119
7239 0.0117075257025999
7240 0.01170761862700697
7241 0.0117079678963254
7242 0.01170800763265718
7243 0.009923247310005651
7244 0.00940375044645444
7245 0.009232859899596402
7246 0.009232438536984734
7247 0.009305294550253583
7248 0.009404617402719972
7249 0.009520445310039984
7250 0.009644543121939148
7251 0.009760719885545723
7252 0.009861825703643693
7253 0.009950204901508105
7254 0.01002291653183903
7255 0.01007801719837911
7256 0.0101141026817901
7257 0.01013278208287349
7258 0.01013619271636635
7259 0.01012048893528707
7260 0.0100981915530396
7261 0.01006871097047436
7262 0.01003637301110972
7263 0.01000799676181044
7264 0.009978754764660343
7265 0.009956617616906561
7266 0.009934243477638259
7267 0.009910655555009057
7268 0.00988956086486884
7269 0.009874285402929965
7270 0.009864889448425441
7271 0.009862173655242383
7272 0.009866164742259934
7273 0.009876272462836466
7274 0.009891011421538571
7275 0.009912791392065219
7276 0.009938344817309337
7277 0.009967519015314954
7278 0.01000153639842838
7279 0.01004048365462577
7280 0.01009328544514511
7281 0.01014758862698131
7282 0.01019816312959285
7283 0.01025244994674286
7284 0.01029994744077384
7285 0.01034707617959768
7286 0.01039906341131123
7287 0.01044724202811412
7288 0.01049131609996002
7289 0.01053159602854846
7290 0.0105671565909321
7291 0.01059798885974246
7292 0.01062772312960345
7293 0.01065109277246952
7294 0.01066871978472228
7295 0.01068113053032553
7296 0.01068875676538725
7297 0.01069194089766427
7298 0.01069077847027801
7299 0.01068852903461178
7300 0.01068282788615734
7301 0.01067109379532984
7302 0.01065831478412598
7303 0.01064701859037458
7304 0.01063337894086245
7305 0.01061912423930997
7306 0.0106038733867007
7307 0.01058806413294831
7308 0.01057189838751914
7309 0.01055578142515326
7310 0.01053986521349043
7311 0.01052471305064815
7312 0.01051013748012545
7313 0.01049695507646183
7314 0.01048448925104343
7315 0.01047340171421098
7316 0.01046318624135174
7317 0.01045421643018263
7318 0.01044625202134843
7319 0.01043949488956426
7320 0.01043376857677134
7321 0.01042950368151505
7322 0.01042622816863416
7323 0.0104241478747975
7324 0.01042259272993816
7325 0.01042219577870462
7326 0.0104225343627992
7327 0.01042389121169898
7328 0.01042586943973328
7329 0.01042861989012025
7330 0.01043185833493909
7331 0.0104354940540196
7332 0.01043947445471587
7333 0.01044415863838877
7334 0.01044894325523517
7335 0.01045433917441363
7336 0.0104597095799125
7337 0.01046505594497132
7338 0.01047012896723075
7339 0.01047514379912956
7340 0.01047981903958339
7341 0.01048437607821161
7342 0.01048848924771464
7343 0.01049247827290757
7344 0.010495983251896
7345 0.01049929145824093
7346 0.01050214681341479
7347 0.01050477824576181
7348 0.01050692175387672
7349 0.01050889408578526
7350 0.01051041649391566
7351 0.01051177662576463
7352 0.01051271641944981
7353 0.0105134788657908
7354 0.01051380028863576
7355 0.01051400769593318
7356 0.01051384313675659
7357 0.01051358026564636
7358 0.01051301020826075
7359 0.0105123900448354
7360 0.01051140141541028
7361 0.01051049326393437
7362 0.01050945892680864
7363 0.01050847735303203
7364 0.01050733565995792
7365 0.01050629803636638
7366 0.01050508197971307
7367 0.0105040223398748
7368 0.01050283727055822
7369 0.01050182532218344
7370 0.01050075378898748
7371 0.01049989450435501
7372 0.01049894142209216
7373 0.01049820128580807
7374 0.01049740922080289
7375 0.0104968355056332
7376 0.01049624172133022
7377 0.01049587071905242
7378 0.0104954491218578
7379 0.0104952318196814
7380 0.01049495624644788
7381 0.01049489768896184
7382 0.01049479549442795
7383 0.01049492867578756
7384 0.01049491980655882
7385 0.01049515770180182
7386 0.01049534506371883
7387 0.01049571642153307
7388 0.01049607716419133
7389 0.01049661504921759
7390 0.01049706762135359
7391 0.01049770692342812
7392 0.01049825506946334
7393 0.01049893773496803
7394 0.01049954846536677
7395 0.01050028202342234
7396 0.01050090974377997
7397 0.01050167835680509
7398 0.01050227507684053
7399 0.01050299774193531
7400 0.01050363264115549
7401 0.01050439100319289
7402 0.01050499457301652
7403 0.01050573407937902
7404 0.01050631010758075
7405 0.01050696978242365
7406 0.0105075004580334
7407 0.0105080993233499
7408 0.01050853401814015
7409 0.01050905232245184
7410 0.01050941453428935
7411 0.01050982421955931
7412 0.01051008197572222
7413 0.01051047176320959
7414 0.01051064319444018
7415 0.0105108670768493
7416 0.01051092144157985
7417 0.01051103624483525
7418 0.01051099174217692
7419 0.01051103426491578
7420 0.01051090411048261
7421 0.01051087312543678
7422 0.01051070803331896
7423 0.01051066108234801
7424 0.01051049129042608
7425 0.01051041956029868
7426 0.01051019916976315
7427 0.01051012491720571
7428 0.01050988350726573
7429 0.01050975438907248
7430 0.01050951405966882
7431 0.01050940567182664
7432 0.01050913952001827
7433 0.010509035000506
7434 0.0105087886730396
7435 0.01050865860950693
7436 0.01050843133323773
7437 0.01050834144725598
7438 0.01050811027332204
7439 0.01050803936134315
7440 0.01050783936846284
7441 0.01050776432941863
7442 0.01050760100687801
7443 0.01050755395127109
7444 0.01050737740378366
7445 0.01050736516965264
7446 0.01050723562807584
7447 0.01050721969816633
7448 0.01050710572975853
7449 0.01050713125844653
7450 0.0105070123014676
7451 0.0105070575998332
7452 0.01050698690258604
7453 0.01050702128044695
7454 0.01050693431609199
7455 0.01050699700538357
7456 0.0105069284874573
7457 0.0105070076500856
7458 0.01050695956898491
7459 0.01050702144114611
7460 0.01050696809165733
7461 0.01050704798344072
7462 0.01050698155691735
7463 0.01050706720695683
7464 0.01050700999809839
7465 0.01050706717459234
7466 0.01050700677058367
7467 0.01050705811617855
7468 0.01050696556268345
7469 0.01050701323390692
7470 0.0105069310650334
7471 0.01050694106703032
7472 0.006880390510166993
7473 0.007314662755122879
7474 0.007982859961504041
7475 0.008642760146706121
7476 0.009226679593702047
7477 0.009683337443533044
7478 0.01007940875773016
7479 0.01040270737980931
7480 0.01065774894957729
7481 0.0108488351796299
7482 0.01097907926900203
7483 0.01106453822497076
7484 0.01110238365030869
7485 0.011106745809289
7486 0.01107995282013826
7487 0.0110330870028457
7488 0.01096742298250902
7489 0.01089369023491017
7490 0.01080983102692427
7491 0.01072349973468881
7492 0.01063406576744278
7493 0.01055124735827128
7494 0.01046873201380847
7495 0.01039637853291444
7496 0.01032605673135928
7497 0.01026966886969493
7498 0.010215030246245
7499 0.01017309321746946
7500 0.01013424082653073
7501 0.01010937534648915
7502 0.01008611370584612
7503 0.01007613122349052
7504 0.01006656882046919
7505 0.01006924564124251
7506 0.01007111120239514
7507 0.01008457116814097
7508 0.01009558825743675
7509 0.01011704375969951
7510 0.01013436020558705
7511 0.01016210585978734
7512 0.01018484283236192
7513 0.01021653059504057
7514 0.0102412189648208
7515 0.01027415999816617
7516 0.01029856898505944
7517 0.01033056678021042
7518 0.0103527988163316
7519 0.0103826008666597
7520 0.01040160888207749
7521 0.01042782015481535
7522 0.01044299925290918
7523 0.01046577729523959
7524 0.01047665933625692
7525 0.01049581958053736
7526 0.01050277126542596
7527 0.01051864992545486
7528 0.01052174762154799
7529 0.0105348077202416
7530 0.01053480826117425
7531 0.01054560131600276
7532 0.01054310623672953
7533 0.01055254407814661
7534 0.01054885325003921
7535 0.01055826045017283
7536 0.01055326819450875
7537 0.01056264150855304
7538 0.01055689782871883
7539 0.01056665884957276
7540 0.0105604952861282
7541 0.01057099378245303
7542 0.01056452145418093
7543 0.01057581472916502
7544 0.01056904441198684
7545 0.0105813143065352
7546 0.01057431977566242
7547 0.01058741718278511
7548 0.0105800115018581
7549 0.01059382716953696
7550 0.01058582645884795
7551 0.01060023463500482
7552 0.0105914610007264
7553 0.01060633181545963
7554 0.01059621505949675
7555 0.01061108535208083
7556 0.01059944598324469
7557 0.01061454453581597
7558 0.01060131838909043
7559 0.01061668100490666
7560 0.01060186105253187
7561 0.01061753683915079
7562 0.01060108582158322
7563 0.01061723890990137
7564 0.0105993213236617
7565 0.0106160264054131
7566 0.01059660918523343
7567 0.01061393763488953
7568 0.01059318511554678
7569 0.01061126619110674
7570 0.01058922308872789
7571 0.01060821682863948
7572 0.01058512575673773
7573 0.01060517288959643
7574 0.01058115114230851
7575 0.01060241725864871
7576 0.01057765363835724
7577 0.01060022432528417
7578 0.01057483588875545
7579 0.01059883007009846
7580 0.01057279865878241
7581 0.01059802165526694
7582 0.01057152826783128
7583 0.01059803598644379
7584 0.01057130344779707
7585 0.01059848335332834
7586 0.01057164657025989
7587 0.01059898662111563
7588 0.01057236912229125
7589 0.01059987158619085
7590 0.01057364132648776
7591 0.01060149220252675
7592 0.01057573704817343
7593 0.01060379924131109
7594 0.01057829846086761
7595 0.01060650329662058
7596 0.01058124573134246
7597 0.0106095839049473
7598 0.01058460169205719
7599 0.01061292504857856
7600 0.01058805566863613
7601 0.0106161281178699
7602 0.01059117498972697
7603 0.0106191209007054
7604 0.01059421897924024
7605 0.01062196238553799
7606 0.01059695513696554
7607 0.010624510777207
7608 0.01059942519199284
7609 0.01062668880243773
7610 0.01060138871016276
7611 0.01062841790175338
7612 0.01060300121329149
7613 0.01062985831532507
7614 0.01060429461540127
7615 0.01063087462366696
7616 0.01060525973489367
7617 0.01063160969388071
7618 0.0106059563122953
7619 0.01063207060265828
7620 0.01060642640846799
7621 0.01063231453047239
7622 0.01060663691863624
7623 0.0106322817355706
7624 0.01060661782385302
7625 0.01063205816499493
7626 0.01060641698657096
7627 0.01063170099268894
7628 0.01060612875031442
7629 0.01063131576625509
7630 0.01060581358196233
7631 0.01063084504570256
7632 0.01060537601628558
7633 0.01063029102094459
7634 0.01060489798750441
7635 0.01062973426799284
7636 0.0106044783582961
7637 0.01062928237495334
7638 0.01060409558201247
7639 0.01062884357848451
7640 0.01060372565789952
7641 0.01062844590814829
7642 0.01060340599831865
7643 0.01062809115195605
7644 0.01060314548727339
7645 0.0106278518079216
7646 0.01060298536299735
7647 0.01062764870444044
7648 0.01060285782946028
7649 0.01062752757085973
7650 0.01060279407946551
7651 0.01062742641639091
7652 0.01060270410895533
7653 0.01062730181321763
7654 0.01060261046354405
7655 0.01062708679791391
7656 0.01060239473818992
7657 0.01062692011199867
7658 0.01060233010720616
7659 0.01062692174298016
7660 0.01060240985353053
7661 0.01062709481685974
7662 0.01060264778652611
7663 0.01062730773014029
7664 0.01060289751691182
7665 0.01062762401242917
7666 0.01060324925801588
7667 0.01062799906149294
7668 0.01060363371601471
7669 0.01062840819189116
7670 0.01060405649119888
7671 0.01062881363736354
7672 0.01060442609149777
7673 0.0106291776793366
7674 0.01060468026976124
7675 0.01062931870386245
7676 0.0106046852493514
7677 0.01062925951663287
7678 0.01060451493140668
7679 0.01062904598355315
7680 0.01060420041125166
7681 0.0106287694338436
7682 0.01060388863766839
7683 0.01062852017059302
7684 0.01060361143537763
7685 0.01062833424143529
7686 0.01060342510747376
7687 0.01062816785074039
7688 0.0106032415004132
7689 0.01062808110586947
7690 0.01060430930240037
7691 0.01063260087110123
7692 0.01060570605753228
7693 0.01063024561161778
7694 0.01060528447294319
7695 0.01063204380650374
7696 0.01060213939997517
7697 0.01063226156739241
7698 0.01060184336801966
7699 0.01063269211162339
7700 0.01060187049576593
7701 0.01063336408803029
7702 0.0106021127573925
7703 0.01063373953515574
7704 0.01060212072011769
7705 0.01063384829650795
7706 0.01060204525704743
7707 0.01063373744992871
7708 0.01060179810854512
7709 0.01063367959292995
7710 0.01060168751973277
7711 0.01063356348289597
7712 0.01060151433590779
7713 0.01063357576054531
7714 0.01060154018272217
7715 0.01063355939654316
7716 0.01060144990301284
7717 0.01063364729810088
7718 0.01060156966816889
7719 0.01063368394070085
7720 0.01060149349578366
7721 0.01063377272631249
7722 0.01060168592798061
7723 0.01063381854785935
7724 0.01060153745245708
7725 0.01063390806279784
7726 0.01060181869863796
7727 0.01063393083429082
7728 0.01060155884797878
7729 0.01063399900062161
7730 0.0106019575009391
7731 0.01063336400763166
7732 0.01060005379043364
7733 0.01063600540357793
7734 0.01060050662677218
7735 0.01063599320501354
7736 0.01060007545056051
7737 0.01063622037982281
7738 0.01060054685681933
7739 0.01063609961916285
7740 0.01060000272695882
7741 0.01063622942710536
7742 0.01060050416730453
7743 0.01063613787546853
7744 0.01060003518518621
7745 0.01063635213811184
7746 0.01060063265809113
7747 0.01063631513000491
7748 0.01060020019757687
7749 0.01063657851026878
7750 0.01060085142330395
7751 0.01063653976236062
7752 0.0106003804226665
7753 0.01063676866344025
7754 0.01060100523435563
7755 0.01063666970358556
7756 0.01060048798974809
7757 0.01063687133592718
7758 0.01060107167389896
7759 0.0106367522218759
7760 0.01060054183243601
7761 0.01063691325217377
7762 0.0106010979101075
7763 0.01063679996043687
7764 0.01060057307117825
7765 0.01063692881884601
7766 0.01060110656976843
7767 0.01063679543316318
7768 0.0106005628495974
7769 0.01063694443405653
7770 0.01060112040088116
7771 0.01063652697334747
7772 0.0105994549889337
7773 0.01063780091730321
7774 0.01059994296196436
7775 0.01063763874854874
7776 0.01059931700495199
7777 0.01063784740676771
7778 0.01059988215697816
7779 0.01063766604444209
7780 0.01059923983059753
7781 0.01063785963234736
7782 0.01059984418439778
7783 0.01063767389806321
7784 0.01059920415581929
7785 0.01063788366774597
7786 0.01059984179937181
7787 0.01063774035399495
7788 0.01059924663724511
7789 0.01063794250414927
7790 0.01059988235654395
7791 0.01063778209484166
7792 0.01059927368252797
7793 0.01063798505339857
7794 0.01059990520595855
7795 0.01063780711528704
7796 0.01059928140967279
7797 0.01063800770605576
7798 0.0105999298766814
7799 0.01063782960766932
7800 0.01059928302570578
7801 0.01063799694065448
7802 0.01059991725486851
7803 0.01063782160179674
7804 0.01059925896308717
7805 0.01063797440709494
7806 0.01059988299779236
7807 0.01063778956110768
7808 0.01059922700144196
7809 0.01063794646490743
7810 0.01059985135104717
7811 0.01063775537959764
7812 0.01059918305976586
7813 0.01063791248531916
7814 0.01059981405208558
7815 0.01063772298618861
7816 0.01059914212977388
7817 0.0106378796060258
7818 0.01059977455946579
7819 0.01063770019359241
7820 0.01059910956145965
7821 0.01063784227377531
7822 0.01059974161721866
7823 0.01063765681290444
7824 0.01059908884640837
7825 0.01063781873630013
7826 0.01059972606965279
7827 0.01063763527036443
7828 0.01059905359508119
7829 0.01063779743709516
7830 0.01059969815121525
7831 0.01063762772101195
7832 0.01059904253015254
7833 0.01063779416799907
7834 0.01059969392179469
7835 0.0106376162134215
7836 0.0105990354318326
7837 0.01063778922530773
7838 0.01059969549941902
7839 0.01063761968733988
7840 0.01059904775647953
7841 0.01063772423460756
7842 0.01059898428141919
7843 0.01063804141578291
7844 0.01059826558590437
7845 0.01063826922735683
7846 0.01059893437171729
7847 0.01063809307521075
7848 0.01059825867481999
7849 0.01063828253066998
7850 0.01059891630602821
7851 0.01063810427197802
7852 0.01059826535509177
7853 0.01063832559516716
7854 0.0105989610399928
7855 0.01063816555899398
7856 0.01059832183440869
7857 0.01063839944572393
7858 0.01059903054520202
7859 0.01063825408592924
7860 0.01059839063747546
7861 0.01063847345842801
7862 0.01059908760569499
7863 0.01063830908940387
7864 0.01059843912057412
7865 0.01063852812850558
7866 0.01059914171758707
7867 0.01063835917578223
7868 0.01059849471888577
7869 0.0106385805993679
7870 0.0105991825572285
7871 0.01063839602872164
7872 0.01059851829888961
7873 0.01063861378087412
7874 0.01059921677412653
7875 0.01063843401317214
7876 0.01059854495477944
7877 0.0106386375875245
7878 0.01059923735933808
7879 0.01063845527177572
7880 0.01059856993256254
7881 0.01063866516632211
7882 0.01059925209715255
7883 0.01063846266326037
7884 0.01059857191076546
7885 0.01063867085114415
7886 0.01059925896471917
7887 0.01063847857955581
7888 0.01059857864144713
7889 0.01063867826796523
7890 0.01059926528797925
7891 0.01063848445511786
7892 0.01059859032861642
7893 0.01063868284635264
7894 0.01059926232617733
7895 0.01063847729962875
7896 0.01059857776242682
7897 0.01063867392871387
7898 0.01059926480784049
7899 0.0106384744750184
7900 0.01059857153137047
7901 0.01063866356055347
7902 0.01059924618804095
7903 0.01063845834790173
7904 0.01059861613019424
7905 0.01063865651821649
7906 0.01059930199303058
7907 0.01063846575068325
7908 0.01059863054423504
7909 0.01063866463346013
7910 0.010599291299046
7911 0.01063844592221625
7912 0.01059859807600877
7913 0.01063863466205241
7914 0.01059926318875271
7915 0.01063842498998811
7916 0.01059857567667207
7917 0.01063860802413596
7918 0.01059924376976865
7919 0.01063838930922613
7920 0.01059853999619242
7921 0.010638569928469
