"C_l_NACA_0012_max_downforce-rfile"
"Iteration" "C_l_NACA_0012_max_downforce"
("Iteration" "C_l_NACA_0012_max_downforce")
1 0.06782783147504151
2 0.09221087748937266
3 0.1064271585257058
4 0.1148682278260782
5 0.1212584286740427
6 0.124795323833393
7 0.1283427722025251
8 0.1322447241751623
9 0.1356666719565532
10 0.1385214114857155
11 0.1412907757601463
12 0.144140383598501
13 0.1458953679290583
14 0.1473059436779427
15 0.1480022257424912
16 0.147785793673192
17 0.1471855426789645
18 0.1461686650296651
19 0.144576128860835
20 0.1429482353753943
21 0.1411249064712926
22 0.1390414733883448
23 0.1366358111013033
24 0.1338751016803668
25 0.1304666217042984
26 0.1264528064365744
27 0.1217825272324976
28 0.1164901727391999
29 0.1107226595810857
30 0.1042972828426072
31 0.09736043862860935
32 0.09001296987598002
33 0.08240979673454478
34 0.07464933785525199
35 0.06701940068268478
36 0.0595855928974217
37 0.05244504976354449
38 0.04569668209338719
39 0.03931397950666767
40 0.03339004029296241
41 0.02794452896822457
42 0.02291952851293065
43 0.01832218489523597
44 0.01407453550448081
45 0.01012703876958732
46 0.006403744619516392
47 0.002785867977107919
48 -0.0005945974471019066
49 -0.00376983718848625
50 -0.006702389204758189
51 -0.009448032177667353
52 -0.01200444775531306
53 -0.01434557484835832
54 -0.0164652286542303
55 -0.01840565512695517
56 -0.02012699463959269
57 -0.02161709024573119
58 -0.02296603962341007
59 -0.02408481529361104
60 -0.0249962156664944
61 -0.02574751217575086
62 -0.02630693864261795
63 -0.02672051178886963
64 -0.02697838982601275
65 -0.0270992671716905
66 -0.02708858585394809
67 -0.0269684255396014
68 -0.02674393975225473
69 -0.02642191798702222
70 -0.02603803690998212
71 -0.02560072515601425
72 -0.02511817913878393
73 -0.02457321726164387
74 -0.02403298003997079
75 -0.02341848307941197
76 -0.02278825140932344
77 -0.0221484871131097
78 -0.02149926483781354
79 -0.02084381766988779
80 -0.02018452051402416
81 -0.01953038968264127
82 -0.01888059380839748
83 -0.01824092493721155
84 -0.01760767142002296
85 -0.01701734637444686
86 -0.01643452313171515
87 -0.01586489269492143
88 -0.01531035464134573
89 -0.01477500535767125
90 -0.01426057043363865
91 -0.01376406352485904
92 -0.01328147130105637
93 -0.01281588612606218
94 -0.01236225369587489
95 -0.01192389740065695
96 -0.01149951593691861
97 -0.01108693451197432
98 -0.01067970328165581
99 -0.01029204795949157
100 -0.009912376021276727
101 -0.009535193735653863
102 -0.009173438604752534
103 -0.008819526029515029
104 -0.00847673569386485
105 -0.008140693285040433
106 -0.007814214944231887
107 -0.007492982020669665
108 -0.007180626884859019
109 -0.006876189014013002
110 -0.006582625077275347
111 -0.006298981728001567
112 -0.006027193767186759
113 -0.005766818278191498
114 -0.005518596650570962
115 -0.005281368841136504
116 -0.005053645285972569
117 -0.004843839214436148
118 -0.004641712479034119
119 -0.004450621047496806
120 -0.004267586265410335
121 -0.004092926162695828
122 -0.003919736504134314
123 -0.003759128606005314
124 -0.003606191113705796
125 -0.00346450297621824
126 -0.003328153528492683
127 -0.003196956275378056
128 -0.003069886022545788
129 -0.002947926945883439
130 -0.002829940799214765
131 -0.002715655577232947
132 -0.002610388903362523
133 -0.002507056342610104
134 -0.002406231101504832
135 -0.002305666384688345
136 -0.002208435698145922
137 -0.002112650103707256
138 -0.002020360410795678
139 -0.001932788282850867
140 -0.001847239587931696
141 -0.001761577487396923
142 -0.00168078624592851
143 -0.001597001499640645
144 -0.001517836810044199
145 -0.001440099352575283
146 -0.001365358757323413
147 -0.00129198793264038
148 -0.00122004935536038
149 -0.001149319115649451
150 -0.001079769543197709
151 -0.00101143650080769
152 -0.0009443267847056586
153 -0.0008798827306324753
154 -0.0008166585211884497
155 -0.0007567606153961414
156 -0.0006988465887970451
157 -0.0006454511027295594
158 -0.0005935872903917786
159 -0.0005456293452802729
160 -0.000500212191800486
161 -0.0004606062004878624
162 -0.0004230570583517699
163 -0.0003909588266948101
164 -0.0003613868857125307
165 -0.0003349743660889991
166 -0.000311088477139006
167 -0.0002895933468011266
168 -0.0002702681308002382
169 -0.0002518943798572562
170 -0.0002351852156036883
171 -0.0002181230280282132
172 -0.0002024112725392052
173 -0.0001860026617684042
174 -0.0001716166311118184
175 -0.0001544790123066627
176 -0.0001392548756560053
177 -0.0001211605582025949
178 -0.0001041165578782471
179 -8.435145141650253e-05
180 -6.466687152282769e-05
181 -4.311258705505384e-05
182 -2.0496501097274e-05
183 3.37278455610981e-06
184 2.884052516187637e-05
185 5.524371950035974e-05
186 8.391162270012308e-05
187 0.0001132027910859488
188 0.0001449756618941549
189 0.0001761628977041316
190 0.0002108906250815038
191 0.0002438961599389909
192 0.0002804890466859839
193 0.0003156273169391377
194 0.000353621280045067
195 0.0003904906684442193
196 0.0004291041044531458
197 0.0004672408697043162
198 0.0005058035214689903
199 0.0005443484015481702
200 0.0005825736103532365
201 0.0006210456205052096
202 0.0006578739145649285
203 0.0006959761089296063
204 0.0007313349155321386
205 0.0007673648227362046
206 0.0007999125918563688
207 0.0008339292216720271
208 0.0008637667743992625
209 0.0008946168788955597
210 0.0009218005660245898
211 0.000949196495977475
212 0.0009736084821448856
213 0.0009970517888737774
214 0.001018435542654432
215 0.00103777195333783
216 0.001055999885292389
217 0.001071503088541181
218 0.001086811560800996
219 0.001099231874140623
220 0.001111940160825087
221 0.001120975789594346
222 0.001131159962064457
223 0.001137111456907093
224 0.001144830394139356
225 0.001148826590260884
226 0.001154082859548166
227 0.001156611090630843
228 0.00115938329954018
229 0.001161012728469807
230 0.001161710580345728
231 0.001162595141615188
232 0.001161934761158523
233 0.001162265287249738
234 0.001160586596920637
235 0.001160785312790662
236 0.001159068475224492
237 0.001159053176628082
238 0.001156783286674686
239 0.001157462855937223
240 0.001155380695474772
241 0.001156076337759681
242 0.00115511417356062
243 0.001155891115699373
244 0.001156388521429169
245 0.001157414190431852
246 0.00115913870465085
247 0.001160663127775248
248 0.001163597917633406
249 0.00116570277979359
250 0.001169829809822363
251 0.001172976660547269
252 0.001178566421774335
253 0.001182375095743595
254 0.001188801595251103
255 0.001192970348112381
256 0.001199999736665476
257 0.001205360650294136
258 0.001212545301383771
259 0.001218830973123136
260 0.001226147479864208
261 0.001233499607051451
262 0.001240478139664016
263 0.001248408932516139
264 0.001255277409240071
265 0.001263545254006075
266 0.001270253712226069
267 0.001278801001545668
268 0.001285715508785227
269 0.001294055589322456
270 0.001300529373984841
271 0.001308797975793139
272 0.001314778098396396
273 0.001322504902547427
274 0.001328554010850807
275 0.00133541384012039
276 0.001341513006422914
277 0.001347351414914284
278 0.001353374298571201
279 0.001358263996190411
280 0.00136392004438486
281 0.001368087193923934
282 0.001373154078572428
283 0.001376916308971686
284 0.001381735348964539
285 0.001384911073790527
286 0.001389005295879667
287 0.001391062882365919
288 0.001394637852314578
289 0.001396373970501559
290 0.001399080327699042
291 0.001400484105128105
292 0.001402357039318104
293 0.001403827407547206
294 0.001404589617338626
295 0.001405814856127936
296 0.001405997279347065
297 0.001406664550170038
298 0.001406386091134128
299 0.001406881571017752
300 0.001406344177847513
301 0.0014066708552276
302 0.001405444527015857
303 0.001405571882456209
304 0.001403637251269669
305 0.001403390561997414
306 0.001401521632327212
307 0.001400673056917662
308 0.001398929406892728
309 0.001397404794936091
310 0.001395578186000283
311 0.001393541802605454
312 0.00139157677088899
313 0.001389082356610247
314 0.001387052103110888
315 0.001384193459266513
316 0.00138230154117301
317 0.001379220713409847
318 0.001376951569888959
319 0.00137295970551789
320 0.001370633752461063
321 0.001366392558665608
322 0.001363586958582229
323 0.001359248553847823
324 0.00135612439720783
325 0.001351813106528466
326 0.001347954010571662
327 0.001343790592107405
328 0.001339498423076492
329 0.001335104041122918
330 0.001330427899738472
331 0.001326155061932419
332 0.001321316173999338
333 0.001317289710956234
334 0.001312022335771452
335 0.001308096032486573
336 0.001302053948990886
337 0.001298257480725911
338 0.001292246974101099
339 0.00128821033340285
340 0.001282436353642891
341 0.001278031102639574
342 0.001272715032836528
343 0.001267859227380323
344 0.001262824029608812
345 0.001257677002708958
346 0.001252994335656117
347 0.001247791419187157
348 0.001243543709152619
349 0.001238637409977686
350 0.001234797028195912
351 0.001229182870546185
352 0.001226239801444868
353 0.001220717983248855
354 0.001217767781803288
355 0.00121288857286516
356 0.00121002215632419
357 0.001205877562669736
358 0.001202835155782308
359 0.001199508928399383
360 0.001196552389269042
361 0.001193836027628321
362 0.001191065901858254
363 0.001189146031533462
364 0.001186650371782325
365 0.001185963329431706
366 0.001183577076876586
367 0.001183526476417142
368 0.001181052574937798
369 0.001181679196997614
370 0.001179892711206691
371 0.001180666500154098
372 0.001179713776470656
373 0.001180654810248555
374 0.001180767162594531
375 0.00118160309695617
376 0.001182569530772382
377 0.001183374539570561
378 0.00118523466774521
379 0.001186049399980006
380 0.00118872947772931
381 0.001190151402523045
382 0.001193416881120619
383 0.001194510752878982
384 0.001198577938079137
385 0.001199762124843243
386 0.00120385333152776
387 0.001205700686221314
388 0.00120977186386034
389 0.001212388241857433
390 0.001215972157326335
391 0.001219396583764489
392 0.001222453518204066
393 0.001226400462880384
394 0.001229313268974862
395 0.001233497103150225
396 0.001236404188771073
397 0.001241233476096077
398 0.001243814681527907
399 0.001248621547079244
400 0.001250599098426296
401 0.001255455724261025
402 0.001257544752614478
403 0.001261898216881249
404 0.001264345992682519
405 0.001267914529523668
406 0.001270920862026448
407 0.001273587517895104
408 0.001276750196348837
409 0.001278860654306077
410 0.001282036846988331
411 0.00128353243233975
412 0.0012866955397955
413 0.001288085732159001
414 0.001291180552290189
415 0.00129180418777368
416 0.001294887607290837
417 0.00129493964380576
418 0.001297331638409948
419 0.001297673240521852
420 0.0012992624859233
421 0.001299836777264054
422 0.001300531376724271
423 0.001301293873866698
424 0.001301104593608755
425 0.001301788444846749
426 0.001301060056221609
427 0.00130169933319591
428 0.001300479918643794
429 0.001301409975170641
430 0.001300156657163183
431 0.001300355265175621
432 0.00129829931769349
433 0.001298305147723053
434 0.001296283130785341
435 0.001295715507375032
436 0.001293920326702345
437 0.001292685064551977
438 0.001291248715781902
439 0.001289294709490023
440 0.00128794711606554
441 0.001285580904364769
442 0.001284316956780739
443 0.00128165140208293
444 0.001280440160258588
445 0.001277950992611814
446 0.0012767297429422
447 0.001274055773556196
448 0.001272998183287846
449 0.001269801073597923
450 0.001268690378094262
451 0.001265988628727836
452 0.00126449846965316
453 0.001262514665595874
454 0.001261171234912503
455 0.001260123551459157
456 0.001258483822555426
457 0.001257823631300573
458 0.001256234620841767
459 0.001256244486410453
460 0.001254990881720764
461 0.001255223259203303
462 0.001254477640422845
463 0.001255048741370721
464 0.001254199754619472
465 0.001254908544008499
466 0.001254650747803761
467 0.001254882769766798
468 0.001255398840547182
469 0.001255874624306472
470 0.001256871961638844
471 0.00125724810537386
472 0.001258435450829765
473 0.001258991347711492
474 0.001260148466922253
475 0.001260851425568527
476 0.001262328057385762
477 0.001263055575582393
478 0.001264613948115006
479 0.001265438499253084
480 0.001267015120893377
481 0.001267898189257501
482 0.001269464269519866
483 0.00127062225654798
484 0.001272153402844029
485 0.001273508743928717
486 0.001275057006347231
487 0.001276587997145543
488 0.001278090579411965
489 0.001279773474615734
490 0.00128123613108827
491 0.001283024418960559
492 0.001284368490548152
493 0.001286306403795181
494 0.001287675332245168
495 0.001289579239808729
496 0.001290946355415447
497 0.001292803210803715
498 0.001294003332140731
499 0.001295871969121688
500 0.001296946316957588
501 0.001298864024002015
502 0.001299927341544805
503 0.001301626831627951
504 0.00130290623246483
505 0.001304215262834388
506 0.001305484888212965
507 0.001306610584873586
508 0.001307898242456285
509 0.001308780776431815
510 0.001310037765487737
511 0.001310827647912128
512 0.001312023755361693
513 0.00131241218504306
514 0.001313745361607489
515 0.001313670931439142
516 0.001315019692873222
517 0.001314963579289234
518 0.001316061296995279
519 0.001316100216529081
520 0.001316781631921645
521 0.001316958480874152
522 0.001317299324305305
523 0.001317417531972719
524 0.001317603167967871
525 0.001317744762923554
526 0.00131755094801155
527 0.001317975451857889
528 0.001317373242359217
529 0.0013178459289479
530 0.001316898063393777
531 0.00131745894368376
532 0.001316355732184424
533 0.001316796390305064
534 0.001315742641236342
535 0.001315987773943089
536 0.001315139963136084
537 0.001315109401141555
538 0.001314458619205376
539 0.001314100376814452
540 0.001313596058816815
541 0.00131290514773356
542 0.001312888798682359
543 0.001311697665693906
544 0.001311974492375393
545 0.001310823268133211
546 0.001311047203511516
547 0.001309647284419808
548 0.001309993259454026
549 0.001308560263417393
550 0.001308908673656231
551 0.001307655137679004
552 0.0013078794989041
553 0.001307041623365584
554 0.001306876506386179
555 0.001306529781107388
556 0.00130589154141364
557 0.001305905088940612
558 0.001305101504254945
559 0.001305477841365813
560 0.001304548470999352
561 0.001305137467955512
562 0.001304135011425155
563 0.001304778373895469
564 0.001303589196525418
565 0.001304416937231594
566 0.001303308394547264
567 0.001304041001501845
568 0.001303322281221388
569 0.001303631644255729
570 0.001303632013625253
571 0.001303451052846546
572 0.00130382979844534
573 0.001303471111256562
574 0.00130407854109036
575 0.001303466488892862
576 0.001304422452717256
577 0.001303751539159089
578 0.00130484990185599
579 0.001304013020536534
580 0.001305201331839139
581 0.001304340150179098
582 0.001305350509674438
583 0.001304872000825847
584 0.001305452753864308
585 0.001305473119742744
586 0.001305744158006395
587 0.001306146282219562
588 0.001306030234896095
589 0.001306671591773455
590 0.001306342187200861
591 0.001307187852885533
592 0.001306603760616357
593 0.0013078654474912
594 0.00130715209197698
595 0.001308262401295701
596 0.001307622422837872
597 0.001308545882127978
598 0.001308056875246023
599 0.001308729280187691
600 0.001308555683205951
601 0.0013090244052352
602 0.001309157272808695
603 0.001309171383340794
604 0.001309682685110251
605 0.001309305414099739
606 0.001310062946880358
607 0.001309482119439876
608 0.001310347425285534
609 0.001309640032859256
610 0.001310576540495711
611 0.001309975620390509
612 0.001310531050208134
613 0.001310069898856235
614 0.001310595097745549
615 0.001310132463147503
616 0.001310451224962384
617 0.00131026844137261
618 0.00131039924746319
619 0.001310515570143795
620 0.001310183749061951
621 0.001310734044689368
622 0.001310106600794426
623 0.00131065713160262
624 0.001310064244479261
625 0.001310571126222136
626 0.001309963313712133
627 0.001310489086671325
628 0.001310042249824358
629 0.001310432328154046
630 0.001309869460730288
631 0.001310208548070422
632 0.001309708400026055
633 0.00130984913529296
634 0.001309701384193578
635 0.001309580314486613
636 0.001309794895601919
637 0.00130941421768623
638 0.001309699254283386
639 0.0013093498205907
640 0.001309497953605735
641 0.001309181850236895
642 0.001309556425865
643 0.001309138344989394
644 0.001309511277917102
645 0.001309173670933261
646 0.001309432589212176
647 0.001308997515802608
648 0.001309183685116535
649 0.001308906802898142
650 0.001309012056798461
651 0.001308835308033088
652 0.001308918793434238
653 0.00130885587377798
654 0.001308845760413686
655 0.001308944019565602
656 0.001308787510666204
657 0.001308942047543343
658 0.001308683833646969
659 0.001308981721912832
660 0.001308718067317343
661 0.001309019630659663
662 0.001308783739862219
663 0.001309045781513164
664 0.001308680918681772
665 0.001309043619204944
666 0.001308577285975219
667 0.001309048202764569
668 0.001308640973385744
669 0.001308990081490078
670 0.001308893743871258
671 0.001308950381785376
672 0.001308923192856104
673 0.001308941036092628
674 0.001308972750205288
675 0.001308869713369175
676 0.001309055207048531
677 0.001308931239014752
678 0.001309241860972617
679 0.001308832846223641
680 0.001309408212346551
681 0.00130863706790276
682 0.001309378268327084
683 0.001308723987856321
684 0.001309365375028816
685 0.001308889445057174
686 0.001309285079630255
687 0.001309124837784619
688 0.001309226568696826
689 0.001309139687508686
690 0.001309241197372582
691 0.001309265150441257
692 0.001309107719411237
693 0.001309588399498884
694 0.001309054035151469
695 0.001309683451132307
696 0.001308957242979734
697 0.001309754931289144
698 0.001308922972775287
699 0.001309692042152866
700 0.001308971207776723
701 0.001309632293655908
702 0.00130914452152393
703 0.001309576907365232
704 0.001309353507528235
705 0.001309493152626865
706 0.001309472792392013
707 0.001309289061185327
708 0.001309735361399375
709 0.00130902138032982
710 0.001309857456428001
711 0.001309191444546804
712 0.001309932166530754
713 0.001309037706535692
714 0.001309899786401318
715 0.001308919465775345
716 0.001309765582811315
717 0.001308925887936184
718 0.001309580235047119
719 0.001309147042203337
720 0.00130940612098842
721 0.001309441774597128
722 0.001309148597999098
723 0.001309496803350246
724 0.001309019410400878
725 0.001309675931634582
726 0.001308958712270305
727 0.001309792554637515
728 0.00130899653311284
729 0.00130981481105127
730 0.001308784024449606
731 0.001309751000703391
732 0.001308770309995467
733 0.001309506085188927
734 0.001308858572402879
735 0.001309225191417692
736 0.001309204745468287
737 0.001309005889639456
738 0.001309389676400637
739 0.001308956881401691
740 0.00130947468135626
741 0.001308795833038692
742 0.001309611950457047
743 0.001308783100854436
744 0.001309762980948162
745 0.001308800971092493
746 0.001309703774092241
747 0.001308760494191651
748 0.001309495453686806
749 0.001308878535786032
750 0.001309172129758486
751 0.001309023859526266
752 0.001309067959718558
753 0.001309225120673468
754 0.001308903485804216
755 0.001309299265909145
756 0.001308754376445811
757 0.00130931800382479
758 0.001308576768002174
759 0.001309413131635263
760 0.001308619960418936
761 0.001309444654387144
762 0.001308710843858157
763 0.001309341526911775
764 0.00130874292405805
765 0.001309144048894871
766 0.001308840506129828
767 0.001309105269391841
768 0.001309042732766752
769 0.001308936050286195
770 0.001309270791898991
771 0.001308751712450428
772 0.001309396358655569
773 0.001308728548165792
774 0.00130943310229192
775 0.001308659844765426
776 0.0013093596503054
777 0.001308836335519926
778 0.001309264765367568
779 0.001308827399037114
780 0.001309335259649849
781 0.001308823438333013
782 0.001309176036816186
783 0.001308909309400113
784 0.001309053447568212
785 0.001309112248217618
786 0.00130894237778308
787 0.001309337393082271
788 0.001308921198803095
789 0.00130935731645055
790 0.001308987042312744
791 0.001309352420382812
792 0.001308977351652368
793 0.001309458218878316
794 0.001309119733335482
795 0.001309525673569728
796 0.001309059789641322
797 0.001309457423183822
798 0.001308965196105807
799 0.001309271396951067
800 0.001309079465063055
801 0.001309181689175693
802 0.00130926210634262
803 0.001309149871856241
804 0.001309331384567691
805 0.001309205782626043
806 0.001309274581863859
807 0.001309164900545549
808 0.001309506722220118
809 0.001309165574888022
810 0.001309522720207294
811 0.001309309007826662
812 0.001309610168008601
813 0.001309164885288785
814 0.001309483676830304
815 0.001309119006332041
816 0.001309411704494034
817 0.001309090273288453
818 0.001309385081899405
819 0.001309155571258115
820 0.001309354595692437
821 0.001309322835730028
822 0.001309289541200243
823 0.001309376749293712
824 0.001309191661198798
825 0.001309482137991422
826 0.001309153435059887
827 0.001309544110821024
828 0.001309270772519855
829 0.001309598550286362
830 0.001309087991208202
831 0.001309574232222793
832 0.001308927964785544
833 0.00130952531412029
834 0.001308921774804249
835 0.001309422846413737
836 0.001309227392962918
837 0.0013093908207632
838 0.001309273125874487
839 0.001309281313526892
840 -0.009650405475261543
841 -0.02232208029251301
842 -0.03126267059945869
843 -0.0394370602523102
844 -0.04634990821758329
845 -0.05261540137909745
846 -0.05833638762976392
847 -0.06363484749308518
848 -0.06855506973040561
849 -0.07312652321557589
850 -0.07739988963557703
851 -0.08137122483174515
852 -0.08508238403448486
853 -0.08853105597681774
854 -0.09175058154856042
855 -0.0947431964531901
856 -0.09753983402971569
857 -0.1001384620517217
858 -0.1025694164600428
859 -0.1048331240410058
860 -0.1066218805213829
861 -0.1084252893105783
862 -0.1102476909604586
863 -0.1120097976379053
864 -0.1137255247836625
865 -0.1153556955107895
866 -0.1169198457986493
867 -0.1184033897140069
868 -0.1198158229237332
869 -0.1211602397381681
870 -0.12242877118166
871 -0.1236290132014342
872 -0.1247755381536891
873 -0.1258630948239526
874 -0.1268981130332215
875 -0.1278861946837347
876 -0.1288229275877537
877 -0.1297116940596793
878 -0.1305544482526818
879 -0.1313528923588053
880 -0.1321117686730763
881 -0.1328335894266312
882 -0.1335193934631314
883 -0.1341782763407585
884 -0.1348063426145781
885 -0.1354092254166355
886 -0.135988215323028
887 -0.1365425776618198
888 -0.1370723504361119
889 -0.1375808884420651
890 -0.1380705251435017
891 -0.1385419513800459
892 -0.1389985747541965
893 -0.1394352065289691
894 -0.1398585124309012
895 -0.1402687348571484
896 -0.1406654774548278
897 -0.1410505497981764
898 -0.1414232590689758
899 -0.1417850497908579
900 -0.1421358325058301
901 -0.1424765970500249
902 -0.1428045752678746
903 -0.143124989660634
904 -0.1434326201354069
905 -0.1437322872052072
906 -0.144021344819829
907 -0.1443015470599128
908 -0.1445714752921793
909 -0.1448324742054726
910 -0.1450843760798786
911 -0.1453273573363871
912 -0.1455632434069044
913 -0.1457888209736746
914 -0.1460084989884496
915 -0.1462186877927534
916 -0.1464225790172993
917 -0.1466180879769004
918 -0.1468073116738503
919 -0.1469891978417243
920 -0.1471649362460639
921 -0.1473338754925723
922 -0.1474960566546067
923 -0.14765411443392
924 -0.147803822778901
925 -0.1479500469273914
926 -0.1480898241873553
927 -0.1482255729835482
928 -0.1483554849984258
929 -0.1484815199159847
930 -0.1486024733431321
931 -0.1487195415534695
932 -0.148832947360083
933 -0.1489411697172261
934 -0.1490475800197501
935 -0.1491486672564643
936 -0.1492479335643943
937 -0.1493430424012211
938 -0.1494361858658224
939 -0.1495259898206253
940 -0.1496138828335413
941 -0.1496988730567035
942 -0.1497817543137644
943 -0.1498638519725123
944 -0.1499417380265788
945 -0.1500198816022374
946 -0.1500950805528993
947 -0.1501698864035578
948 -0.1502422745668035
949 -0.1503140629287992
950 -0.1503840231905788
951 -0.1504535614738698
952 -0.1505220081625698
953 -0.1505889700928167
954 -0.1506566967814233
955 -0.1507211382664266
956 -0.1507863817114468
957 -0.1508496128580507
958 -0.1509129412628819
959 -0.1509744825287649
960 -0.1510357703074894
961 -0.1510952408719296
962 -0.1511543466025464
963 -0.1512131823434714
964 -0.1512691822446251
965 -0.1513260446353381
966 -0.1513800953067578
967 -0.1514341956231129
968 -0.1514859304821234
969 -0.1515370951330965
970 -0.1515861026144506
971 -0.1516342982340792
972 -0.151680652164457
973 -0.1517252800083162
974 -0.1517698465141828
975 -0.151810320234034
976 -0.1518512545916227
977 -0.1518894039204579
978 -0.1519269229004487
979 -0.151961762349314
980 -0.1519956655375022
981 -0.152027051791471
982 -0.152057465067734
983 -0.1520864993736527
984 -0.1521127033705955
985 -0.1521391427247323
986 -0.1521620751385772
987 -0.1521849404704325
988 -0.1522051895303605
989 -0.1522249935357906
990 -0.1522425820086687
991 -0.1522594676716587
992 -0.1522744748823824
993 -0.1522886189896341
994 -0.1523026290985629
995 -0.152313423770438
996 -0.1523253150472136
997 -0.152334954657605
998 -0.1523446119022457
999 -0.1523524063814289
1000 -0.1523604168794711
1001 -0.152367060340492
1002 -0.152374019494533
1003 -0.1523803899801336
1004 -0.1523858470371719
1005 -0.1523925448832871
1006 -0.1523967133734547
1007 -0.1524024752377399
1008 -0.1524069582819194
1009 -0.1524123218269515
1010 -0.1524166721629902
1011 -0.1524216933765674
1012 -0.1524259676783457
1013 -0.1524309100394383
1014 -0.1524365932325385
1015 -0.1524406844629198
1016 -0.1524469324456161
1017 -0.15245168022322
1018 -0.1524579088591821
1019 -0.1524632185497285
1020 -0.1524695429234307
1021 -0.1524752468378558
1022 -0.1524817519749206
1023 -0.1524878223276315
1024 -0.1524938262622898
1025 -0.1525013617188372
1026 -0.1525064556496974
1027 -0.1525136010155744
1028 -0.1525195846396383
1029 -0.1525265106015915
1030 -0.1525323134923807
1031 -0.1525387765309826
1032 -0.1525442548491693
1033 -0.1525503274396664
1034 -0.1525564130067588
1035 -0.1525611998054551
1036 -0.1525675802341709
1037 -0.152571832416275
1038 -0.1525773489723048
1039 -0.1525815595774357
1040 -0.1525865065965309
1041 -0.1525903964420571
1042 -0.1525947135063176
1043 -0.1525981980274219
1044 -0.1526018428729671
1045 -0.1526061955541065
1046 -0.152608238577477
1047 -0.1526121424485984
1048 -0.1526144925904032
1049 -0.1526177749976057
1050 -0.152619814949617
1051 -0.1526224798433135
1052 -0.1526241769032624
1053 -0.1526264912300038
1054 -0.1526284686545204
1055 -0.1526298205261556
1056 -0.1526325990079231
1057 -0.1526330378114717
1058 -0.1526351735937491
1059 -0.1526361854593553
1060 -0.1526380584350775
1061 -0.1526389563485155
1062 -0.1526404569160145
1063 -0.1526411707490274
1064 -0.1526425336668484
1065 -0.1526443298905879
1066 -0.152644463113101
1067 -0.1526466266562013
1068 -0.152647106893901
1069 -0.152648860441786
1070 -0.1526495469204272
1071 -0.1526511057984691
1072 -0.1526519086799851
1073 -0.1526533885343727
1074 -0.1526544710589341
1075 -0.1526554502230144
1076 -0.1526578832492478
1077 -0.1526578506478827
1078 -0.1526598804336726
1079 -0.1526607747204185
1080 -0.1526626601847098
1081 -0.15266351278167
1082 -0.1526651282945949
1083 -0.1526659016761482
1084 -0.1526674100594
1085 -0.1526690850708713
1086 -0.1526696562457165
1087 -0.1526720086992926
1088 -0.1526723859670177
1089 -0.1526742533912194
1090 -0.1526749955466082
1091 -0.1526766918961093
1092 -0.152677498031893
1093 -0.1526789465938468
1094 -0.1526797151521004
1095 -0.1526808631364178
1096 -0.1526828471210691
1097 -0.1526827360370913
1098 -0.1526846314509194
1099 -0.1526851298724995
1100 -0.1526866924127112
1101 -0.1526871626442203
1102 -0.1526883739448911
1103 -0.152688754275589
1104 -0.1526898460777039
1105 -0.1526906987143364
1106 -0.1526910415391207
1107 -0.1526928972473989
1108 -0.1526924473978529
1109 -0.1526937761161372
1110 -0.1526940265100246
1111 -0.152695176215347
1112 -0.1526953676831211
1113 -0.152696183345606
1114 -0.1526962085131398
1115 -0.1526968948896295
1116 -0.1526979522068708
1117 -0.1526973756498019
1118 -0.1526987817733178
1119 -0.1526984559717988
1120 -0.1526993730122247
1121 -0.1526991800933872
1122 -0.1526998085156483
1123 -0.1526996411008045
1124 -0.1527000753505329
1125 -0.1527000633420847
1126 -0.152699907216847
1127 -0.152701151962734
1128 -0.1526998595071482
1129 -0.1527006061590352
1130 -0.1527001416832849
1131 -0.1527006431678941
1132 -0.15270004314954
1133 -0.1527001887929851
1134 -0.1526994341745612
1135 -0.1526994116318674
1136 -0.1526994670476207
1137 -0.1526984521507278
1138 -0.1526991536096446
1139 -0.1526978662011342
1140 -0.1526980284456442
1141 -0.1526970865574051
1142 -0.1526970546125144
1143 -0.1526961392176354
1144 -0.1526958273092946
1145 -0.1526948448961822
1146 -0.152694240083461
1147 -0.1526944516132857
1148 -0.1526925805525182
1149 -0.1526927323714785
1150 -0.1526914564671798
1151 -0.1526912684296808
1152 -0.1526899889936578
1153 -0.1526894665827392
1154 -0.1526881247084574
1155 -0.1526874938572482
1156 -0.1526866323485522
1157 -0.1526852958112571
1158 -0.1523997449623543
1159 -0.1565916335066596
1160 -0.1592658967873355
1161 -0.1619906161889756
1162 -0.1641862621076961
1163 -0.1662738377840158
1164 -0.1680699007555851
1165 -0.1696490953324329
1166 -0.1710811158104145
1167 -0.1723998172504665
1168 -0.1736078205452417
1169 -0.1747090129299782
1170 -0.1757098018097805
1171 -0.1766218093938034
1172 -0.1774510050600309
1173 -0.1782056402836312
1174 -0.1788957494052834
1175 -0.1795286659192986
1176 -0.1801112941899505
1177 -0.1806493653178903
1178 -0.1811477973416437
1179 -0.1816110481620642
1180 -0.1820412805171812
1181 -0.1824417658889585
1182 -0.1828144605574953
1183 -0.1831617330513383
1184 -0.183485168721859
1185 -0.1837562671224817
1186 -0.1840317669130392
1187 -0.1843122735364555
1188 -0.1845795385439294
1189 -0.1848400025701857
1190 -0.1850858208763148
1191 -0.1853212007398015
1192 -0.1855426868011781
1193 -0.185753211906023
1194 -0.1859515462822847
1195 -0.1861395064024719
1196 -0.1863168248452192
1197 -0.1864844961323891
1198 -0.1866427068253417
1199 -0.1867919895388059
1200 -0.1869348269931976
1201 -0.1870687150920524
1202 -0.1871944247598731
1203 -0.1873124003044004
1204 -0.1874234138967703
1205 -0.1875278313581875
1206 -0.187626247561981
1207 -0.1877190934656144
1208 -0.1878076911601799
1209 -0.1878861428207828
1210 -0.1879526606121444
1211 -0.1880201866055347
1212 -0.1880834042718945
1213 -0.1881484545143713
1214 -0.1882122801235268
1215 -0.1882776945635842
1216 -0.1883431396214965
1217 -0.1884097231124285
1218 -0.1884765062087206
1219 -0.1885433910424606
1220 -0.1886102555327519
1221 -0.1886766787368782
1222 -0.1887353423864564
1223 -0.1887960961816275
1224 -0.1888586212447164
1225 -0.1889192362946136
1226 -0.1889795238782529
1227 -0.1890379331058307
1228 -0.1890952545181078
1229 -0.189150674437583
1230 -0.1892047350166748
1231 -0.189256971952674
1232 -0.189307671182045
1233 -0.1893568159246223
1234 -0.189404194562323
1235 -0.1894496609260538
1236 -0.1894933238374168
1237 -0.1895351138881725
1238 -0.1895751144335786
1239 -0.1896135136181982
1240 -0.1896501250505544
1241 -0.1896849408333574
1242 -0.1897181084033753
1243 -0.189749624964601
1244 -0.1897796391610374
1245 -0.1898081456862967
1246 -0.1898353002191199
1247 -0.1898611136776409
1248 -0.1898857375258479
1249 -0.1899091670837799
1250 -0.1899315619493518
1251 -0.1899529127450057
1252 -0.1899733699539015
1253 -0.1899929392961971
1254 -0.190011766573382
1255 -0.1900298436069052
1256 -0.1900473241806168
1257 -0.1900642074272981
1258 -0.1900806292987928
1259 -0.1900965874537127
1260 -0.1901122055707332
1261 -0.1901274698490422
1262 -0.1901425050470838
1263 -0.1901572873525477
1264 -0.1901719284227984
1265 -0.1901863840928958
1266 -0.1902007551485778
1267 -0.1902149952467786
1268 -0.1902291936137991
1269 -0.1902432861524056
1270 -0.1902575574504408
1271 -0.1902716938668486
1272 -0.1902857920143451
1273 -0.1902997864563139
1274 -0.1903137502926583
1275 -0.1903276046054013
1276 -0.1903410038529137
1277 -0.1903543980111155
1278 -0.1903678046255963
1279 -0.1903810870116764
1280 -0.1903942788933117
1281 -0.1904072672565862
1282 -0.190420106487838
1283 -0.1904326885738605
1284 -0.1904450754618019
1285 -0.1904571768118166
1286 -0.190469043841367
1287 -0.1904805769756217
1288 -0.190491828277519
1289 -0.1905028690026655
1290 -0.1905135631533532
1291 -0.1905238093344876
1292 -0.1905336877275983
1293 -0.1905431222443678
1294 -0.1905521923896326
1295 -0.1905608202050397
1296 -0.1905690837938579
1297 -0.1905769022280404
1298 -0.1905843545999147
1299 -0.1905913578438855
1300 -0.1905979829387814
1301 -0.190604149710365
1302 -0.1906099383367604
1303 -0.1906152724879926
1304 -0.190620240315109
1305 -0.1906247722519746
1306 -0.1906289582065074
1307 -0.1906327341371223
1308 -0.1906361948600675
1309 -0.1906392842509586
1310 -0.1906420972149495
1311 -0.1906445794171451
1312 -0.1906468302544209
1313 -0.1906487978761753
1314 -0.1906505793939304
1315 -0.190652118625677
1316 -0.1906535103654869
1317 -0.1906547032578511
1318 -0.1906558010054052
1319 -0.190656746811135
1320 -0.1906576404279996
1321 -0.1906584158127617
1322 -0.1906591662055168
1323 -0.19065982946965
1324 -0.1906604998068496
1325 -0.1906611185501481
1326 -0.1906617773164453
1327 -0.1906624144594393
1328 -0.1906631162486748
1329 -0.1906638170248447
1330 -0.1906646011122975
1331 -0.190665400720552
1332 -0.1906662976149802
1333 -0.1906672152575023
1334 -0.1906682408600334
1335 -0.190669299062035
1336 -0.1906704639217202
1337 -0.2033011423182456
1338 -0.2012670142691753
1339 -0.2013003189987842
1340 -0.2002963575961537
1341 -0.2003528432958159
1342 -0.2000874448297958
1343 -0.2004215604539107
1344 -0.2007681510517968
1345 -0.201493257397701
1346 -0.2023351829534051
1347 -0.2034186052116539
1348 -0.2045917138967554
1349 -0.2058654530100827
1350 -0.2071782620699364
1351 -0.2084038356642796
1352 -0.209655306950957
1353 -0.2108838831847128
1354 -0.212093494690057
1355 -0.2132546975418282
1356 -0.2143721636723319
1357 -0.2154322778771685
1358 -0.2164357330245833
1359 -0.2173771711087745
1360 -0.218257702915969
1361 -0.2190799693297018
1362 -0.2198441340848624
1363 -0.2205545828463538
1364 -0.2212076529916057
1365 -0.2218201755501828
1366 -0.2223867635851916
1367 -0.2229186168973169
1368 -0.2234188127111644
1369 -0.223892878920716
1370 -0.2243446067386704
1371 -0.22477667470566
1372 -0.2251914673935824
1373 -0.2255897370415622
1374 -0.2259746660915516
1375 -0.2263423687905826
1376 -0.2266992779682778
1377 -0.2270424575332669
1378 -0.2273733291703581
1379 -0.227690736274716
1380 -0.2279961759956542
1381 -0.2282879751277363
1382 -0.2285686428998144
1383 -0.2288372480254158
1384 -0.2290944109846004
1385 -0.2293397954644953
1386 -0.2295749598050351
1387 -0.2298001538728506
1388 -0.2300164511622889
1389 -0.230224161586627
1390 -0.2304233597619878
1391 -0.2306147667314405
1392 -0.230798903524613
1393 -0.2309754663693598
1394 -0.2311450709360393
1395 -0.2313085651287745
1396 -0.2314645544257643
1397 -0.2316151211427859
1398 -0.231758828244124
1399 -0.2318968293891291
1400 -0.2320287439989022
1401 -0.2321557018808936
1402 -0.232275867512857
1403 -0.2323920618582666
1404 -0.2325019283753821
1405 -0.2326078779468468
1406 -0.2327082080514505
1407 -0.232804863825998
1408 -0.2328961214743275
1409 -0.2329842626164012
1410 -0.2330680364494985
1411 -0.2331482015891831
1412 -0.2332248230812895
1413 -0.2332986172215583
1414 -0.2333689123860025
1415 -0.2334362092350072
1416 -0.2334957582620616
1417 -0.2335540408307313
1418 -0.2336153831785943
1419 -0.2336778375134453
1420 -0.2337330743196961
1421 -0.2337836387187777
1422 -0.233837677763172
1423 -0.2338875485204582
1424 -0.2339411945470208
1425 -0.2339862922393636
1426 -0.2340298468241714
1427 -0.234073136253119
1428 -0.2341171190742906
1429 -0.2341627056169771
1430 -0.2342017648290061
1431 -0.2342422401683256
1432 -0.2342800531000608
1433 -0.2343192864525038
1434 -0.2343555455223049
1435 -0.2343934742813494
1436 -0.2344242307437806
1437 -0.2344622633896064
1438 -0.2344981370122872
1439 -0.2345331420628013
1440 -0.2345665987588312
1441 -0.2346002815138201
1442 -0.2346327313782028
1443 -0.2346650770525967
1444 -0.2346964197060482
1445 -0.2347269193592958
1446 -0.2347563414605822
1447 -0.2347851933118177
1448 -0.2348135943056989
1449 -0.2348400578909822
1450 -0.2348618908279874
1451 -0.2348861043819302
1452 -0.2349106463193666
1453 -0.23493376108917
1454 -0.2349586732573483
1455 -0.2349813892463321
1456 -0.2350055427627754
1457 -0.2350269035388457
1458 -0.2350504934748512
1459 -0.2350715578957102
1460 -0.2350925708553638
1461 -0.2351132447460505
1462 -0.2351332492067257
1463 -0.2351527547030855
1464 -0.2351710524485289
1465 -0.2351895237566723
1466 -0.2352068373649978
1467 -0.2352241107577273
1468 -0.2352399347790455
1469 -0.2352557478060211
1470 -0.2352703813008951
1471 -0.2352847517493307
1472 -0.235297657584934
1473 -0.2353109396722536
1474 -0.2353223263367559
1475 -0.2353343753466508
1476 -0.2353439959467021
1477 -0.2353554442227989
1478 -0.2353643402545123
1479 -0.2353736375652154
1480 -0.235381987009304
1481 -0.2353904858926794
1482 -0.2353976562254334
1483 -0.2354050122097177
1484 -0.2354115326624098
1485 -0.2354183257619032
1486 -0.2354243751140819
1487 -0.2354302595576825
1488 -0.2354355106990687
1489 -0.235440954067583
1490 -0.2354458166929795
1491 -0.2354501420148809
1492 -0.2354555377615923
1493 -0.2354591045120976
1494 -0.2354643739417383
1495 -0.2354670360878734
1496 -0.2354728662767805
1497 -0.2354755743489777
1498 -0.2354798391277937
1499 -0.2354832959844049
1500 -0.2354877330822046
1501 -0.2354905120431678
1502 -0.2354942616012008
1503 -0.2354974726849707
1504 -0.2355013944763542
1505 -0.2355045469834546
1506 -0.2355077628555622
1507 -0.235511317234539
1508 -0.2355143979094672
1509 -0.2355177715507984
1510 -0.235520216321565
1511 -0.2355244589811583
1512 -0.2355264051520429
1513 -0.2355307254904538
1514 -0.2355319140010356
1515 -0.235536978060118
1516 -0.2355392410226177
1517 -0.2355414348863683
1518 -0.2355441922219281
1519 -0.2355475341425892
1520 -0.2355499456129676
1521 -0.2355524084227701
1522 -0.2355544514024382
1523 -0.235556522664252
1524 -0.2355585580766238
1525 -0.2355599520298878
1526 -0.2355618784467382
1527 -0.2355628119564689
1528 -0.2355648962360576
1529 -0.2355652572628247
1530 -0.2355669369628851
1531 -0.2355679721947225
1532 -0.2355700945089154
1533 -0.2355697696558527
1534 -0.2355721267584994
1535 -0.2355737777818674
1536 -0.2355751629363947
1537 -0.2355761210153908
1538 -0.2355776818229484
1539 -0.2355790830128357
1540 -0.2355803694273746
1541 -0.2355820019336902
1542 -0.2355834927563129
1543 -0.2355852940155005
1544 -0.2355867357098947
1545 -0.2355882805718906
1546 -0.2355899550296099
1547 -0.2355913871485116
1548 -0.2355926840974361
1549 -0.2355938851480109
1550 -0.2355954361029129
1551 -0.235597160384105
1552 -0.2355973976718063
1553 -0.2355992663994675
1554 -0.2356005604983617
1555 -0.2356009086960279
1556 -0.2356024187935969
1557 -0.2356040980587083
1558 -0.2356049807935412
1559 -0.2356065327872651
1560 -0.2356071319996035
1561 -0.2356085656501456
1562 -0.2356092138704928
1563 -0.2356101763138317
1564 -0.2356106879514556
1565 -0.2356114288603568
1566 -0.2356118636925978
1567 -0.2424974545999285
1568 -0.2474996759430299
1569 -0.2501649127578599
1570 -0.2542663326390492
1571 -0.2570806774300402
1572 -0.2598845752571544
1573 -0.26199656850127
1574 -0.2638457787863031
1575 -0.2653342487555277
1576 -0.2665924540398505
1577 -0.2677280998758667
1578 -0.2687125943793176
1579 -0.2696270532452692
1580 -0.2704139478103663
1581 -0.2711428907560498
1582 -0.271793028524466
1583 -0.2724046974697811
1584 -0.2729701028228561
1585 -0.2735104894510185
1586 -0.2740218374447344
1587 -0.2745178310488317
1588 -0.2749962610046313
1589 -0.2754596554432691
1590 -0.2759060593734901
1591 -0.276336002399088
1592 -0.2767464720160438
1593 -0.2771371331372059
1594 -0.2775067788086801
1595 -0.2778561345745791
1596 -0.2781805964870402
1597 -0.2784865146596758
1598 -0.2787734849321769
1599 -0.2790428591106848
1600 -0.2792947593894408
1601 -0.2795310665397744
1602 -0.2797523322104132
1603 -0.27996020795889
1604 -0.2801579838927824
1605 -0.2803440030854223
1606 -0.2805197205573485
1607 -0.2806873036686338
1608 -0.2808478367785485
1609 -0.2810020786946044
1610 -0.281150887088583
1611 -0.2812950991759571
1612 -0.281435035978965
1613 -0.2815711649404958
1614 -0.2817034956445542
1615 -0.2818323155843925
1616 -0.2819575245566536
1617 -0.2820787902232879
1618 -0.2821961243067102
1619 -0.2823097852896915
1620 -0.2824184487491334
1621 -0.2825240868678659
1622 -0.2826264677246351
1623 -0.2827257654319972
1624 -0.2828207536140199
1625 -0.2829126166104279
1626 -0.2830009146276735
1627 -0.2830861299263616
1628 -0.2831681212845332
1629 -0.283247445736319
1630 -0.2833241764438408
1631 -0.2833988241466281
1632 -0.2834714969695281
1633 -0.283542676391189
1634 -0.283612401196759
1635 -0.2836810625901006
1636 -0.283748559322437
1637 -0.2838152102915487
1638 -0.2838807131455771
1639 -0.2839452253294693
1640 -0.2840083419699961
1641 -0.2840703453201318
1642 -0.2841309344373724
1643 -0.2841904354926374
1644 -0.2842483630316262
1645 -0.2843048415684529
1646 -0.2843458753482244
1647 -0.2843910069433572
1648 -0.2844512037971883
1649 -0.2845051552849878
1650 -0.2845546951290497
1651 -0.2846016256128195
1652 -0.2846460898362848
1653 -0.2846889460160877
1654 -0.2847299289937231
1655 -0.2847695687023271
1656 -0.2848076069607654
1657 -0.2848443971029502
1658 -0.2848797664830234
1659 -0.2849140432504371
1660 -0.2849470621037465
1661 -0.2849791318684891
1662 -0.2850101401979
1663 -0.2850403961315265
1664 -0.2850667510079728
1665 -0.2850937438448217
1666 -0.2851214987149827
1667 -0.2851490902534801
1668 -0.2851765875860492
1669 -0.2852036497073312
1670 -0.2852301727039837
1671 -0.2852560644662597
1672 -0.2852811772472309
1673 -0.2853055694940736
1674 -0.2853290922755939
1675 -0.2853519024783978
1676 -0.2853737938296932
1677 -0.2853950101513064
1678 -0.2854153942241607
1679 -0.2854351890665839
1680 -0.2854542252942709
1681 -0.2854727816346936
1682 -0.2854907305328774
1683 -0.2855083056307142
1684 -0.2855252995981167
1685 -0.2855419467486546
1686 -0.2855580821530965
1687 -0.2855739774118956
1688 -0.2855894358721164
1689 -0.2856046411842108
1690 -0.2856194062123945
1691 -0.2856339488214362
1692 -0.2856480789825625
1693 -0.285662028142004
1694 -0.2856756143460631
1695 -0.2856890662757202
1696 -0.2857021765334576
1697 -0.285715131456567
1698 -0.2857277721608651
1699 -0.2857402911617991
1700 -0.2857524548966766
1701 -0.2857644385380182
1702 -0.2857760174779024
1703 -0.2857873767018
1704 -0.2857983137257238
1705 -0.285809055443413
1706 -0.2858194031278103
1707 -0.2858295529266412
1708 -0.2858392820815524
1709 -0.2858488075361693
1710 -0.2858579245080722
1711 -0.2858668307743308
1712 -0.2858753057476365
1713 -0.2858835708451843
1714 -0.2858914159260593
1715 -0.2858990452714745
1716 -0.2859062636541999
1717 -0.2859133074330063
1718 -0.2859199490374206
1719 -0.2859263895116176
1720 -0.2859324061440469
1721 -0.2859382323888008
1722 -0.2859436758015241
1723 -0.285948954210813
1724 -0.2859538522450076
1725 -0.2859586159460907
1726 -0.2859630718930539
1727 -0.285967456746114
1728 -0.2859715674214151
1729 -0.2859755635862602
1730 -0.2859792088344492
1731 -0.2859827421522441
1732 -0.2859859699989223
1733 -0.285989048419681
1734 -0.2859918698307133
1735 -0.285994526397821
1736 -0.2859968897962428
1737 -0.2859991670997217
1738 -0.2860011867711293
1739 -0.286003108541413
1740 -0.2860047426411335
1741 -0.286006266103965
1742 -0.286007568973739
1743 -0.286008831746922
1744 -0.2860099114698995
1745 -0.286010981838303
1746 -0.2860119253636659
1747 -0.2860129006745054
1748 -0.2860137494729015
1749 -0.2860146354512829
1750 -0.2860154248695616
1751 -0.2860162695768623
1752 -0.2860170006832355
1753 -0.286017767157932
1754 -0.2860184382688203
1755 -0.2860191606406263
1756 -0.2860197710205607
1757 -0.2860204211047309
1758 -0.2860209755526303
1759 -0.2860215896389802
1760 -0.2860221086171535
1761 -0.2860226846126878
1762 -0.2860231857526042
1763 -0.2860237585004221
1764 -0.2860242477408229
1765 -0.2860248089261815
1766 -0.2860253089810312
1767 -0.28602589725345
1768 -0.2860264119158498
1769 -0.2860270046133552
1770 -0.2860275336411092
1771 -0.286028145887607
1772 -0.286028681084787
1773 -0.2860292891614219
1774 -0.2860298299416275
1775 -0.2860304444065516
1776 -0.2886174756374465
1777 -0.2871984880933004
1778 -0.2866425589312924
1779 -0.2855623062973019
1780 -0.2849119295264124
1781 -0.2842237775653814
1782 -0.2838204603492787
1783 -0.2835521092706823
1784 -0.2835221942603344
1785 -0.2836338537326734
1786 -0.2839042665409383
1787 -0.2842829493965491
1788 -0.2847541722345457
1789 -0.2852801366653543
1790 -0.2858408916118504
1791 -0.2864181149567705
1792 -0.2869930539534415
1793 -0.2874954369095926
1794 -0.2879970840736675
1795 -0.2884797451489328
1796 -0.2889459900950272
1797 -0.2893822540187072
1798 -0.2897901315694911
1799 -0.2901645289464719
1800 -0.2905107813943041
1801 -0.2908265771206218
1802 -0.2911159507133654
1803 -0.2913776455462098
1804 -0.2916167323147045
1805 -0.2918334916084044
1806 -0.2920312839970085
1807 -0.2922117602134917
1808 -0.2923775592543987
1809 -0.2925301422406362
1810 -0.2926713197548244
1811 -0.2928027902533801
1812 -0.2929258821528669
1813 -0.2930420525511189
1814 -0.2931522008381668
1815 -0.2932569148503419
1816 -0.293356843937279
1817 -0.2934532680684001
1818 -0.2935456145553106
1819 -0.2936349385990421
1820 -0.2937203048317725
1821 -0.2938035390038068
1822 -0.2938829966884676
1823 -0.2939601802699616
1824 -0.2940340833275908
1825 -0.294106469421882
1826 -0.2941756323117666
1827 -0.2942436813544804
1828 -0.2943085883667851
1829 -0.2943720863043531
1830 -0.2944327006470737
1831 -0.2944915964411142
1832 -0.2945478172169098
1833 -0.2946024395910219
1834 -0.2946543463019786
1835 -0.294705100740891
1836 -0.2947533085750811
1837 -0.2947999662459161
1838 -0.2948448453630159
1839 -0.2948878940657117
1840 -0.2949293031675361
1841 -0.2949685270813154
1842 -0.2950070109369701
1843 -0.2950425502329143
1844 -0.2950782636661816
1845 -0.2951104613668314
1846 -0.2951431763757459
1847 -0.2951729335096861
1848 -0.2952027245019292
1849 -0.2952295598309012
1850 -0.295257053489997
1851 -0.2952818141622358
1852 -0.295306658169536
1853 -0.2953295711586649
1854 -0.2953523784390272
1855 -0.2953735640485509
1856 -0.2953940174224527
1857 -0.2954135347831729
1858 -0.2954322352042446
1859 -0.2954503251774429
1860 -0.2954675199653118
1861 -0.2954837795888529
1862 -0.2954996146453266
1863 -0.2955147907875744
1864 -0.2955290444450854
1865 -0.2955430208351666
1866 -0.2955558216531782
1867 -0.2955687843949
1868 -0.2955801443991548
1869 -0.2955920325673124
1870 -0.2956022556366936
1871 -0.2956131684601779
1872 -0.2956224837008427
1873 -0.2956322756924376
1874 -0.2956405201014444
1875 -0.2956495442275107
1876 -0.2956574826030672
1877 -0.2956656194141565
1878 -0.2956730311147256
1879 -0.2956805249296596
1880 -0.295687748156205
1881 -0.2956947753966497
1882 -0.2957011242366255
1883 -0.2957081919687524
1884 -0.2957141354274701
1885 -0.295720819992535
1886 -0.2957269329340484
1887 -0.2957329855296931
1888 -0.2957387879340441
1889 -0.2957444615212381
1890 -0.2957504752466794
1891 -0.2957557695610642
1892 -0.2957616878030973
1893 -0.2957667399276195
1894 -0.2957728631554871
1895 -0.2957773484324595
1896 -0.2957837183479462
1897 -0.2957881911604959
1898 -0.2957939185088262
1899 -0.2957985261970793
1900 -0.2958041994371112
1901 -0.2958087869037783
1902 -0.2958141520888814
1903 -0.2958189558425278
1904 -0.2958241715555644
1905 -0.2958290151965341
1906 -0.2958339776850556
1907 -0.2958386031130535
1908 -0.2958435563649807
1909 -0.2958482841631234
1910 -0.2958532950125665
1911 -0.295857834273789
1912 -0.2958624132791093
1913 -0.2958668398734509
1914 -0.2958714728457719
1915 -0.295876012843152
1916 -0.2958801098333472
1917 -0.2958846300868918
1918 -0.2958886662601906
1919 -0.29589299502056
1920 -0.2958965468931414
1921 -0.2959009311863566
1922 -0.2959040584634564
1923 -0.2959083125103539
1924 -0.2959111101706473
1925 -0.2959150214426303
1926 -0.2959176789346973
1927 -0.2959210976650473
1928 -0.2959238517886261
1929 -0.2959268389254724
1930 -0.2959291682058826
1931 -0.2959319094910896
1932 -0.2959340748248037
1933 -0.2959367208133295
1934 -0.2959384451967476
1935 -0.2959407531231389
1936 -0.2959424120793604
1937 -0.2959444810845646
1938 -0.295946045046462
1939 -0.2959475988507998
1940 -0.2959493775193377
1941 -0.2959506659352361
1942 -0.2959521763022301
1943 -0.2959531868740348
1944 -0.2959549436059229
1945 -0.2959553953562955
1946 -0.2959574083209897
1947 -0.295957478940836
1948 -0.2959593490534936
1949 -0.2959595971994086
1950 -0.2959611299243339
1951 -0.2959611318390216
1952 -0.2959626323601436
1953 -0.2959629284848531
1954 -0.2959642086625593
1955 -0.2959645800887148
1956 -0.2959653759647669
1957 -0.2959657800666743
1958 -0.2959667735640931
1959 -0.2959672172773499
1960 -0.2959678087332572
1961 -0.295968149594576
1962 -0.2959689819605864
1963 -0.2959693438253333
1964 -0.2959697845646531
1965 -0.2959702490417278
1966 -0.2959707499995234
1967 -0.2959714346582198
1968 -0.2959715390520579
1969 -0.2959722807770562
1970 -0.2959721647606042
1971 -0.2959731090220175
1972 -0.2959731109994233
1973 -0.2959736197608512
1974 -0.2959736888823783
1975 -0.2959741522830341
1976 -0.2959741030618842
1977 -0.2959746474799531
1978 -0.2959745536863767
1979 -0.3220356835055488
1980 -0.3228695202627437
1981 -0.3235795474127364
1982 -0.325806797010816
1983 -0.3280708703037573
1984 -0.3305667281040346
1985 -0.332926276470648
1986 -0.3352356267318477
1987 -0.3374193420051878
1988 -0.3394924688346615
1989 -0.3414132385034436
1990 -0.3432375080426639
1991 -0.3449984409883565
1992 -0.3466851872844909
1993 -0.3482834435782338
1994 -0.3498062290582656
1995 -0.3512545656339047
1996 -0.3526310696946153
1997 -0.3539378671069635
1998 -0.3551722641608678
1999 -0.3563382150885408
2000 -0.3574351379884141
2001 -0.3584742312457907
2002 -0.3594544401775901
2003 -0.3603804612093855
2004 -0.361253799175798
2005 -0.3620795325126688
2006 -0.362856852507673
2007 -0.3635957448334898
2008 -0.3642950368723397
2009 -0.3649557753739304
2010 -0.3655789610073397
2011 -0.3661664604214234
2012 -0.3667203434424599
2013 -0.3672414387732165
2014 -0.3677310057748974
2015 -0.368190461390261
2016 -0.3686142611214001
2017 -0.3690153649158803
2018 -0.3693892958096954
2019 -0.3697375821405663
2020 -0.3700610052700529
2021 -0.3703658633072275
2022 -0.3706457593997749
2023 -0.3709023315163679
2024 -0.3711404070249403
2025 -0.3713609010769939
2026 -0.3715679342556175
2027 -0.3717615151982767
2028 -0.3719443428969353
2029 -0.3721164632578749
2030 -0.3722779756180815
2031 -0.3724320748987288
2032 -0.3725806775549703
2033 -0.3727211692718194
2034 -0.3728569359749132
2035 -0.3729872266349173
2036 -0.373114127383575
2037 -0.3732329364498123
2038 -0.3733524492553605
2039 -0.373475241426267
2040 -0.3735991479202
2041 -0.3737232026818383
2042 -0.373848057336771
2043 -0.373974459799966
2044 -0.3741040012486875
2045 -0.374234317582199
2046 -0.3743664566611886
2047 -0.374498673095107
2048 -0.3746316006419077
2049 -0.3747642278681408
2050 -0.3748963321535452
2051 -0.3750280487752808
2052 -0.3751580429177239
2053 -0.3752869307008834
2054 -0.3754138640871313
2055 -0.3755397669259337
2056 -0.3756631437724313
2057 -0.3757852302123399
2058 -0.3759038995518791
2059 -0.376020971799218
2060 -0.3761340643867978
2061 -0.3762452304757815
2062 -0.3763520194973466
2063 -0.376456536406841
2064 -0.3765564390214719
2065 -0.3766535053438382
2066 -0.3767458726524188
2067 -0.376834997825427
2068 -0.3769194540436727
2069 -0.3770002896039042
2070 -0.3770768746484942
2071 -0.3771495365446062
2072 -0.3772182015667686
2073 -0.3772828151649452
2074 -0.377344034810576
2075 -0.3774009729875008
2076 -0.3774548384154978
2077 -0.3775046198835503
2078 -0.3775519031959535
2079 -0.377595216431487
2080 -0.3776358239120592
2081 -0.3776727924002146
2082 -0.3777084358297277
2083 -0.3777405249451279
2084 -0.3777712865422803
2085 -0.377799185711042
2086 -0.3778259491817149
2087 -0.3778507578846952
2088 -0.3778761494901521
2089 -0.37790092113981
2090 -0.377925920174539
2091 -0.3779499379223461
2092 -0.3779727105663043
2093 -0.3779954814601777
2094 -0.3780177232514297
2095 -0.3780398979925378
2096 -0.3780612349710759
2097 -0.3780824442371402
2098 -0.3781024653694701
2099 -0.3781222814327047
2100 -0.3781409091396576
2101 -0.3781596600409314
2102 -0.3781771863391507
2103 -0.3781950235627654
2104 -0.3782119694944953
2105 -0.3782293342141226
2106 -0.3782462350272507
2107 -0.3782633040786217
2108 -0.378279965063102
2109 -0.3782966605036625
2110 -0.3783136905232507
2111 -0.3783303938351477
2112 -0.378347081623221
2113 -0.3783634953174416
2114 -0.3783802706260187
2115 -0.3783965556112651
2116 -0.3784128853858532
2117 -0.3784288731179371
2118 -0.3784452860248784
2119 -0.378461115053215
2120 -0.3784773015251359
2121 -0.3784928554275932
2122 -0.3785089185137933
2123 -0.3785243399758827
2124 -0.3785401731098634
2125 -0.3785554450467657
2126 -0.3785710282794572
2127 -0.3785862745746166
2128 -0.3786012425986296
2129 -0.3786160780217183
2130 -0.3786304001119276
2131 -0.3786451248487819
2132 -0.3786592924214181
2133 -0.3786732287722674
2134 -0.3786867466895955
2135 -0.3787003538705518
2136 -0.3787131277284397
2137 -0.3787261337483721
2138 -0.3787384270053011
2139 -0.3787510103849
2140 -0.378762553234664
2141 -0.3787742425758421
2142 -0.3787848522155547
2143 -0.3787958143207885
2144 -0.3788055963780119
2145 -0.3788154716362378
2146 -0.3788245832518514
2147 -0.3788336544766405
2148 -0.3788419262902901
2149 -0.3788498907788758
2150 -0.3788573254573011
2151 -0.3788642155721906
2152 -0.3788709032038838
2153 -0.3788768800444238
2154 -0.3788826324455044
2155 -0.3788876459189755
2156 -0.3788926475537316
2157 -0.3788968666283016
2158 -0.3789010830723603
2159 -0.3789045420527628
2160 -0.3789081666010888
2161 -0.3789109281175894
2162 -0.3789139182693407
2163 -0.3789159996708427
2164 -0.3789184647046699
2165 -0.3789201158337832
2166 -0.3789218795980441
2167 -0.3789232528848998
2168 -0.3789244654296894
2169 -0.3789253913376258
2170 -0.378925889467522
2171 -0.3789266539232229
2172 -0.3789270767898453
2173 -0.3789274048358748
2174 -0.3789273127105348
2175 -0.3789277003226601
2176 -0.3789275706160712
2177 -0.378927603344872
2178 -0.3789273274999295
2179 -0.3789275354122049
2180 -0.3789270904705839
2181 -0.3789271489381243
2182 -0.3789265097876395
2183 -0.3789265291049102
2184 -0.3789258800721932
2185 -0.3789259015226138
2186 -0.3789253339123601
2187 -0.3789254009803977
2188 -0.3789251370248665
2189 -0.3789251830861038
2190 -0.3789248890966466
2191 -0.3789246811574531
2192 -0.3789248073523455
2193 -0.3789247558815744
2194 -0.3789247918041268
2195 -0.3789246707794119
2196 -0.3789250435626633
2197 -0.378925079132063
2198 -0.3789253974009353
2199 -0.378925487945161
2200 -0.3789261451237027
2201 -0.3789263114867368
2202 -0.3789269809390061
2203 -0.3789271800877867
2204 -0.378928055978786
2205 -0.3789283900804993
2206 -0.3789292815707037
2207 -0.378929752918769
2208 -0.3789307187092779
2209 -0.3789314618943425
2210 -0.3789322747411334
2211 -0.378933034649183
2212 -0.378933700690409
2213 -0.3789348012643775
2214 -0.3789355293633656
2215 -0.3789366042328227
2216 -0.3789374574405396
2217 -0.3789388399058444
2218 -0.3789400954347152
2219 -0.3789415563775045
2220 -0.3789426253111745
2221 -0.3789442237017122
2222 -0.3789449518768107
2223 -0.3925233604799094
2224 -0.3903074062850148
2225 -0.3897615479593372
2226 -0.3887877810753939
2227 -0.3883332773906081
2228 -0.3878163923012169
2229 -0.3876070292229613
2230 -0.3874727696347773
2231 -0.3875533131646848
2232 -0.3877467315850919
2233 -0.3880687241893115
2234 -0.3884603398752866
2235 -0.3888644677801204
2236 -0.3893188781930581
2237 -0.3898078023388551
2238 -0.3903120935368487
2239 -0.3908266686284969
2240 -0.3913478137653464
2241 -0.3918751411445221
2242 -0.3924113532668616
2243 -0.3929584376378805
2244 -0.3935229620391895
2245 -0.3941091523629402
2246 -0.3947191668869808
2247 -0.3953493749315805
2248 -0.395997437460248
2249 -0.3966561859489835
2250 -0.3973154626691374
2251 -0.3979691648247132
2252 -0.3986096174430416
2253 -0.3992295886947289
2254 -0.3998239317460941
2255 -0.4003907242474134
2256 -0.4009255994291753
2257 -0.4014296130889086
2258 -0.401900882100082
2259 -0.4023431856385193
2260 -0.402755898718726
2261 -0.403143148571643
2262 -0.4035051740861073
2263 -0.4038451528688012
2264 -0.4041629020344321
2265 -0.40446115374036
2266 -0.4047406790991954
2267 -0.4050028747330424
2268 -0.4052493715488427
2269 -0.4054803273036681
2270 -0.4056980056026347
2271 -0.4059014513237449
2272 -0.4060935279735893
2273 -0.4062729850880975
2274 -0.4064427908541234
2275 -0.4066013864812823
2276 -0.4067520753425986
2277 -0.4068926216659045
2278 -0.4070265047665801
2279 -0.4071516539612117
2280 -0.4072714891888238
2281 -0.4073836134894542
2282 -0.4074913360913953
2283 -0.4075923131696157
2284 -0.4076897058994391
2285 -0.4077810696000678
2286 -0.4078695994999348
2287 -0.4079527442633619
2288 -0.4080336497884667
2289 -0.4081097267844971
2290 -0.408184105758036
2291 -0.408254018176144
2292 -0.4083228504029334
2293 -0.4083878318008173
2294 -0.4084519119683531
2295 -0.4085124065840791
2296 -0.4085724750438791
2297 -0.4086294954070763
2298 -0.4086863448383377
2299 -0.4087402831725646
2300 -0.4087943895358247
2301 -0.4088458111159521
2302 -0.4088975799940477
2303 -0.4089468283483286
2304 -0.4089965455098734
2305 -0.4090438746170095
2306 -0.4090916780481424
2307 -0.4091372202787444
2308 -0.4091771301804876
2309 -0.4092171142976411
2310 -0.4092599480779185
2311 -0.4093008410981971
2312 -0.4093423286009578
2313 -0.4093877878457797
2314 -0.4094241259225963
2315 -0.4094588180869067
2316 -0.4094960617752658
2317 -0.4095310017300711
2318 -0.4095669956515025
2319 -0.40960713484699
2320 -0.4096444567777459
2321 -0.4096771585955123
2322 -0.4097098149139505
2323 -0.4097392842531989
2324 -0.4097690464083591
2325 -0.4097961373090917
2326 -0.4098235391693453
2327 -0.4098444902691459
2328 -0.4098680991050406
2329 -0.409890975125219
2330 -0.4099147319253149
2331 -0.4099373036237663
2332 -0.409960734986399
2333 -0.4099821462583904
2334 -0.4100043739969957
2335 -0.4100248977234736
2336 -0.4100461106348394
2337 -0.4100653233091767
2338 -0.410085343045191
2339 -0.4101033866731406
2340 -0.4101221070601595
2341 -0.410138993665247
2342 -0.4101564818945866
2343 -0.4101719951230331
2344 -0.4101882852102386
2345 -0.4102026220838784
2346 -0.4102176890976129
2347 -0.4102308252099776
2348 -0.4102445691727716
2349 -0.410256297428663
2350 -0.4102688278593884
2351 -0.4102795688375292
2352 -0.4102912061202542
2353 -0.4103010646024132
2354 -0.4103118244424416
2355 -0.4103208371001582
2356 -0.4103307980522616
2357 -0.4103390711643534
2358 -0.4103483412168028
2359 -0.4103559567549279
2360 -0.4103645891435271
2361 -0.4103715836638325
2362 -0.4103796274868298
2363 -0.4103860705686191
2364 -0.4103936008929577
2365 -0.4103995660692904
2366 -0.410406630492949
2367 -0.4104121256120605
2368 -0.4104187242164477
2369 -0.4104237757654204
2370 -0.4104299623279548
2371 -0.4104346400460138
2372 -0.4104404832845854
2373 -0.4104448217936179
2374 -0.4104503125467616
2375 -0.4104543017643023
2376 -0.4104594654278555
2377 -0.4104631555162414
2378 -0.4104680512624594
2379 -0.4104715015529908
2380 -0.4104761474804371
2381 -0.4104793206607601
2382 -0.4104836873981842
2383 -0.4104865997959198
2384 -0.4104907242459909
2385 -0.4104934219910968
2386 -0.4104973584191706
2387 -0.4104998528305803
2388 -0.4105035486395966
2389 -0.4105058007200594
2390 -0.4105092681579091
2391 -0.4105113111968917
2392 -0.4105145965488425
2393 -0.4105164912568422
2394 -0.4105196127821328
2395 -0.4105213021812865
2396 -0.4105242158761221
2397 -0.4105257158100952
2398 -0.4105284584930894
2399 -0.4105298158109212
2400 -0.4105324569637369
2401 -0.4105336967329926
2402 -0.4105361713178232
2403 -0.4105372444623548
2404 -0.4105395743150138
2405 -0.4186759514572602
2406 -0.4209146310447884
2407 -0.4208984126224694
2408 -0.4232657618993405
2409 -0.424785837199594
2410 -0.4265480372380985
2411 -0.4277414903393294
2412 -0.4288924794143977
2413 -0.4297739906585751
2414 -0.4306459162472432
2415 -0.431436157053973
2416 -0.4322276424361572
2417 -0.4329679980058587
2418 -0.4337019412968658
2419 -0.4344493978507076
2420 -0.4351700102643224
2421 -0.4358829302799762
2422 -0.4365674159257779
2423 -0.4372318709860963
2424 -0.4378734637106221
2425 -0.4384915688284804
2426 -0.4390803161163305
2427 -0.4396459352797736
2428 -0.44018849322926
2429 -0.4407130967353405
2430 -0.4412214206083632
2431 -0.441713209838991
2432 -0.4421915058022454
2433 -0.4426596028950719
2434 -0.4431154354458752
2435 -0.4435573965262707
2436 -0.4439880149389843
2437 -0.4444077901108826
2438 -0.4448149994668801
2439 -0.4452100399508314
2440 -0.4455909582921517
2441 -0.4459570412932751
2442 -0.4463075113708244
2443 -0.4466416437302426
2444 -0.4469595242807165
2445 -0.4472605167763634
2446 -0.4475433174342752
2447 -0.4478086561164484
2448 -0.4480566871727267
2449 -0.448288131339514
2450 -0.4485028129673441
2451 -0.4487023632039974
2452 -0.4488871998071463
2453 -0.4490591972315913
2454 -0.4492187041393775
2455 -0.449367268990355
2456 -0.4495054991479124
2457 -0.4496361415444008
2458 -0.4497577766211511
2459 -0.4498717651002997
2460 -0.4499795366395478
2461 -0.4500817041526208
2462 -0.4501794370306069
2463 -0.450273366472662
2464 -0.4503650986679367
2465 -0.4504534667243011
2466 -0.4505393884886047
2467 -0.4506230698703991
2468 -0.4507048901605615
2469 -0.4507849250040669
2470 -0.450863458600066
2471 -0.4509403931003118
2472 -0.4510159071386047
2473 -0.4510898060099449
2474 -0.4511622261477465
2475 -0.4512328660710728
2476 -0.4513018150694185
2477 -0.4513688167932137
2478 -0.4514340393168614
2479 -0.4514972849610771
2480 -0.4515591964111435
2481 -0.4516191067601552
2482 -0.451677438362001
2483 -0.4517340685096516
2484 -0.4517892965314204
2485 -0.4518430479154735
2486 -0.4518955606525629
2487 -0.451946944968406
2488 -0.4519971825912571
2489 -0.4520462360345331
2490 -0.4520944242320884
2491 -0.4521416439703819
2492 -0.4521882996907464
2493 -0.4522342452464744
2494 -0.4522799785896041
2495 -0.4523249712608294
2496 -0.4523695235809708
2497 -0.4524133980401115
2498 -0.4524567976468749
2499 -0.4524994572359878
2500 -0.4525415639473128
2501 -0.4525828378090367
2502 -0.4526234550456191
2503 -0.452663106437224
2504 -0.4526956362041474
2505 -0.4527298549196308
2506 -0.4527655289970941
2507 -0.4528007600630675
2508 -0.4528358175362922
2509 -0.4528698639140985
2510 -0.45290323265423
2511 -0.4529354654220109
2512 -0.4529669639599816
2513 -0.4529974645053251
2514 -0.4530271769308303
2515 -0.4530558246545903
2516 -0.4530836226688883
2517 -0.4531103619942478
2518 -0.453136205989277
2519 -0.4531609375288861
2520 -0.4531845657123026
2521 -0.4532072218650968
2522 -0.4532289148649662
2523 -0.4532495504704407
2524 -0.4532691405856759
2525 -0.4532875478679488
2526 -0.4533049393450078
2527 -0.4533211211202207
2528 -0.4533363613335561
2529 -0.4533504740516483
2530 -0.4533636501456497
2531 -0.4533756597168945
2532 -0.453386698631781
2533 -0.4533966538046426
2534 -0.4534057330802502
2535 -0.4534137929567538
2536 -0.4534210307057691
2537 -0.453427419929639
2538 -0.4534331110965247
2539 -0.453437950380439
2540 -0.4534421277767138
2541 -0.4534455461306018
2542 -0.4534484243905572
2543 -0.4534506407962592
2544 -0.4534524061394556
2545 -0.4534536856903473
2546 -0.4534547341679388
2547 -0.4534552574618183
2548 -0.4534555265547768
2549 -0.4534554486952189
2550 -0.4534552537652978
2551 -0.4534548056071074
2552 -0.4534543153487625
2553 -0.4534537580385455
2554 -0.4534531638289335
2555 -0.4534524656477172
2556 -0.4534520463013533
2557 -0.4534516793308545
2558 -0.4534515220553055
2559 -0.4534514425459859
2560 -0.4534516563942893
2561 -0.4534520466549115
2562 -0.4534526846847017
2563 -0.4534534680051823
2564 -0.4534546072893418
2565 -0.4534559619464043
2566 -0.4534576949719575
2567 -0.4534596271441466
2568 -0.4534620144089974
2569 -0.453464584589888
2570 -0.4534676024219288
2571 -0.4534707909532265
2572 -0.4534743941767028
2573 -0.4534782092501215
2574 -0.4534823647653588
2575 -0.4534865616765816
2576 -0.4534911165202724
2577 -0.4534958925456462
2578 -0.4535009642827789
2579 -0.4535061310196193
2580 -0.4535115146403488
2581 -0.4535169450892244
2582 -0.4535227304150515
2583 -0.4535281819698463
2584 -0.4535350403200082
2585 -0.4535416123260684
2586 -0.4535469875772932
2587 -0.4535531005954731
2588 -0.4535590283655382
2589 -0.4535644363430755
2590 -0.4535695155684801
2591 -0.4535735784650475
2592 -0.4535777517105579
2593 -0.4535823440206347
2594 -0.4535863142467488
2595 -0.4535896189309853
2596 -0.4535924441687999
2597 -0.4535953756221887
2598 -0.4535976950284191
2599 -0.4535993341050122
2600 -0.4536008908155593
2601 -0.4536022943401694
2602 -0.4536030945370873
2603 -0.453603814660729
2604 -0.4536048529567043
2605 -0.4536057186820713
2606 -0.4536065523379662
2607 -0.4536071830594832
2608 -0.4536077992605049
2609 -0.453608269319315
2610 -0.4536088321991506
2611 -0.4536093282674363
2612 -0.453610123156251
2613 -0.4536104317514498
2614 -0.4536108580898248
2615 -0.4536111949735436
2616 -0.4536115219198427
2617 -0.4536119176430996
2618 -0.4536123039938941
2619 -0.4536125978837811
2620 -0.4536129493728696
2621 -0.4536132151193221
2622 -0.4536135366988918
2623 -0.4536137330659201
2624 -0.453614030284328
2625 -0.4536141572309687
2626 -0.4536143015986979
2627 -0.4536143311631268
2628 -0.4536146245646693
2629 -0.4536147863318463
2630 -0.4536150721464604
2631 -0.4536153958593679
2632 -0.4536157492911507
2633 -0.4536158688017812
2634 -0.4536163775676701
2635 -0.4729307131809943
2636 -0.4665942095977488
2637 -0.4630499495971162
2638 -0.4596578287244225
2639 -0.4571210152987431
2640 -0.454616669099747
2641 -0.4524125615444085
2642 -0.4503328719120392
2643 -0.4484116201940557
2644 -0.4466037259016182
2645 -0.4449528692709778
2646 -0.443473099297146
2647 -0.442201019969979
2648 -0.4411314876414832
2649 -0.4402684824286529
2650 -0.4396122203003731
2651 -0.439134940720082
2652 -0.4388220427751049
2653 -0.4386402967422484
2654 -0.438543071330998
2655 -0.4385305515792804
2656 -0.4385514262372887
2657 -0.4386187744100144
2658 -0.4387102503231179
2659 -0.4388280579840738
2660 -0.4389586036092236
2661 -0.4391057245675257
2662 -0.4392584011777677
2663 -0.4394146503336744
2664 -0.4395733803255744
2665 -0.4397316142885991
2666 -0.439892192207023
2667 -0.4400542353190345
2668 -0.4402174857865181
2669 -0.4403841383974565
2670 -0.440549707364205
2671 -0.4407144812544325
2672 -0.4408758597294485
2673 -0.4410343777759116
2674 -0.4411862158338115
2675 -0.4413339287139987
2676 -0.4414761954045851
2677 -0.4416114462728981
2678 -0.4417341526188809
2679 -0.4418500952387753
2680 -0.4419556971082494
2681 -0.4420521629540838
2682 -0.4421383694564867
2683 -0.4422142080636913
2684 -0.4422794666698288
2685 -0.4423346212110223
2686 -0.4423819284889866
2687 -0.4424200543981711
2688 -0.4424502156591384
2689 -0.4424735866518991
2690 -0.4424916344561238
2691 -0.442505797469034
2692 -0.4425167421279966
2693 -0.4425253869663086
2694 -0.4425325049086484
2695 -0.4425385447540881
2696 -0.4425438505577177
2697 -0.4425486523917085
2698 -0.4425532082382658
2699 -0.4425596411867524
2700 -0.4425656647325187
2701 -0.442570191357601
2702 -0.4425751183015024
2703 -0.4425802346065414
2704 -0.4425855006643933
2705 -0.4425907065818626
2706 -0.4425957569062248
2707 -0.4426004414102834
2708 -0.4426049541722569
2709 -0.4426084613906785
2710 -0.4426118659713905
2711 -0.4426147936633311
2712 -0.4426174088423975
2713 -0.4426195374230071
2714 -0.4426215357100701
2715 -0.4426232402269046
2716 -0.4426249248888666
2717 -0.4426263196918667
2718 -0.4426276482758852
2719 -0.4426296060660548
2720 -0.4426313768611914
2721 -0.4426331070535137
2722 -0.4426349969175805
2723 -0.4426371658242092
2724 -0.4426397461918857
2725 -0.4426427260313567
2726 -0.442645915430085
2727 -0.4426498608631273
2728 -0.4426546283768871
2729 -0.4426600245936765
2730 -0.4426661463441032
2731 -0.4426728093480955
2732 -0.4426800919359012
2733 -0.4426877141783134
2734 -0.4426957232855427
2735 -0.4427038699103685
2736 -0.4427122103019331
2737 -0.4427208513110949
2738 -0.4427294098785994
2739 -0.4427376302817779
2740 -0.4427457136616713
2741 -0.4427533989458559
2742 -0.4427608681078813
2743 -0.442767758626354
2744 -0.4427742692513967
2745 -0.4427800190739146
2746 -0.4427852101030593
2747 -0.4427894324545189
2748 -0.44279298532709
2749 -0.4427954952318275
2750 -0.4427972844219492
2751 -0.4427979828156505
2752 -0.4427979168856631
2753 -0.4427967442617024
2754 -0.4427948313013445
2755 -0.4427918934306937
2756 -0.4427880893548922
2757 -0.4427834901720995
2758 -0.4427784424619299
2759 -0.4427728693339594
2760 -0.442766984592518
2761 -0.4427605894260565
2762 -0.4427540886209588
2763 -0.4427473493821465
2764 -0.4427407322233675
2765 -0.4427341898118106
2766 -0.4427279353329241
2767 -0.442721900220222
2768 -0.4427161863849625
2769 -0.4427108468544483
2770 -0.4427060770520378
2771 -0.4427017698906915
2772 -0.4426981163121452
2773 -0.4426950000487025
2774 -0.4426925913613765
2775 -0.4426907626410792
2776 -0.442689677289537
2777 -0.4426891767514228
2778 -0.4426894129208922
2779 -0.4426902031728785
2780 -0.4426916906147075
2781 -0.4426936740410652
2782 -0.4426962886997128
2783 -0.4426992897498079
2784 -0.4427028318981172
2785 -0.4427066358882657
2786 -0.4427108729598719
2787 -0.4427152204215476
2788 -0.4427198924892812
2789 -0.4427245225620623
2790 -0.4427293709380881
2791 -0.4427340389368362
2792 -0.4427388062186519
2793 -0.4427432732449432
2794 -0.4427477345689192
2795 -0.4427517899042154
2796 -0.4427557372076849
2797 -0.4427591952187637
2798 -0.4427624712832745
2799 -0.4427652018895815
2800 -0.4427677022572146
2801 -0.4427696903128852
2802 -0.4427713933049539
2803 -0.4427723568599135
2804 -0.4427730719198328
2805 -0.4427732412337175
2806 -0.4427731618316273
2807 -0.4427725752129963
2808 -0.4427717786156677
2809 -0.442770560774125
2810 -0.4427691854014968
2811 -0.4427674902968194
2812 -0.4427656913431303
2813 -0.4427636679902356
2814 -0.4427616147201074
2815 -0.4427594200552694
2816 -0.4427572678416143
2817 -0.4427550550249307
2818 -0.4427529651938565
2819 -0.4427508892609979
2820 -0.4427490099701039
2821 -0.4427472041894969
2822 -0.442745655533565
2823 -0.4427441528715481
2824 -0.4427429407968802
2825 -0.4427418657375223
2826 -0.442741107562263
2827 -0.4427404831666427
2828 -0.4427401866136916
2829 -0.4427400084465302
2830 -0.4427401613014425
2831 -0.4427404030731942
2832 -0.4427409794766797
2833 -0.4427415963539698
2834 -0.4427425419140086
2835 -0.4427434739562048
2836 -0.4427447111272564
2837 -0.4427458874677522
2838 -0.4427473290328398
2839 -0.442748664274503
2840 -0.4427502198062722
2841 -0.4427516223673949
2842 -0.4427531853419679
2843 -0.4427545514047389
2844 -0.4427560334416817
2845 -0.4427572736544821
2846 -0.4427585853319411
2847 -0.4427592592367273
2848 -0.4427600724827069
2849 -0.4427606983383756
2850 -0.442761490931025
2851 -0.4427620413694278
2852 -0.4427627319146502
2853 -0.4427631655140603
2854 -0.4427637171784145
2855 -0.442764022789827
2856 -0.4427644370556598
2857 -0.4427646128544651
2858 -0.4427648860026745
2859 -0.4427649197201497
2860 -0.4427650420049429
2861 -0.4427649134777676
2862 -0.4427648633948311
2863 -0.4427645508619415
2864 -0.4427641958959576
2865 -0.4427636201584548
2866 -0.4427629970655069
2867 -0.4427621022493096
2868 -0.4427611742137555
2869 -0.4427600603081552
2870 -0.442758978267088
2871 -0.4427577553703852
2872 -0.4427565950195929
2873 -0.4427556142027874
2874 -0.4427545761904361
2875 -0.4427533582023704
2876 -0.4427523138273112
2877 -0.4427510637947607
2878 -0.4427499890191061
2879 -0.4427487316147322
2880 -0.4427476769506977
2881 -0.4427464375398751
2882 -0.4427454132958392
2883 -0.4427442045554349
2884 -0.4427432246562492
2885 -0.4427420727687073
2886 -0.4427411689883126
2887 -0.4427401094226451
2888 -0.4427393147053786
2889 -0.442738376061022
2890 -0.4427377120155134
2891 -0.4427369113079401
2892 -0.4427363894494571
2893 -0.442735735738902
2894 -0.4427353619798483
2895 -0.4427348609548058
2896 -0.4427346373273912
2897 -0.4427342921936147
2898 -0.4427342192805759
2899 -0.4427340334997031
2900 -0.4427341097672831
2901 -0.4427340848608103
2902 -0.4427343071046974
2903 -0.4427344336353184
2904 -0.4427347996986595
2905 -0.4427350664473075
2906 -0.4427355681484934
2907 -0.4427359646186398
2908 -0.4427365887158548
2909 -0.4427370997370192
2910 -0.4427378310882069
2911 -0.4427384406811863
2912 -0.4427392630883062
2913 -0.4427399544658786
2914 -0.4427408509587343
2915 -0.4427416060826906
2916 -0.4427425594460601
2917 -0.4427433603299881
2918 -0.4427443539982048
2919 -0.4427451820098349
2920 -0.4427462006303743
2921 -0.4427470382121537
2922 -0.4427480674022384
2923 -0.4427488963810632
2924 -0.4427499222230862
2925 -0.4427507285571494
2926 -0.4427517310947177
2927 -0.4427525062113538
2928 -0.4427534715548367
2929 -0.4427542038156825
2930 -0.442755120340243
2931 -0.4427557982882221
2932 -0.4427566547250921
2933 -0.4427572679453232
2934 -0.4427580546747861
2935 -0.4427585947651157
2936 -0.4427593040593655
2937 -0.4427597648413489
2938 -0.442760390679832
2939 -0.4427607678744015
2940 -0.4427613055771383
2941 -0.4427615970913903
2942 -0.4427620435282322
2943 -0.4427622495738168
2944 -0.4427626024068645
2945 -0.4427627254557108
2946 -0.4427629839321992
2947 -0.4427630263955167
2948 -0.4427631956585598
2949 -0.4427631548637864
2950 -0.4427632431543065
2951 -0.4427631241586154
2952 -0.4427631369197508
2953 -0.4427629452930025
2954 -0.4427628887911585
2955 -0.4427626308926376
2956 -0.4427625123744389
2957 -0.4427621955779171
2958 -0.4427620227266623
2959 -0.4427616547382551
2960 -0.4427614362303595
2961 -0.4427610251838143
2962 -0.442760770368952
2963 -0.442760324375516
2964 -0.4427600434372188
2965 -0.4427595703888333
2966 -0.4427592739964659
2967 -0.4427587811892139
2968 -0.4427584810561024
2969 -0.4427579757870514
2970 -0.4427576782855616
2971 -0.4427571721739013
2972 -0.442756880334612
2973 -0.4427563845378265
2974 -0.4427561069241
2975 -0.4427556284869937
2976 -0.4427553713243107
2977 -0.4427549166453799
2978 -0.4427546855527223
2979 -0.4427542601916039
2980 -0.4427540600742756
2981 -0.4427536687303107
2982 -0.4427535033494552
2983 -0.4427531501567156
2984 -0.4427530222698225
2985 -0.4427527104472793
2986 -0.4427526210681584
2987 -0.4427523532569215
2988 -0.4427523019575557
2989 -0.4427520804184467
2990 -0.4427520652325445
2991 -0.4427518922274015
2992 -0.4427519117824187
2993 -0.4427517813738839
2994 -0.4427518381755154
2995 -0.4427517450756693
2996 -0.442751838820413
2997 -0.4427517811591296
2998 -0.4427519082892319
2999 -0.4427518820145224
3000 -0.4427520389973209
3001 -0.4427520399341175
3002 -0.4427522226621628
3003 -0.4427522463526966
3004 -0.4427524505536508
3005 -0.4427524919860295
3006 -0.4427527133951832
3007 -0.4427527672009915
3008 -0.4427530017098787
3009 -0.4427530619177826
3010 -0.4427533058766209
3011 -0.4427533661894855
3012 -0.4427536170950089
3013 -0.4427536709548424
3014 -0.4427539262403912
3015 -0.4427539700225121
3016 -0.4427542196831229
3017 -0.4427542540726379
3018 -0.4427544932643193
3019 -0.4427545161608074
3020 -0.4427547422330644
3021 -0.4427547503798329
3022 -0.4427549601250872
3023 -0.442754951288105
3024 -0.4427551425259849
3025 -0.4427551150950672
3026 -0.442755286259947
3027 -0.4427552394750353
3028 -0.4427553894543017
3029 -0.4427553234097685
3030 -0.4427554513484794
3031 -0.4427553670476562
3032 -0.4427554721431141
3033 -0.4427553715306387
3034 -0.4427554530056292
3035 -0.4427553397358929
3036 -0.4427553971603219
3037 -0.4427552731971419
3038 -0.4427553102515555
3039 -0.4427551712991664
3040 -0.4427551943496575
3041 -0.4427550428582634
3042 -0.442755054619225
3043 -0.4427548930195628
3044 -0.4427548959965724
3045 -0.4427547265203101
3046 -0.4427547234873179
3047 -0.442754548739521
3048 -0.4427545425688736
3049 -0.4427543650699895
3050 -0.4427543588745204
3051 -0.4427541809550597
3052 -0.4427541780366562
3053 -0.4427540015121462
3054 -0.442754005369379
3055 -0.4427538313904924
3056 -0.4427538458086092
3057 -0.442753674729007
3058 -0.4427537044744511
3059 -0.4427535367109779
3060 -0.4427535817682004
3061 -0.4427534218962729
3062 -0.4427534782054047
3063 -0.4427533309099089
3064 -0.442753400366473
3065 -0.4427532661636521
3066 -0.4427533487638335
3067 -0.4427532280900149
3068 -0.4427533237028606
3069 -0.4427532165431292
3070 -0.4427533248558904
3071 -0.442753231076646
3072 -0.44275335135547
3073 -0.4427532707435586
3074 -0.4427534017355451
3075 -0.4427533340830038
3076 -0.4427534738427154
3077 -0.4427534190604187
3078 -0.442753564861096
3079 -0.4427535232905085
3080 -0.4427536716864375
3081 -0.4427536445672926
3082 -0.4427537933343099
3083 -0.4427537747501571
3084 -0.442753926366792
3085 -0.4097874708863067
3086 -0.4195182055460981
3087 -0.4235648511124441
3088 -0.4272453823135092
3089 -0.4288714449059196
3090 -0.4300578642476801
3091 -0.4305210151286635
3092 -0.4309250440330735
3093 -0.4311700465964537
3094 -0.4314961544921841
3095 -0.4318776799542799
3096 -0.4323677091242308
3097 -0.432939281353827
3098 -0.4335851215097867
3099 -0.4342758996697504
3100 -0.4349825644700219
3101 -0.4356840428994078
3102 -0.4362392081617401
3103 -0.436785611707849
3104 -0.437288959198022
3105 -0.4377680511731062
3106 -0.4381972144871281
3107 -0.4385850534066175
3108 -0.4389301177759404
3109 -0.4392097621911042
3110 -0.439442907257277
3111 -0.4396355150121172
3112 -0.4397970876265143
3113 -0.439932576500166
3114 -0.4400393982590939
3115 -0.4401290020947728
3116 -0.4402066289194343
3117 -0.4402791883151493
3118 -0.4403477236833422
3119 -0.4404202240452891
3120 -0.4404953362663592
3121 -0.4405802753559072
3122 -0.4406714466394981
3123 -0.4407739424142516
3124 -0.4408820091835474
3125 -0.4410013410651508
3126 -0.4411272873755331
3127 -0.4412601407844037
3128 -0.4413964662097711
3129 -0.4415354448623697
3130 -0.4416756614160712
3131 -0.4418156123879807
3132 -0.4419524966067548
3133 -0.4420859089001636
3134 -0.4422135505758386
3135 -0.442335065095418
3136 -0.4424501537651488
3137 -0.4425560382309341
3138 -0.4426547874080233
3139 -0.4427418240540342
3140 -0.4428206463360978
3141 -0.4428895044044414
3142 -0.44294850975204
3143 -0.4429986291732706
3144 -0.4430402788950187
3145 -0.4430732298393302
3146 -0.4430982370418404
3147 -0.4431146119760889
3148 -0.4431262243649431
3149 -0.4431323392670308
3150 -0.4431339396579351
3151 -0.4431312646685571
3152 -0.4431239188068127
3153 -0.4431146924240081
3154 -0.4430996500873453
3155 -0.44308647303319
3156 -0.4430715665089158
3157 -0.443059538641211
3158 -0.4430458587008613
3159 -0.4430372334644314
3160 -0.4430271347644267
3161 -0.4430188351345118
3162 -0.4430109317708545
3163 -0.4430055736413618
3164 -0.4430015153159859
3165 -0.4430004953874325
3166 -0.4430017097199584
3167 -0.4430055726877268
3168 -0.4430119483578163
3169 -0.443020300030128
3170 -0.443031672004476
3171 -0.443043756933273
3172 -0.4430590003207407
3173 -0.4430742516870464
3174 -0.4430916759776489
3175 -0.4431087791503654
3176 -0.4431285644569207
3177 -0.4431478224515809
3178 -0.4431681060795688
3179 -0.443188259590081
3180 -0.4432086922306395
3181 -0.443228686802986
3182 -0.4432485323394487
3183 -0.4432678730429455
3184 -0.4432862813071163
3185 -0.443304281988819
3186 -0.4433205608620742
3187 -0.4433369057469393
3188 -0.4433506121557422
3189 -0.4433649891917597
3190 -0.4433770453801895
3191 -0.4433895483706664
3192 -0.4433990190049908
3193 -0.4434089170671016
3194 -0.4434163222676196
3195 -0.4434237957185764
3196 -0.4434293816269764
3197 -0.4434348011133608
3198 -0.4434385824047135
3199 -0.4434421246417628
3200 -0.4434444795640428
3201 -0.4434463766834659
3202 -0.4434474704697284
3203 -0.4434477562489739
3204 -0.4434482379661442
3205 -0.4434470736999296
3206 -0.4434466207338627
3207 -0.443444455905432
3208 -0.4434432376143254
3209 -0.4434405409238984
3210 -0.4434387765774341
3211 -0.4434360717797854
3212 -0.4434328540529165
3213 -0.4434297047622044
3214 -0.4434272313102343
3215 -0.4434253981218143
3216 -0.4434238921399282
3217 -0.4434235160308475
3218 -0.4434226674301918
3219 -0.4434224011027656
3220 -0.4434217101677734
3221 -0.4434225273360522
3222 -0.4434226302984602
3223 -0.4434252490633128
3224 -0.4434267609051016
3225 -0.4434309571139769
3226 -0.4434341292384192
3227 -0.4434397215042348
3228 -0.4434444024755856
3229 -0.44345092626104
3230 -0.4434568710867432
3231 -0.4434641950146734
3232 -0.443471009143327
3233 -0.4434787618249444
3234 -0.4434863254190805
3235 -0.4434944353541352
3236 -0.4435025637139249
3237 -0.4435107239309488
3238 -0.4435191931224332
3239 -0.443527072885519
3240 -0.4435359215187803
3241 -0.4435432848251969
3242 -0.4435516506290981
3243 -0.443558368328878
3244 -0.4435658397117503
3245 -0.4435717023766512
3246 -0.4435776486421662
3247 -0.4435822905906073
3248 -0.4435865761647935
3249 -0.4435898321367304
3250 -0.443592310813117
3251 -0.4435938155483828
3252 -0.4435942776962283
3253 -0.4435943772974725
3254 -0.443592875221737
3255 -0.4435912565440698
3256 -0.4435877560655099
3257 -0.4435850458466908
3258 -0.4435798252059582
3259 -0.4435758302056729
3260 -0.4435692849614187
3261 -0.4435645682678874
3262 -0.4435575520468536
3263 -0.4435514985693408
3264 -0.4435440046410939
3265 -0.4435374192882276
3266 -0.4435300006243483
3267 -0.4435233807240342
3268 -0.4435163650099472
3269 -0.443510095968672
3270 -0.4435039216557508
3271 -0.4434982259971221
3272 -0.4434930999004527
3273 -0.4434882084466836
3274 -0.4434848220099052
3275 -0.4434809612482259
3276 -0.4678001617934192
3277 -0.4612010326950819
3278 -0.4564036443796968
3279 -0.4532441773330005
3280 -0.4506534803185617
3281 -0.4485881657773955
3282 -0.4467260185665162
3283 -0.4451975873328254
3284 -0.4437302577606813
3285 -0.4424641107470317
3286 -0.4413937068206386
3287 -0.4405127148552647
3288 -0.4398231967119075
3289 -0.4393072997083753
3290 -0.4389666779874266
3291 -0.4387683089504695
3292 -0.4386889772759942
3293 -0.438709802385384
3294 -0.4388125820661443
3295 -0.4389769007800477
3296 -0.4391791522410957
3297 -0.439403825012607
3298 -0.4396394958949612
3299 -0.4398875458931455
3300 -0.4401257625262465
3301 -0.4403118400670444
3302 -0.4405031277499009
3303 -0.440688764000838
3304 -0.4408637257705414
3305 -0.4410236604678799
3306 -0.4411700511235692
3307 -0.4413044506462744
3308 -0.441428324967849
3309 -0.4415419584086466
3310 -0.4416440559121487
3311 -0.4417380370189948
3312 -0.4418199830678485
3313 -0.4418966634900279
3314 -0.4419675016502025
3315 -0.4420334573830223
3316 -0.4420950233477112
3317 -0.4421519327856528
3318 -0.4422052024076383
3319 -0.442255387883991
3320 -0.4423026274213249
3321 -0.4423475713781205
3322 -0.4423894878955141
3323 -0.4424292761855984
3324 -0.4424671002341924
3325 -0.442503599091755
3326 -0.4425387849776229
3327 -0.4425736785945755
3328 -0.4426066955030498
3329 -0.4426391622914007
3330 -0.4426711099823468
3331 -0.4427034785423392
3332 -0.4427367471651558
3333 -0.4427708424404275
3334 -0.4428057480067005
3335 -0.4428407782468211
3336 -0.4428764962685658
3337 -0.4429124445354118
3338 -0.4429485857195157
3339 -0.4429843600828757
3340 -0.4430193594417458
3341 -0.4430533995345162
3342 -0.443086259479198
3343 -0.443117856101943
3344 -0.4431478974285251
3345 -0.4431764377320335
3346 -0.4432031424470129
3347 -0.4432280863548327
3348 -0.4432509815006637
3349 -0.4432720335621715
3350 -0.4432909963821595
3351 -0.4433080758670954
3352 -0.4433229651570519
3353 -0.4433359781654967
3354 -0.4433469121465949
3355 -0.4433561648981741
3356 -0.4433635811811267
3357 -0.4433696069144714
3358 -0.4433740037701707
3359 -0.4433772507512539
3360 -0.4433792486380796
3361 -0.4433804691234187
3362 -0.4433808329838755
3363 -0.443380800603968
3364 -0.4433802826835011
3365 -0.44337968337955
3366 -0.4433788678245541
3367 -0.4433782073744191
3368 -0.4433775557682173
3369 -0.4433772903422721
3370 -0.4433772454780487
3371 -0.4433777184480903
3372 -0.4433786221851891
3373 -0.4433801408071564
3374 -0.4433818725133676
3375 -0.4433841865213393
3376 -0.443386913213327
3377 -0.443390299262932
3378 -0.4433940430870957
3379 -0.4433983641602332
3380 -0.4434029733530058
3381 -0.4434080897560432
3382 -0.4434134363420869
3383 -0.4434191972016554
3384 -0.4434250960847732
3385 -0.4434313269480265
3386 -0.4434375414776114
3387 -0.4434439204088154
3388 -0.4434502446233754
3389 -0.4434561727159439
3390 -0.4434622355582701
3391 -0.4434680911993097
3392 -0.4434734505506226
3393 -0.4434786693701858
3394 -0.4434832689524622
3395 -0.4434876628883603
3396 -0.4434914309408332
3397 -0.4434949352542857
3398 -0.4434977602437349
3399 -0.4435003430726538
3400 -0.4435022520280138
3401 -0.4435039138970051
3402 -0.4435049264261611
3403 -0.4435057473806796
3404 -0.443505971203189
3405 -0.4435060585889982
3406 -0.4435056248752219
3407 -0.4435051282204278
3408 -0.4435041994462636
3409 -0.4435033085268928
3410 -0.4435020884060918
3411 -0.4435009960464464
3412 -0.4434996663930011
3413 -0.4434985572344259
3414 -0.443497302185091
3415 -0.4434963577202168
3416 -0.4434953255432222
3417 -0.4434946691284378
3418 -0.4434940255359993
3419 -0.4434938164502751
3420 -0.4434936536376183
3421 -0.443493943782551
3422 -0.4434942928233919
3423 -0.4434950992521089
3424 -0.4434959557837037
3425 -0.4434972599559381
3426 -0.4136721710995147
3427 -0.4229573388433204
3428 -0.4270583169785238
3429 -0.4305180751550997
3430 -0.4320967893504505
3431 -0.4331825701068534
3432 -0.4335662861493048
3433 -0.4338258367370066
3434 -0.4339323185520764
3435 -0.434118698676413
3436 -0.4343752971693512
3437 -0.4347697664941144
3438 -0.4352752349515807
3439 -0.4358893170182048
3440 -0.4365869633699049
3441 -0.4373386652680611
3442 -0.4381055748653951
3443 -0.4387728863975378
3444 -0.4394381118034444
3445 -0.4400744950545066
3446 -0.4406853544050717
3447 -0.4412424462471116
3448 -0.4417534960694192
3449 -0.4422083527207924
3450 -0.4426181001469699
3451 -0.4429720591237499
3452 -0.4432781028249312
3453 -0.4435381805240429
3454 -0.4437662415302951
3455 -0.4439581173375148
3456 -0.4441224493341107
3457 -0.4442628574558174
3458 -0.4443802516406828
3459 -0.4444840856608564
3460 -0.444579036680762
3461 -0.4446696697134583
3462 -0.4447612260937506
3463 -0.4448521047113153
3464 -0.4449447889514472
3465 -0.4450397113208634
3466 -0.4451369964632669
3467 -0.4452375301150577
3468 -0.4453409757134855
3469 -0.4454472185999171
3470 -0.4455487547809541
3471 -0.4456545512123725
3472 -0.4457615118580808
3473 -0.4458689611376264
3474 -0.4459740516275144
3475 -0.4460759843374253
3476 -0.4461735885164261
3477 -0.4462660795600716
3478 -0.4463526295378638
3479 -0.4464322087119034
3480 -0.4465043891413798
3481 -0.4465695657110472
3482 -0.4466271561774666
3483 -0.4466778345362333
3484 -0.4467214324614605
3485 -0.4467585835824114
3486 -0.4467894934167713
3487 -0.4468151679721991
3488 -0.4468360663197119
3489 -0.4468529924275563
3490 -0.4468665194024811
3491 -0.4468774296596182
3492 -0.4468863216633499
3493 -0.4468939677830899
3494 -0.4469008533235211
3495 -0.4469094360906454
3496 -0.4469175573692366
3497 -0.4469264875576407
3498 -0.4469360807321118
3499 -0.4469469786632189
3500 -0.4469593635155939
3501 -0.4469736252122379
3502 -0.4469884969690953
3503 -0.4470060907768401
3504 -0.4470255952718146
3505 -0.4470471280197592
3506 -0.447069994426132
3507 -0.4470940830374807
3508 -0.4471189684690247
3509 -0.4471446060096556
3510 -0.4471704109935371
3511 -0.4471962902925293
3512 -0.4472217525812379
3513 -0.4472466518589149
3514 -0.4472707028152299
3515 -0.4472937148168731
3516 -0.4473155478795401
3517 -0.4473359844474019
3518 -0.4473549771751633
3519 -0.4473723345112888
3520 -0.4473881151605631
3521 -0.4474021176087908
3522 -0.4474144838058517
3523 -0.4474250550438997
3524 -0.4474340103169351
3525 -0.4474412713152262
3526 -0.4474469871167882
3527 -0.4474512168645828
3528 -0.447454082206862
3529 -0.4474557488334562
3530 -0.4474562959525925
3531 -0.4474558774487262
3532 -0.4474546488644924
3533 -0.4474528939250966
3534 -0.4474505946403638
3535 -0.4474481208084167
3536 -0.4474454022373911
3537 -0.4474427586141825
3538 -0.4474402132592774
3539 -0.4474380340026728
3540 -0.4474361766697929
3541 -0.4474349218547823
3542 -0.4474341457502735
3543 -0.4474340802037484
3544 -0.4474346080208851
3545 -0.4474358755066871
3546 -0.4474377996349433
3547 -0.4474404621324252
3548 -0.4474438168552983
3549 -0.447447872982198
3550 -0.4474526269965625
3551 -0.447458026307826
3552 -0.4474640633007673
3553 -0.4474706468582946
3554 -0.4474779082007666
3555 -0.4474856457102969
3556 -0.4474939138014629
3557 -0.4475024414014099
3558 -0.4475113362277268
3559 -0.4475203657335928
3560 -0.447529588798578
3561 -0.4475388511801214
3562 -0.4475481046854008
3563 -0.4475572736663941
3564 -0.4475662274150685
3565 -0.447574968165436
3566 -0.4475833227913343
3567 -0.4475913709137957
3568 -0.4475989128622922
3569 -0.4476060992227174
3570 -0.4476126892674489
3571 -0.4476189003241455
3572 -0.4476244695666153
3573 -0.4476296739652333
3574 -0.447634225804683
3575 -0.4476384297044767
3576 -0.4476420022320127
3577 -0.4476452396212559
3578 -0.4476479105068422
3579 -0.4476502472316009
3580 -0.4476521049833473
3581 -0.4476536219096001
3582 -0.4476547484610586
3583 -0.4476555414592631
3584 -0.447656026323679
3585 -0.4476561922382425
3586 -0.4476561272108289
3587 -0.4476557667474987
3588 -0.4476552405400132
3589 -0.4476544490278322
3590 -0.4476535599960688
3591 -0.465368284078967
3592 -0.4617023022768617
3593 -0.4576952706869054
3594 -0.4549778530326909
3595 -0.4522021216144397
3596 -0.4498069580404346
3597 -0.4473087600128273
3598 -0.4449662248237057
3599 -0.4427155437482107
3600 -0.4406437132553808
3601 -0.438741907370472
3602 -0.4370799969467897
3603 -0.4356575499235145
3604 -0.4345150007150787
3605 -0.4336347873457723
3606 -0.4330243964898374
3607 -0.432652147503425
3608 -0.4324460483487244
3609 -0.4323973450217781
3610 -0.4324507368166551
3611 -0.4326112499599431
3612 -0.4328410109319632
3613 -0.43313565658242
3614 -0.4334668794952203
3615 -0.4338255139556493
3616 -0.4341805850200515
3617 -0.4345452569029784
3618 -0.4349065962210714
3619 -0.4352707672595418
3620 -0.4356183477590294
3621 -0.4359482273473548
3622 -0.4362539916335823
3623 -0.436539452618641
3624 -0.4368013361583072
3625 -0.4370429218667518
3626 -0.4372630322520592
3627 -0.4374661317032217
3628 -0.4376517040201577
3629 -0.4378139365298029
3630 -0.4379629662946973
3631 -0.438097876739005
3632 -0.4382257005873121
3633 -0.4383417821741947
3634 -0.4384479251456397
3635 -0.4385443476326859
3636 -0.4386303962951655
3637 -0.4387079533279452
3638 -0.4387756720149247
3639 -0.4388375113496997
3640 -0.4388941766718135
3641 -0.4389462263274201
3642 -0.4389949479244242
3643 -0.4390437958558236
3644 -0.4390897437334881
3645 -0.4391344227813395
3646 -0.4391777637981667
3647 -0.4392208890860352
3648 -0.4392634916227028
3649 -0.4393054319760178
3650 -0.4393477254601859
3651 -0.4393900285175751
3652 -0.4394315506564963
3653 -0.4394726801206276
3654 -0.4395136117925179
3655 -0.4395538418230372
3656 -0.4395934761892655
3657 -0.4396316988004012
3658 -0.4396686690019774
3659 -0.4397038926268987
3660 -0.4397378022802176
3661 -0.4397696740073239
3662 -0.4397995672642908
3663 -0.4398273862291438
3664 -0.4398536113988236
3665 -0.4398778012421639
3666 -0.4399005436550691
3667 -0.4399213668435071
3668 -0.439940641415783
3669 -0.4399580071226464
3670 -0.4399738536511649
3671 -0.439987923586989
3672 -0.4400004764152925
3673 -0.4400116624853473
3674 -0.4400216900351259
3675 -0.4400302785003289
3676 -0.440037933005741
3677 -0.440044342289921
3678 -0.4400500731754361
3679 -0.4400548829819927
3680 -0.4400592891701696
3681 -0.4400625165803331
3682 -0.4400654422282912
3683 -0.440067671066348
3684 -0.4400698301714208
3685 -0.4400720935504158
3686 -0.4400741960351314
3687 -0.4400759892069067
3688 -0.4400779487607747
3689 -0.4400799483785714
3690 -0.440082383926211
3691 -0.4400851241790111
3692 -0.4400886696054203
3693 -0.4400926579924705
3694 -0.4400973309686437
3695 -0.4401022274353079
3696 -0.4401077077501361
3697 -0.4401133340922321
3698 -0.4401193184252535
3699 -0.4401251554173243
3700 -0.4401310249674698
3701 -0.4401365258691403
3702 -0.440141868573492
3703 -0.440146414352041
3704 -0.4401506167908531
3705 -0.4401541513527581
3706 -0.4401573383829491
3707 -0.4401598542442663
3708 -0.4401620504789511
3709 -0.4401634543195042
3710 -0.4401648877904447
3711 -0.4401657928664921
3712 -0.4401665895744867
3713 -0.4401669267993515
3714 -0.4401672172491527
3715 -0.4401671558675119
3716 -0.4401670672459351
3717 -0.4401666321354623
3718 -0.4401662142756265
3719 -0.4401654647560966
3720 -0.4401647618540361
3721 -0.4401637579799591
3722 -0.4401629479852946
3723 -0.4401619589093289
3724 -0.4401611821666627
3725 -0.4401602812370992
3726 -0.4401596607533345
3727 -0.4401589688483052
3728 -0.4401585447060365
3729 -0.4401580132327045
3730 -0.4401577056771938
3731 -0.4401573165837779
3732 -0.4401571764519521
3733 -0.4401568993206263
3734 -0.4401568489861989
3735 -0.44015679692493
3736 -0.4401569673925397
3737 -0.4401569492014363
3738 -0.4401572416542392
3739 -0.4401575099700032
3740 -0.440158227731999
3741 -0.4401591380561129
3742 -0.440160491139813
3743 -0.4401619849165488
3744 -0.4401639135822556
3745 -0.4401660056421258
3746 -0.4401685058227818
3747 -0.4401710318106783
3748 -0.4401738668686729
3749 -0.4401765654760169
3750 -0.440179373533145
3751 -0.4401818877025816
3752 -0.4401843555447825
3753 -0.4401865426359531
3754 -0.440188749413654
3755 -0.440190681616132
3756 -0.4401926980948148
3757 -0.4401944487004993
3758 -0.4401961882397956
3759 -0.4401975626151309
3760 -0.4401989137044031
3761 -0.4401999690188976
3762 -0.4402010199336208
3763 -0.4402017202650518
3764 -0.4402023706631107
3765 -0.4402026557091051
3766 -0.4402028860513544
3767 -0.4402027110860642
3768 -0.4402024761546803
3769 -0.4402019147250597
3770 -0.4402013937935893
3771 -0.4402005992178674
3772 -0.4401998810699532
3773 -0.4401989743213298
3774 -0.4401982496885272
3775 -0.4401973775420364
3776 -0.4401967008353332
3777 -0.4401959207170449
3778 -0.4401954056420136
3779 -0.4401948092963471
3780 -0.4401944624788285
3781 -0.440194083472089
3782 -0.4401940319971484
3783 -0.4401939511158664
3784 -0.4401941629396201
3785 -0.4401943003504505
3786 -0.4401947152801043
3787 -0.4401950191590866
3788 -0.4401955982755933
3789 -0.4401961008508667
3790 -0.4401969031217691
3791 -0.4401976722574479
3792 -0.4401987246921498
3793 -0.4401996924598788
3794 -0.4402009389615268
3795 -0.4402021050033547
3796 -0.4402035090827308
3797 -0.4402047826446493
3798 -0.4402062645835348
3799 -0.4402076072746225
3800 -0.4402091345420617
3801 -0.4402104636672678
3802 -0.4402119273880548
3803 -0.4402131908508752
3804 -0.4402145795693117
3805 -0.4402152025075501
3806 -0.4402161637355766
3807 -0.4402169944961719
3808 -0.4402181108094415
3809 -0.4402188788682003
3810 -0.4402198751198004
3811 -0.4402204777266692
3812 -0.4402213812190098
3813 -0.4402218881275674
3814 -0.4402226799508142
3815 -0.4402230623896823
3816 -0.4402237888416893
3817 -0.4402241149182049
3818 -0.4402247552370985
3819 -0.4402249555542112
3820 -0.4402254968500191
3821 -0.4402256180671124
3822 -0.4402260449230777
3823 -0.4402259983930366
3824 -0.4402262713319605
3825 -0.440226109983857
3826 -0.4402262471265576
3827 -0.4402259019727243
3828 -0.4402258588302876
3829 -0.4402253835379104
3830 -0.4402252149415296
3831 -0.4402245772957861
3832 -0.4402242319015607
3833 -0.4402234662296089
3834 -0.4402230233813809
3835 -0.4402221348654573
3836 -0.440221540633964
3837 -0.440220545750077
3838 -0.4402198991555493
3839 -0.4402188360609093
3840 -0.4402180849793627
3841 -0.4402169496447445
3842 -0.4402161922807054
3843 -0.440215049490541
3844 -0.4402142499268881
3845 -0.4402130732074597
3846 -0.4402123025188852
3847 -0.4402111741298689
3848 -0.4402104222378248
3849 -0.4402092940597822
3850 -0.4402085965019512
3851 -0.440207566294602
3852 -0.4402069400755803
3853 -0.4402059400439503
3854 -0.440205385084558
3855 -0.4402045166455966
3856 -0.4402040719403555
3857 -0.4402032635030654
3858 -0.4402028968151439
3859 -0.4402022287824316
3860 -0.4402019959949762
3861 -0.4402014149372492
3862 -0.4402012563231168
3863 -0.4402008027675344
3864 -0.4402007894494701
3865 -0.4402004388975997
3866 -0.4402004851784777
3867 -0.4402002380872226
3868 -0.4402004339225818
3869 -0.4402002986179518
3870 -0.4402005448462136
3871 -0.4402004892344669
3872 -0.4402008771846634
3873 -0.4402009344783196
3874 -0.4402013734005512
3875 -0.4402014831500174
3876 -0.440202035768493
3877 -0.4402022560492723
3878 -0.4402028658276161
3879 -0.4402031081314023
3880 -0.440203793476669
3881 -0.4402041447741761
3882 -0.4402048917862388
3883 -0.4402052392688923
3884 -0.4402060246227808
3885 -0.4402064732319613
3886 -0.4402073173469691
3887 -0.440207750596848
3888 -0.4402085990879759
3889 -0.4402091084155869
3890 -0.4402100100283733
3891 -0.4402105082971098
3892 -0.4402113791493464
3893 -0.4402119121489108
3894 -0.4402128356451709
3895 -0.4402133685600472
3896 -0.440214228802101
3897 -0.4402147540259062
3898 -0.4402156685270701
3899 -0.4402161977385384
3900 -0.4402170307414215
3901 -0.4402175160575194
3902 -0.4402183886723169
3903 -0.4402188740992052
3904 -0.440219671347598
3905 -0.4402200785054707
3906 -0.4402208767027449
3907 -0.4402212859603991
3908 -0.4402220282241076
3909 -0.4402223235007509
3910 -0.4402230214011872
3911 -0.440223331977348
3912 -0.440223989355204
3913 -0.4402241641818802
3914 -0.4402247406338164
3915 -0.4402249322727542
3916 -0.4402254735129614
3917 -0.4402255435981871
3918 -0.4402259731532997
3919 -0.4402260276412374
3920 -0.4402264355854446
3921 -0.440226408814019
3922 -0.4402266735798248
3923 -0.440226588383497
3924 -0.4402268642871182
3925 -0.4402267304387578
3926 -0.4402268497580223
3927 -0.4402266251062762
3928 -0.440226770691074
3929 -0.4402265150931146
3930 -0.4402265432469692
3931 -0.4402261703875392
3932 -0.4402261912096111
3933 -0.4402258208980942
3934 -0.4402257879074793
3935 -0.4402252722812938
3936 -0.4402251912971915
3937 -0.4402247328331959
3938 -0.4402246387397985
3939 -0.4402240527235657
3940 -0.4402238797919141
3941 -0.4402233486733281
3942 -0.4402231914218827
3943 -0.4402226107529856
3944 -0.4402223412598384
3945 -0.4402217645413254
3946 -0.4402215778583015
3947 -0.4402210146949552
3948 -0.4402207176682115
3949 -0.4402201145169364
3950 -0.4402199197331835
3951 -0.4402193598906493
3952 -0.4402191345387535
3953 -0.4402184942502652
3954 -0.4402183139089323
3955 -0.4402177836519405
3956 -0.4402176435441348
3957 -0.4402170281719008
3958 -0.4402168761264532
3959 -0.4402163910400563
3960 -0.4402163066286622
3961 -0.4402158130530051
3962 -0.4402156686258012
3963 -0.4402152409366895
3964 -0.4402152258628538
3965 -0.4402148552702163
3966 -0.440214769987995
3967 -0.4402143991237939
3968 -0.4402144545692682
3969 -0.4402141611524535
3970 -0.4402142177103125
3971 -0.4402138672240664
3972 -0.4402139911299284
3973 -0.440213774886873
3974 -0.4402139575809572
3975 -0.4402136704942555
3976 -0.4402138473962014
3977 -0.440213695910686
3978 -0.4402139464014541
3979 -0.4402137937269441
3980 -0.4402139743229615
3981 -0.4402138756623876
3982 -0.4402141856235942
3983 -0.440214136412945
3984 -0.4402143639225328
3985 -0.440214289703473
3986 -0.4402146360343062
3987 -0.440214623776449
3988 -0.440214961773007
3989 -0.4402148551952008
3990 -0.4402152231174676
3991 -0.4402152389409766
3992 -0.4402156430472672
3993 -0.4402155636686623
3994 -0.4402159154330434
3995 -0.4402159325947434
3996 -0.44021633793057
3997 -0.4402163438124238
3998 -0.4402166307537614
3999 -0.4402166370633895
4000 -0.4402170391601251
4001 -0.4402170702113311
4002 -0.4402173741417454
4003 -0.440217328242119
4004 -0.4402177038685638
4005 -0.4402177099918578
4006 -0.4402180737617224
4007 -0.4402179529037923
4008 -0.440218293472901
4009 -0.4402182733394466
4010 -0.4402186312779868
4011 -0.4402185183748936
4012 -0.4402187942727228
4013 -0.4402187347089737
4014 -0.440219057074158
4015 -0.4402189820622641
4016 -0.4402191754947316
4017 -0.4402190767276927
4018 -0.4402193693881757
4019 -0.4402192856896688
4020 -0.4402194798507189
4021 -0.440219315061536
4022 -0.4402195673369765
4023 -0.4402194477562882
4024 -0.4402196838577637
4025 -0.4402194362598283
4026 -0.4402196527426149
4027 -0.4402195079661299
4028 -0.4402197425544783
4029 -0.4402195009993608
4030 -0.4402196578935814
4031 -0.4402194799717555
4032 -0.4402196864011694
4033 -0.4402194966607292
4034 -0.4402195792050766
4035 -0.4402193740519252
4036 -0.4402195641871466
4037 -0.4402193820081088
4038 -0.4402194808639538
4039 -0.4402192253563272
4040 -0.4402193920583401
4041 -0.4065696477328066
4042 -0.4168778427296956
4043 -0.4228558177554598
4044 -0.4277778809035012
4045 -0.4309472099577671
4046 -0.4334593245422085
4047 -0.4352871673416852
4048 -0.4368407491969891
4049 -0.4381257798242637
4050 -0.4393171226927527
4051 -0.4404045439379999
4052 -0.441457755294815
4053 -0.4424519651614356
4054 -0.4433924466831195
4055 -0.4441800240126054
4056 -0.4449099599246019
4057 -0.4455677576511529
4058 -0.4461758883318941
4059 -0.4467044132118193
4060 -0.4471696104454147
4061 -0.4475612220220763
4062 -0.4478918945534114
4063 -0.4481588818920496
4064 -0.4483752240180508
4065 -0.4485420479626756
4066 -0.4486679643964572
4067 -0.4487594579117247
4068 -0.4488215125780518
4069 -0.4488625667507969
4070 -0.4488889404063309
4071 -0.4489026374124465
4072 -0.4489076294476648
4073 -0.4489087477541263
4074 -0.4489085877449877
4075 -0.4489100857376134
4076 -0.4489144417446093
4077 -0.4489213946113529
4078 -0.4489349842982603
4079 -0.4489551335714182
4080 -0.4489813114381733
4081 -0.4490148340550192
4082 -0.4490547421042859
4083 -0.4491004471272528
4084 -0.4491518306330203
4085 -0.449206964991186
4086 -0.4492650637679397
4087 -0.4493248376404759
4088 -0.4493853746491833
4089 -0.4494453385072743
4090 -0.4495059548210986
4091 -0.4495647117596811
4092 -0.4496220197987984
4093 -0.4496748458316414
4094 -0.4497259160131482
4095 -0.4497734041340482
4096 -0.4498171784574345
4097 -0.449857004270332
4098 -0.4498932193082136
4099 -0.4499251841021503
4100 -0.4499532567641791
4101 -0.449977090228158
4102 -0.4499973311042138
4103 -0.4500137275581378
4104 -0.4500269369254213
4105 -0.4500368243165451
4106 -0.4500442996239112
4107 -0.4500489035022215
4108 -0.4500518456363118
4109 -0.4500531562400646
4110 -0.4500529635703424
4111 -0.4500514119339458
4112 -0.4500492391184885
4113 -0.4500464608960931
4114 -0.4500438069831876
4115 -0.4500410035849555
4116 -0.4500388734975426
4117 -0.4500371114855266
4118 -0.4500365137947536
4119 -0.4500364178464235
4120 -0.4500374299925461
4121 -0.4500389840548751
4122 -0.4500415828650092
4123 -0.4500447270792806
4124 -0.4500488782226419
4125 -0.4500532770172415
4126 -0.4500587331618389
4127 -0.4500647919217985
4128 -0.4500717259835265
4129 -0.4500791081017072
4130 -0.4500874781607595
4131 -0.4500961255953133
4132 -0.4501054385119814
4133 -0.4501148590058575
4134 -0.4501247541170845
4135 -0.4501346260738541
4136 -0.4501448543156207
4137 -0.4501549406008508
4138 -0.4501652384162013
4139 -0.4501752227962045
4140 -0.4501852850111605
4141 -0.4501945251762722
4142 -0.4502039575801738
4143 -0.4502129816279369
4144 -0.4502219363708493
4145 -0.45023030818293
4146 -0.4502384568967008
4147 -0.4502466068464114
4148 -0.4502540764390413
4149 -0.450260676814083
4150 -0.4502669265244619
4151 -0.4502724681373914
4152 -0.4502777815957986
4153 -0.450282491013459
4154 -0.4502870811501867
4155 -0.4502911704432243
4156 -0.4502952292928243
4157 -0.4502988822782136
4158 -0.4503025429556599
4159 -0.4503055963581675
4160 -0.45030899459096
4161 -0.4503121462429445
4162 -0.4503154764187796
4163 -0.4503185629279555
4164 -0.4503218249490538
4165 -0.4503248502837713
4166 -0.450328063204575
4167 -0.4503310351867052
4168 -0.4503341906095983
4169 -0.4503371262281389
4170 -0.4503402760615562
4171 -0.4503432292220797
4172 -0.4503464321613739
4173 -0.4503494733945763
4174 -0.4503527872553156
4175 -0.4503558522260718
4176 -0.4503592179286597
4177 -0.4503624399817114
4178 -0.4503659381812384
4179 -0.4503692758497779
4180 -0.4503728595675616
4181 -0.4503762446712307
4182 -0.4503798413773241
4183 -0.4503832321745149
4184 -0.4503868072248706
4185 -0.4503901330258465
4186 -0.4503936336816712
4187 -0.4503968926695492
4188 -0.4504002871526331
4189 -0.4504033205158841
4190 -0.4504064344246689
4191 -0.4504092124239859
4192 -0.4504119020107532
4193 -0.4504143116830348
4194 -0.4504168665816479
4195 -0.4504190753006367
4196 -0.4504217819213791
4197 -0.4504239141421807
4198 -0.4504259069134776
4199 -0.4504273813392728
4200 -0.4504287958433728
4201 -0.4504297294962579
4202 -0.4504306096739735
4203 -0.4504310097305776
4204 -0.4504313671176385
4205 -0.450431274901779
4206 -0.4504311699114494
4207 -0.4504306290810702
4208 -0.4504300929126293
4209 -0.4698906451976242
4210 -0.4611646876318674
4211 -0.4572705792847517
4212 -0.454506734783906
4213 -0.453181213888477
4214 -0.452181016310122
4215 -0.4517137408913152
4216 -0.4512469576235971
4217 -0.4509075425762503
4218 -0.4505192038214609
4219 -0.4501676159960082
4220 -0.4498047366124478
4221 -0.4494813655289375
4222 -0.4491836779467128
4223 -0.4489384968215148
4224 -0.4487424830555074
4225 -0.44860138927893
4226 -0.4485051793931334
4227 -0.4484509249908511
4228 -0.4484286405117036
4229 -0.448432437762925
4230 -0.4484534254390798
4231 -0.4484847662033979
4232 -0.4485233177620396
4233 -0.4485651702298147
4234 -0.4486080429152855
4235 -0.4486502080243912
4236 -0.4486766709847696
4237 -0.4487053229736247
4238 -0.4487469884490232
4239 -0.4487845040386764
4240 -0.4488176869910909
4241 -0.4488430938664215
4242 -0.448868971853105
4243 -0.4488948324085593
4244 -0.4489203262694011
4245 -0.4489461679507651
4246 -0.448972801169976
4247 -0.4490001555371546
4248 -0.4490276864876268
4249 -0.4490526446722075
4250 -0.4490782702100075
4251 -0.4491058401323605
4252 -0.4491336027760178
4253 -0.4491605826255098
4254 -0.4491864321585474
4255 -0.4492124407178189
4256 -0.4492392989497486
4257 -0.4492671002825632
4258 -0.4492927595019324
4259 -0.4493180865023486
4260 -0.4493415812818282
4261 -0.449364962225512
4262 -0.4493877199597192
4263 -0.4494074942709273
4264 -0.4494244289702429
4265 -0.449441241872381
4266 -0.4494585867402703
4267 -0.4494730985177466
4268 -0.4494842946722805
4269 -0.4494970528599448
4270 -0.4495075844615311
4271 -0.4495166773641227
4272 -0.4495223459607993
4273 -0.4495275381328492
4274 -0.4495343003946384
4275 -0.4495396811459591
4276 -0.4495440009625239
4277 -0.4495459924864703
4278 -0.4495478128324585
4279 -0.4495499190587395
4280 -0.4495531836519969
4281 -0.4495557325472234
4282 -0.4495574927594536
4283 -0.4495595944864709
4284 -0.449561868184948
4285 -0.4495643657869474
4286 -0.4495670016834904
4287 -0.4495698181721874
4288 -0.4495728950626829
4289 -0.4495761186816272
4290 -0.4495796562718623
4291 -0.4495833719182765
4292 -0.4495873909614007
4293 -0.4495914742445656
4294 -0.4495957270139345
4295 -0.4495987917803086
4296 -0.4496025468324703
4297 -0.4496076230296007
4298 -0.449611066679369
4299 -0.4496146187874657
4300 -0.4496183033511801
4301 -0.4496231683357899
4302 -0.4496278855332574
4303 -0.4496312345270894
4304 -0.4496346255709014
4305 -0.4496384889278459
4306 -0.449642535516716
4307 -0.4496462441253514
4308 -0.4496497110146337
4309 -0.4496527313794428
4310 -0.4496554124791936
4311 -0.449657710524055
4312 -0.4496597630285894
4313 -0.4496613902256624
4314 -0.449662680315382
4315 -0.4496636043153743
4316 -0.4496643473001807
4317 -0.4496647248911705
4318 -0.4496648966769364
4319 -0.4496648355539841
4320 -0.4496647186486401
4321 -0.4496643885250566
4322 -0.4496639740310081
4323 -0.4496634515184477
4324 -0.4496629683886859
4325 -0.4496623489005707
4326 -0.4496617246856655
4327 -0.4496610406208249
4328 -0.4496604461337457
4329 -0.4496597534653256
4330 -0.4496590960718758
4331 -0.4496583990109757
4332 -0.4496578201762281
4333 -0.4496571627366092
4334 -0.4496565578741882
4335 -0.4496559386705178
4336 -0.4496554825226054
4337 -0.4496549934651761
4338 -0.4496546044545652
4339 -0.4496542725625295
4340 -0.4496541380066273
4341 -0.4496540013465359
4342 -0.4496539757694781
4343 -0.4496540023246909
4344 -0.4496542080131468
4345 -0.4496543954659873
4346 -0.4496546683466395
4347 -0.4496549590902581
4348 -0.449655403591481
4349 -0.449655801688813
4350 -0.4496562624180714
4351 -0.4496567145089187
4352 -0.4496573008555344
4353 -0.4496578110850763
4354 -0.449658348335475
4355 -0.4496588458094823
4356 -0.4496594307384432
4357 -0.4496599020536881
4358 -0.4496603675454084
4359 -0.449660761460972
4360 -0.4496612101302719
4361 -0.4496615266824389
4362 -0.4496618202543218
4363 -0.4496620281672603
4364 -0.4496622858327612
4365 -0.4496623970575829
4366 -0.4496624790539451
4367 -0.4496624853571261
4368 -0.4496624492860103
4369 -0.4496623738796689
4370 -0.4496622378295116
4371 -0.4290714977506125
4372 -0.4353448018970988
4373 -0.4379062059826256
4374 -0.4399033772202948
4375 -0.4404081753366101
4376 -0.4405556485634201
4377 -0.4401573370014123
4378 -0.4396700904940748
4379 -0.4390825991494077
4380 -0.438595549461202
4381 -0.4382116683035884
4382 -0.4379835337783218
4383 -0.4379063309868815
4384 -0.4379804061071683
4385 -0.4381779289291404
4386 -0.438476468078058
4387 -0.4388453787104019
4388 -0.439256215361897
4389 -0.4396382514765072
4390 -0.4400401680596858
4391 -0.4404185100775986
4392 -0.4407778968724194
4393 -0.4411009844057086
4394 -0.4413894581209719
4395 -0.4416481130174754
4396 -0.4418778860699938
4397 -0.4420727944482788
4398 -0.442237159188928
4399 -0.4423723865679139
4400 -0.4424775977811727
4401 -0.4425620613291796
4402 -0.4426289447937439
4403 -0.4426777172669231
4404 -0.4427150287953831
4405 -0.4427424553217296
4406 -0.4427647671911231
4407 -0.4427834367304918
4408 -0.4428022577938638
4409 -0.4428220707622303
4410 -0.4428452681119755
4411 -0.4428719522577328
4412 -0.4428999281733721
4413 -0.442933634030627
4414 -0.4429730301408847
4415 -0.4430170170519959
4416 -0.4430654969480991
4417 -0.4431177984416129
4418 -0.4431715413333587
4419 -0.4432274445177074
4420 -0.4432848653023534
4421 -0.4433424292644447
4422 -0.4434000197528828
4423 -0.4434566725689612
4424 -0.4435119528474171
4425 -0.4435640560036117
4426 -0.4436139646800978
4427 -0.4436610631787166
4428 -0.4437055353086127
4429 -0.4437465801689396
4430 -0.4437845026364618
4431 -0.44381884721388
4432 -0.4438500006755111
4433 -0.4438776726638371
4434 -0.4439023264445202
4435 -0.4439237376707702
4436 -0.4439428042831349
4437 -0.4439591141222309
4438 -0.4439734215391262
4439 -0.4439857469244363
4440 -0.4439965919871441
4441 -0.4440060644741323
4442 -0.4440146654752953
4443 -0.4440224452019778
4444 -0.4440299300060717
4445 -0.4440369253507795
4446 -0.4440439499253026
4447 -0.4440509093758567
4448 -0.4440581945389319
4449 -0.4440655114010203
4450 -0.4440731776252927
4451 -0.4440809930575172
4452 -0.4440892099311206
4453 -0.4440974000478899
4454 -0.4441057991545291
4455 -0.4441140954963834
4456 -0.4441225145347646
4457 -0.44413054554974
4458 -0.4441384347790739
4459 -0.444145864200085
4460 -0.444153011263532
4461 -0.4441594254834023
4462 -0.4441653332887083
4463 -0.4441704923941455
4464 -0.4441751092367145
4465 -0.4441787564597671
4466 -0.4441817500947793
4467 -0.4441838373958927
4468 -0.4441852500021836
4469 -0.4441856177691207
4470 -0.4441853424626703
4471 -0.4441841446435444
4472 -0.4441824496156072
4473 -0.4441798124449677
4474 -0.4441768134730179
4475 -0.4441731625932343
4476 -0.4441692785340678
4477 -0.444164827252328
4478 -0.4441602104355484
4479 -0.4441552903946133
4480 -0.4441504041103264
4481 -0.4441452619726171
4482 -0.4441402788921001
4483 -0.4441353208240411
4484 -0.4441306746466856
4485 -0.4441260406868331
4486 -0.4441219209159245
4487 -0.4441180078401118
4488 -0.4441145657925041
4489 -0.4441112963322856
4490 -0.4441085636173264
4491 -0.4441061884470116
4492 -0.4441044065747176
4493 -0.4441028436135829
4494 -0.4441018637412316
4495 -0.4441012481529518
4496 -0.4441012145269559
4497 -0.4441013790226233
4498 -0.444102079448548
4499 -0.4441030724561379
4500 -0.444104588721444
4501 -0.4441062241529818
4502 -0.4441082722589825
4503 -0.4441105485562768
4504 -0.4441132730571958
4505 -0.4441159688291134
4506 -0.4441189916032683
4507 -0.4441220910570348
4508 -0.4441254883255207
4509 -0.4441287774624639
4510 -0.4441322784819095
4511 -0.4441357621402633
4512 -0.4441394400078836
4513 -0.4441429137947177
4514 -0.4441465189811522
4515 -0.4441500140703158
4516 -0.4441536240796954
4517 -0.4441569543435212
4518 -0.4441603458621916
4519 -0.444163563606254
4520 -0.4441668416197584
4521 -0.4441697922386219
4522 -0.4441727609763167
4523 -0.4441755148804181
4524 -0.4441782910297406
4525 -0.4441807054534327
4526 -0.444183104542049
4527 -0.4441852665802853
4528 -0.4441874310804373
4529 -0.4441891780468094
4530 -0.4441909501794644
4531 -0.4441925138727866
4532 -0.4441940463901941
4533 -0.444195186342778
4534 -0.4441963030943963
4535 -0.4441971759526126
4536 -0.4894763581144479
4537 -0.4775054547748737
4538 -0.4699425675930129
4539 -0.4644413117131045
4540 -0.4605402783245821
4541 -0.4576252806477885
4542 -0.4554034226379329
4543 -0.4537245410565614
4544 -0.4524118705269486
4545 -0.4512569490242492
4546 -0.4502356924399177
4547 -0.4493187065630661
4548 -0.4484610086939269
4549 -0.4476548088676914
4550 -0.4468907964024226
4551 -0.4461868891884948
4552 -0.4455387218017128
4553 -0.4449570832129185
4554 -0.4444643874679968
4555 -0.4440455999091891
4556 -0.4437001497466501
4557 -0.4434261288014922
4558 -0.4432281173800752
4559 -0.4430618016408114
4560 -0.4429366295880739
4561 -0.4428342651791848
4562 -0.4427459130416057
4563 -0.4426661677232205
4564 -0.442610839578015
4565 -0.44255067743656
4566 -0.4425047705852159
4567 -0.4424565815373496
4568 -0.4424079512457146
4569 -0.442360410145158
4570 -0.4423095726460317
4571 -0.4422607521680324
4572 -0.442212177550183
4573 -0.4421527533152795
4574 -0.4420998962163343
4575 -0.4420575454451346
4576 -0.4420156083069662
4577 -0.4419703219981294
4578 -0.4419280229269848
4579 -0.4418867791326015
4580 -0.4418561774428451
4581 -0.4418265037046784
4582 -0.4417966825452955
4583 -0.4417628543241655
4584 -0.4417335780726501
4585 -0.441706752749027
4586 -0.4416840743239269
4587 -0.4416637418637623
4588 -0.4416492530478909
4589 -0.4416354420826364
4590 -0.4416241425206061
4591 -0.4416224230142791
4592 -0.441625149948989
4593 -0.4416260944452428
4594 -0.4416252957427625
4595 -0.4416319968015092
4596 -0.4416432793185427
4597 -0.4416548180471846
4598 -0.4416653697185493
4599 -0.4416746992882369
4600 -0.4416891899820659
4601 -0.4417022040104266
4602 -0.4417135013620433
4603 -0.4417214614298103
4604 -0.4417273810356772
4605 -0.4417355776472799
4606 -0.4417366666020151
4607 -0.4417423799350821
4608 -0.4417385151417272
4609 -0.4417426561695293
4610 -0.441740991532918
4611 -0.4417403039274317
4612 -0.4417352489657274
4613 -0.4417304383041474
4614 -0.4417220291441009
4615 -0.4417168976232258
4616 -0.4417084851311595
4617 -0.4417021137114148
4618 -0.4416920349056307
4619 -0.4416835769504641
4620 -0.4416742939028979
4621 -0.4416667440209678
4622 -0.4416584941749244
4623 -0.4416510649497747
4624 -0.4416427045532531
4625 -0.4416344693968908
4626 -0.4416257843451148
4627 -0.4416181276543086
4628 -0.4416102773558676
4629 -0.4416033062870269
4630 -0.4415963028557768
4631 -0.4415901652872125
4632 -0.4415841046737045
4633 -0.4415787520676817
4634 -0.4415731975392017
4635 -0.4415683425564799
4636 -0.4415636257059589
4637 -0.4415594208708394
4638 -0.441555631107106
4639 -0.441552411860163
4640 -0.4415491364787682
4641 -0.4415461445655637
4642 -0.4415433487956111
4643 -0.4415409984602615
4644 -0.4415389620708656
4645 -0.4415374091198865
4646 -0.4415363008164663
4647 -0.4415356753996553
4648 -0.4415355834890466
4649 -0.4415357367997581
4650 -0.4415364590446699
4651 -0.4415376248842251
4652 -0.4415393489611524
4653 -0.4415414944027523
4654 -0.4415441600031151
4655 -0.4415470595487725
4656 -0.4415503594903804
4657 -0.4415536806000124
4658 -0.4415572006007013
4659 -0.4415606028563832
4660 -0.44156409841875
4661 -0.4415673024378603
4662 -0.4415704417473449
4663 -0.4415732766135738
4664 -0.4415759886602883
4665 -0.4415782308940465
4666 -0.4415801894107717
4667 -0.4415816034881391
4668 -0.4415828666609272
4669 -0.4415835866416254
4670 -0.4415841892328435
4671 -0.4415843703451371
4672 -0.4415845362112963
4673 -0.4415844085259329
4674 -0.4415842763760766
4675 -0.4415838392365837
4676 -0.4415834076609497
4677 -0.4415826686888683
4678 -0.4415819265178814
4679 -0.4415808456853443
4680 -0.4415798079477946
4681 -0.441578459254894
4682 -0.441577092994364
4683 -0.4415753895441699
4684 -0.4415736879531241
4685 -0.4415716691032075
4686 -0.4415696819810037
4687 -0.4415674610694754
4688 -0.4415654132445262
4689 -0.4415632818048515
4690 -0.4415614805967026
4691 -0.4415597220731586
4692 -0.4415583383276949
4693 -0.4415570221299663
4694 -0.4415560773674947
4695 -0.4415552350441935
4696 -0.4415548682099505
4697 -0.4415544864930836
4698 -0.4415543916874314
4699 -0.4415541963241884
4700 -0.4415542087708555
4701 -0.4415540291615498
4702 -0.4415540706833675
4703 -0.441553760927016
4704 -0.4415534306700579
4705 -0.4415525866209215
4706 -0.4415515747848384
4707 -0.4415500258534421
4708 -0.441548414918193
4709 -0.441546413529256
4710 -0.4415443495032939
4711 -0.4415420554625741
4712 -0.4415398418797469
4713 -0.4415374065782276
4714 -0.4415350650202448
4715 -0.4415324912182901
4716 -0.4415300603985367
4717 -0.4415273879568368
4718 -0.4415248177413931
4719 -0.4415220258505598
4720 -0.4415193487794458
4721 -0.4415164570866588
4722 -0.4415136965883154
4723 -0.4091350166266426
4724 -0.4196456568506264
4725 -0.4260595067536042
4726 -0.4318604318160089
4727 -0.4357291638108621
4728 -0.4390677625214123
4729 -0.4414197571510095
4730 -0.4433754045570504
4731 -0.4447891398096812
4732 -0.4459990572050829
4733 -0.4469630774088503
4734 -0.4478504468135545
4735 -0.448603758304034
4736 -0.4493619840947762
4737 -0.450037301353431
4738 -0.4507041963953205
4739 -0.4513196496848158
4740 -0.4519480762781271
4741 -0.4525383578144632
4742 -0.4531208112888767
4743 -0.4536792580336991
4744 -0.4542261690157479
4745 -0.4547526587097946
4746 -0.4552623863767433
4747 -0.4557472686134776
4748 -0.4562086720614004
4749 -0.4566387493376453
4750 -0.4570447801093698
4751 -0.4574179625783496
4752 -0.4577731235303988
4753 -0.4581094823570317
4754 -0.4584276333733189
4755 -0.4587259654941097
4756 -0.4590106054931845
4757 -0.4592804368515983
4758 -0.4595308430906143
4759 -0.4597610378013186
4760 -0.4599780005559863
4761 -0.4601827388233142
4762 -0.4603750289719034
4763 -0.4605552069252971
4764 -0.4607243952996288
4765 -0.4608827446067961
4766 -0.4610306277742561
4767 -0.461168854253854
4768 -0.4612963349927297
4769 -0.4614151276442891
4770 -0.4615241977731444
4771 -0.4616246911111073
4772 -0.461715299544432
4773 -0.4617982133797805
4774 -0.4618730561282633
4775 -0.4619398421479804
4776 -0.4619993566245038
4777 -0.4620526722836489
4778 -0.4620997812417654
4779 -0.462141739984237
4780 -0.4621786495911278
4781 -0.4622118054079988
4782 -0.4622410326147781
4783 -0.4622678081641233
4784 -0.4622871746089262
4785 -0.4623056095744354
4786 -0.4623271471809807
4787 -0.4623513127283657
4788 -0.4623703409520067
4789 -0.4623913956515345
4790 -0.4624175249210044
4791 -0.4624454262817102
4792 -0.4624734834942312
4793 -0.4625028506777565
4794 -0.462533067565186
4795 -0.4625648436242116
4796 -0.4625970956717251
4797 -0.4626303267411532
4798 -0.4626641705960869
4799 -0.4626986431055868
4800 -0.462733791728757
4801 -0.4627693092346668
4802 -0.4628046212035747
4803 -0.462840226654772
4804 -0.4628752508895083
4805 -0.4629103814972339
4806 -0.462944667223701
4807 -0.4629787416095237
4808 -0.4630115126159143
4809 -0.463043666797905
4810 -0.4630743018974565
4811 -0.4631042073947806
4812 -0.4631322583470275
4813 -0.4631591685108795
4814 -0.4631839595207298
4815 -0.4632076309311797
4816 -0.4632291937104173
4817 -0.4632495573662218
4818 -0.4632677148289502
4819 -0.4632846814930298
4820 -0.4632995607248724
4821 -0.4633133144101932
4822 -0.4633251519719874
4823 -0.4633360970545169
4824 -0.4633452968176798
4825 -0.4633538180927039
4826 -0.4633608228344228
4827 -0.4633673402630098
4828 -0.4633725727774332
4829 -0.4633775975883782
4830 -0.4633815663148562
4831 -0.4633855253310614
4832 -0.4633886976776096
4833 -0.4633921215967799
4834 -0.4633950164752038
4835 -0.4633984082194568
4836 -0.4634014544817583
4837 -0.4634051119177461
4838 -0.4634085850010914
4839 -0.4634129043544596
4840 -0.4634171856774933
4841 -0.463422365674962
4842 -0.4634275545518209
4843 -0.463433664408683
4844 -0.4634398489237086
4845 -0.4634470493050977
4846 -0.4634543091383108
4847 -0.4634625265971539
4848 -0.4634707260773942
4849 -0.4634797819002747
4850 -0.463488742305289
4851 -0.4634985071136172
4852 -0.4635081286410359
4853 -0.463518424885121
4854 -0.4635284302791597
4855 -0.4635389731835946
4856 -0.4635490969304735
4857 -0.4635596209077663
4858 -0.4635696117950611
4859 -0.4635799506002747
4860 -0.4635896572205488
4861 -0.4635995353060438
4862 -0.4636086479791102
4863 -0.4636178754787986
4864 -0.4636262646364549
4865 -0.4636347106338956
4866 -0.4636422407995792
4867 -0.4636497732555905
4868 -0.4636563409054732
4869 -0.4636628668084939
4870 -0.4636684360058533
4871 -0.463673954943213
4872 -0.4636784767902508
4873 -0.4636829700561672
4874 -0.4636864995035204
4875 -0.4636900041266039
4876 -0.4636925847706095
4877 -0.4636952047181375
4878 -0.4636969852742549
4879 -0.463698834042336
4880 -0.4636998730678613
4881 -0.4637010436955488
4882 -0.4637014724433542
4883 -0.4637021032180801
4884 -0.4637020170593677
4885 -0.4637022097397235
4886 -0.4637018115706854
4887 -0.4637017408976357
4888 -0.4637011023521094
4889 -0.4637008561961371
4890 -0.4637001247907266
4891 -0.463699816772726
4892 -0.4636990541371192
4893 -0.4636987670942057
4894 -0.4636980626109289
4895 -0.4636978791081289
4896 -0.463697301645955
4897 -0.4636972688227882
4898 -0.4636968791917469
4899 -0.463697036846831
4900 -0.4636968294370172
4901 -0.463697196335392
4902 -0.4636972327545513
4903 -0.4636978118216677
4904 -0.463698048575611
4905 -0.4636988376437569
4906 -0.4636992631439394
4907 -0.4637002396268902
4908 -0.4637008472968886
4909 -0.4637019769469629
4910 -0.4637023475040313
4911 -0.4637032629905202
4912 -0.4637036828397603
4913 -0.4637048415966857
4914 -0.4637052903290417
4915 -0.4637065414909963
4916 -0.4637070311959808
4917 -0.4637083509829528
4918 -0.4637088647848201
4919 -0.4637102212096116
4920 -0.4637107648348853
4921 -0.463712152204532
4922 -0.4637126634800889
4923 -0.4637140066266845
4924 -0.463714514646472
4925 -0.4637158303264356
4926 -0.4637162582406066
4927 -0.4637175284635406
4928 -0.4637179069314005
4929 -0.4637191351347897
4930 -0.4637194675968711
4931 -0.4637206590666998
4932 -0.4637209184765838
4933 -0.4637220166811479
4934 -0.4637222267409787
4935 -0.4637232768271128
4936 -0.4637233920941916
4937 -0.4637243373818525
4938 -0.4637243852281448
4939 -0.4637252841992591
4940 -0.4637252502542806
4941 -0.4637260476624482
4942 -0.4637259490766604
4943 -0.4637266816895389
4944 -0.4637265044408055
4945 -0.4637271595437169
4946 -0.4637268952084012
4947 -0.4637274973562379
4948 -0.463727185905657
4949 -0.4637277326862517
4950 -0.46372737651174
4951 -0.4637278999340785
4952 -0.4637275062426918
4953 -0.4637279767064248
4954 -0.4637275738907335
4955 -0.4637280395293882
4956 -0.4637276174225838
4957 -0.4637280611741864
4958 -0.4637276292966769
4959 -0.4637280889583415
4960 -0.4637276506773839
4961 -0.4637280896547512
4962 -0.463727675067699
4963 -0.4637281282238093
4964 -0.4637277216851607
4965 -0.4637281926764558
4966 -0.4637277700124354
4967 -0.463728263415118
4968 -0.4637278951637477
4969 -0.4637284233013471
4970 -0.4637280538577443
4971 -0.4637285806999275
4972 -0.4637282652846573
4973 -0.4637288329830651
4974 -0.4637285201344051
4975 -0.4637290949654737
4976 -0.4637288282148851
4977 -0.463729446000979
4978 -0.4637291800490577
4979 -0.4637298050689104
4980 -0.4637295873259746
4981 -0.4637302433125606
4982 -0.4637300262081077
4983 -0.463730691654572
4984 -0.4637305064137277
4985 -0.4637312027265024
4986 -0.4637310107707559
4987 -0.4637317037351445
4988 -0.463731552370182
4989 -0.4637322570962139
4990 -0.4637320990554475
4991 -0.4637328232764706
4992 -0.4637326607737548
4993 -0.4637333769595474
4994 -0.4637332153938389
4995 -0.4637339414967999
4996 -0.4637337764735216
4997 -0.463734487192188
4998 -0.4637343131510578
4999 -0.4637350287848383
5000 -0.4637348524178397
5001 -0.4637355462866454
5002 -0.4637353537658667
5003 -0.4637360479572096
5004 -0.4637358338638954
5005 -0.4637364860534607
5006 -0.4637362695334502
5007 -0.4637369350879399
5008 -0.4637366809163428
5009 -0.4637372806712212
5010 -0.463737011572321
5011 -0.4637376033716032
5012 -0.4637372950693927
5013 -0.4637378368551241
5014 -0.4637374807254329
5015 -0.4637380086794516
5016 -0.463737614339138
5017 -0.4637380746217965
5018 -0.4637376520304162
5019 -0.4637380938913846
5020 -0.4637376233210761
5021 -0.46373800280045
5022 -0.4637375004793866
5023 -0.4637378710208471
5024 -0.4637373320921258
5025 -0.4637376469896615
5026 -0.4637370876148475
5027 -0.463737395930976
5028 -0.4637368076099704
5029 -0.4637370751873993
5030 -0.4637364660997207
5031 -0.4637367385254328
5032 -0.4637361068722907
5033 -0.4637363368161346
5034 -0.463735703201425
5035 -0.4637359370355263
5036 -0.4637352931951308
5037 -0.4637355124494185
5038 -0.463734841042052
5039 -0.463735061092632
5040 -0.4637343881490774
5041 -0.4637345925534925
5042 -0.4637339126426892
5043 -0.463734129499823
5044 -0.4637334422516086
5045 -0.4637336293579341
5046 -0.4637329591405053
5047 -0.4637331576420642
5048 -0.4637324808500921
5049 -0.4637326744602616
5050 -0.4637319827070657
5051 -0.4637321887387916
5052 -0.4637315012681059
5053 -0.4637316934233508
5054 -0.4637310115825549
5055 -0.4637312225660953
5056 -0.4637305318564184
5057 -0.4637307154059757
5058 -0.4637300455861211
5059 -0.4637302428075247
5060 -0.4637295728660707
5061 -0.4637297746623913
5062 -0.4637290877789729
5063 -0.4637292952876036
5064 -0.463728635849321
5065 -0.4637288653446452
5066 -0.4637281862982762
5067 -0.4637284011287681
5068 -0.4637277647576743
5069 -0.4637279999036328
5070 -0.4637273451856891
5071 -0.4637275849857327
5072 -0.4637269544519957
5073 -0.4637272202770545
5074 -0.463726582422865
5075 -0.4637268407569606
5076 -0.4637262522665521
5077 -0.4637265312652679
5078 -0.4637259413773068
5079 -0.4637262473203072
5080 -0.4637256684711742
5081 -0.4637259873295155
5082 -0.4637254285980034
5083 -0.4637257799009679
5084 -0.4637252449464768
5085 -0.4637256051166483
5086 -0.4637250925456146
5087 -0.4637254956450581
5088 -0.4637250024943481
5089 -0.4637254077854219
5090 -0.4637249556448499
5091 -0.4637254126711857
5092 -0.4637249744190163
5093 -0.4637254258672562
5094 -0.4637250377090981
5095 -0.4637255327522166
5096 -0.4637251643468322
5097 -0.4637256793740787
5098 -0.4637253055670692
5099 -0.4637258392449759
5100 -0.4637255014923317
5101 -0.4637260561000615
5102 -0.4637257033684367
5103 -0.4637262441405483
5104 -0.4637259309139404
5105 -0.4637264839098993
5106 -0.4637261496576158
5107 -0.4637267022571525
5108 -0.4637263783136779
5109 -0.4637269414705776
5110 -0.4637265989722618
5111 -0.4637271503877742
5112 -0.4637268407388172
5113 -0.4637273989628372
5114 -0.4637270684257466
5115 -0.4637276241737087
5116 -0.4637273086212365
5117 -0.4637278758041148
5118 -0.4637275398068532
5119 -0.463728094643669
5120 -0.4637277928574193
5121 -0.4637283483606579
5122 -0.4637280330716473
5123 -0.4637286010387728
5124 -0.4637282754231136
5125 -0.4637288318620333
5126 -0.4637285105038151
5127 -0.463729088793609
5128 -0.4637287564779808
5129 -0.4637293015064043
5130 -0.4637289831187412
5131 -0.4637295531236934
5132 -0.463729217456157
5133 -0.4637297526902972
5134 -0.4637294258917236
5135 -0.4637299796090884
5136 -0.4637296370388889
5137 -0.4637301605811139
5138 -0.4637298123350999
5139 -0.4637303554976124
5140 -0.4637299874799853
5141 -0.4637304885458529
5142 -0.4637301251922448
5143 -0.4637306281739994
5144 -0.463730249603512
5145 -0.4637307351708995
5146 -0.4637303211427316
5147 -0.4637308007540369
5148 -0.4637303834163979
5149 -0.4637308418342614
5150 -0.4637304007228214
5151 -0.4637308516592365
5152 -0.4637303983666036
5153 -0.463730820013556
5154 -0.4637303530454631
5155 -0.4637307798023792
5156 -0.463730291586408
5157 -0.4637306761778622
5158 -0.4637301961144762
5159 -0.4637305784005968
5160 -0.4637300840717704
5161 -0.4637304596323401
5162 -0.4637299336167154
5163 -0.4637303018895598
5164 -0.4637297856129847
5165 -0.4637301567267239
5166 -0.4637296131029455
5167 -0.4637299631422512
5168 -0.4637294482517169
5169 -0.4637298112371214
5170 -0.4637292679311247
5171 -0.4637296095454951
5172 -0.4637290973227458
5173 -0.45759320665419
5174 -0.460521599712861
5175 -0.4622478674482796
5176 -0.4637778443802988
5177 -0.4648007725540625
5178 -0.4656334261521329
5179 -0.4662130770714881
5180 -0.4666423941639407
5181 -0.4669209732883207
5182 -0.4671109440701676
5183 -0.4672248805288791
5184 -0.4673052804883884
5185 -0.4673477200014665
5186 -0.4673825063482384
5187 -0.4674069969564847
5188 -0.4674385255797833
5189 -0.4674747523480008
5190 -0.4675198626757846
5191 -0.4675728930396916
5192 -0.4676409284060755
5193 -0.4677232145869586
5194 -0.4678211041814182
5195 -0.4679323403313547
5196 -0.4680557820500512
5197 -0.4681915273079278
5198 -0.4683349991894276
5199 -0.4684861381168738
5200 -0.468643749220218
5201 -0.4688056347694247
5202 -0.468972437882591
5203 -0.4691385100907323
5204 -0.4693027101199514
5205 -0.4694629709854893
5206 -0.4696188235173631
5207 -0.4697671456581661
5208 -0.4699092549722474
5209 -0.4700439428545195
5210 -0.4701700895780407
5211 -0.4702869754409147
5212 -0.4703946276402314
5213 -0.4704906613257494
5214 -0.4705771068569861
5215 -0.4706527978375275
5216 -0.4707191751164567
5217 -0.4707757993881787
5218 -0.4708245586792711
5219 -0.4708652858429653
5220 -0.4708997804524373
5221 -0.4709274359159936
5222 -0.470950867046677
5223 -0.470969025534793
5224 -0.4709838366878384
5225 -0.4709950671662217
5226 -0.4710040938651018
5227 -0.4710135800469755
5228 -0.4710217792539694
5229 -0.4710298300833881
5230 -0.4710335227348138
5231 -0.4710376406158667
5232 -0.4710413550316481
5233 -0.4710459408571023
5234 -0.4710510699417477
5235 -0.4710574386912132
5236 -0.4710685677283789
5237 -0.4710768561256843
5238 -0.4710879086389462
5239 -0.4710995553231096
5240 -0.4711143748195263
5241 -0.4711300562848335
5242 -0.4711498053217195
5243 -0.4711691426352763
5244 -0.4711886123931335
5245 -0.4712080066510104
5246 -0.4712299596958485
5247 -0.4712521793558678
5248 -0.4712749948560472
5249 -0.4712972337888641
5250 -0.4713195650353724
5251 -0.4713411670379298
5252 -0.4713626590597293
5253 -0.4713829375535659
5254 -0.471402665088162
5255 -0.4714207626165771
5256 -0.4714379544441145
5257 -0.4714535809693532
5258 -0.4714680856434255
5259 -0.4714805050314971
5260 -0.471492001480407
5261 -0.4715019608612063
5262 -0.471511146318644
5263 -0.4715185750233437
5264 -0.4715251658832366
5265 -0.4715299600032565
5266 -0.4715340440569953
5267 -0.4715364268130612
5268 -0.47153827969393
5269 -0.4715388575762938
5270 -0.4715390261000185
5271 -0.4715382121959855
5272 -0.4715373495985816
5273 -0.4715356925650333
5274 -0.4715342223308168
5275 -0.4715323044600554
5276 -0.4715308640207468
5277 -0.4715290788952292
5278 -0.4715278877847991
5279 -0.4715265360474533
5280 -0.4715258789895165
5281 -0.4715252697389949
5282 -0.4715255097660998
5283 -0.4715257227753024
5284 -0.4715269136650571
5285 -0.4715282772680059
5286 -0.4715306739381895
5287 -0.4715333992667143
5288 -0.4715373262694001
5289 -0.4715415291483991
5290 -0.4715469488125567
5291 -0.4715526336687997
5292 -0.4715593877911957
5293 -0.4715663733642339
5294 -0.4715743135752356
5295 -0.4715823226576691
5296 -0.4715910509712789
5297 -0.471599667301231
5298 -0.47160891513396
5299 -0.4716177800783311
5300 -0.4716265817962728
5301 -0.4716350105878165
5302 -0.4716437235075019
5303 -0.4716518162911018
5304 -0.4716600093105708
5305 -0.471667264739059
5306 -0.4716744450079385
5307 -0.4716807173540156
5308 -0.4716867939547638
5309 -0.4716919203347645
5310 -0.471696959676539
5311 -0.4717009794898862
5312 -0.4717050140746855
5313 -0.4717081080856463
5314 -0.4717111361374506
5315 -0.4717131208552904
5316 -0.4717152246519157
5317 -0.4717165902143065
5318 -0.471717984347398
5319 -0.4717185998394763
5320 -0.4717192507765427
5321 -0.4717192177511338
5322 -0.4717193463210255
5323 -0.4717187353067423
5324 -0.471718276112745
5325 -0.4717173344436899
5326 -0.4717163321092686
5327 -0.4717146488115249
5328 -0.4717131982409117
5329 -0.4717110795403365
5330 -0.4717092622124819
5331 -0.4717069052818748
5332 -0.4717048744973394
5333 -0.4717024671739429
5334 -0.4717005510562687
5335 -0.4716982352260464
5336 -0.4716965212261395
5337 -0.4716945473990953
5338 -0.4716931351965618
5339 -0.4716915338934231
5340 -0.4716905621644703
5341 -0.4716893764802735
5342 -0.471688747046946
5343 -0.4716879171897596
5344 -0.4716877359617522
5345 -0.471687279950919
5346 -0.4716874321345138
5347 -0.4716873348873691
5348 -0.4716877584108805
5349 -0.4716879671678418
5350 -0.4716888531748893
5351 -0.4716893494792583
5352 -0.4678997133493689
5353 -0.4631129933620226
5354 -0.4608457085044564
5355 -0.4591222948889309
5356 -0.4579747716248825
5357 -0.4565463394501081
5358 -0.4549860113347427
5359 -0.4533845328624236
5360 -0.452043714228943
5361 -0.4508232013623487
5362 -0.4498955045171492
5363 -0.4491896638885717
5364 -0.4487705578479348
5365 -0.4485561769766321
5366 -0.4485431284419097
5367 -0.4486831573584674
5368 -0.4488729353047176
5369 -0.4491188371630989
5370 -0.4494294300729834
5371 -0.44977998216692
5372 -0.4501331261832741
5373 -0.4505264218058779
5374 -0.4508983026671586
5375 -0.4512459273315199
5376 -0.4515710875255005
5377 -0.451868093353582
5378 -0.4521357020975494
5379 -0.452369828797239
5380 -0.4525682468726169
5381 -0.4527308459328196
5382 -0.4528609940158198
5383 -0.4529621897665004
5384 -0.4530361528431313
5385 -0.4530868157539878
5386 -0.4531119197232384
5387 -0.4531238436172178
5388 -0.4531275110318003
5389 -0.4531226554934925
5390 -0.4531135528437556
5391 -0.4531013049921325
5392 -0.4530898457339393
5393 -0.4530763801928733
5394 -0.4530650789401162
5395 -0.4530574720020922
5396 -0.4530493121409537
5397 -0.4530481851075362
5398 -0.4530549786720928
5399 -0.4530707093008066
5400 -0.453092762825404
5401 -0.453118740278726
5402 -0.4531514241326967
5403 -0.4531912061091708
5404 -0.453242207158224
5405 -0.4532958184358614
5406 -0.4533501980138259
5407 -0.4534124236816585
5408 -0.4534772051081096
5409 -0.4535451937975082
5410 -0.453614218412335
5411 -0.453682946665212
5412 -0.4537522098920562
5413 -0.453820889306229
5414 -0.4538882479049375
5415 -0.4539531981657371
5416 -0.4540151687093426
5417 -0.454073473090623
5418 -0.4541276793978754
5419 -0.4541761530122161
5420 -0.4542195146512187
5421 -0.4542597979285046
5422 -0.4542949441783234
5423 -0.4543234805885664
5424 -0.4543463135473447
5425 -0.4543632335828097
5426 -0.4543747636239801
5427 -0.454381162766008
5428 -0.4543811839396952
5429 -0.4543779829556738
5430 -0.4543714531039069
5431 -0.4543631651283179
5432 -0.4543514319355121
5433 -0.4543365957948392
5434 -0.454318902283768
5435 -0.4542992345165101
5436 -0.4542780865221773
5437 -0.4542558028914919
5438 -0.4542327995485615
5439 -0.4542088404608566
5440 -0.4541847272476243
5441 -0.4541605024209426
5442 -0.4541363309569445
5443 -0.4541124617465097
5444 -0.4540890198219542
5445 -0.4540667981345923
5446 -0.4540450111976402
5447 -0.4540238172779094
5448 -0.4540034465843972
5449 -0.4539840172670005
5450 -0.4539656753126561
5451 -0.4539484721340958
5452 -0.4539325535848089
5453 -0.4539178843768051
5454 -0.4539045562812155
5455 -0.4538925570978666
5456 -0.4538819374551328
5457 -0.4538726114812839
5458 -0.4538640657245945
5459 -0.4538577753558009
5460 -0.4538527984259562
5461 -0.4538489943542014
5462 -0.4538477312576515
5463 -0.4538471868309943
5464 -0.453847609686379
5465 -0.4538489545983007
5466 -0.4538513571927817
5467 -0.4538545789405732
5468 -0.4538586677530068
5469 -0.4538632859317281
5470 -0.4538684801898006
5471 -0.453873952615381
5472 -0.4538798546440116
5473 -0.4538859296009452
5474 -0.4538922814321243
5475 -0.4538988912769428
5476 -0.453905520103701
5477 -0.4539120537144829
5478 -0.4539187459220992
5479 -0.4539254014110119
5480 -0.4539321943605654
5481 -0.4539389427841154
5482 -0.4539458009248429
5483 -0.4539523686408812
5484 -0.4539591508540983
5485 -0.4539658645634305
5486 -0.4539726076604201
5487 -0.4539791472778389
5488 -0.4539856184897192
5489 -0.4539918176073947
5490 -0.4539978865179471
5491 -0.4540036186012225
5492 -0.4540091484096481
5493 -0.4540142789180927
5494 -0.4540192002513872
5495 -0.4540236910226955
5496 -0.4540277322648864
5497 -0.4540317852411279
5498 -0.4540353673680776
5499 -0.4540383503309851
5500 -0.4540409101843161
5501 -0.4540429124254114
5502 -0.4540445014155184
5503 -0.454045565587491
5504 -0.4540462052555546
5505 -0.4540463072538879
5506 -0.4540460350104937
5507 -0.4540452835172533
5508 -0.45404422813912
5509 -0.4540427623493227
5510 -0.4540410531059942
5511 -0.4540389868398426
5512 -0.4540367385197979
5513 -0.4540341999132027
5514 -0.4540315350889892
5515 -0.4540286331757069
5516 -0.45402566073487
5517 -0.4540225037545536
5518 -0.454019415742456
5519 -0.4540162125202712
5520 -0.454013027674233
5521 -0.454009770878649
5522 -0.454006616973877
5523 -0.4540034415317674
5524 -0.4540003949933493
5525 -0.4539973409088095
5526 -0.4539944407325923
5527 -0.453991525286282
5528 -0.4539887450346466
5529 -0.4539859652231921
5530 -0.4539832906096207
5531 -0.4539806567857031
5532 -0.4539782064685308
5533 -0.4539758025683243
5534 -0.453973602524876
5535 -0.4539714718639067
5536 -0.4539695762899373
5537 -0.4539677773954193
5538 -0.4539662335366889
5539 -0.4539648046697232
5540 -0.453963656410611
5541 -0.4539626529668623
5542 -0.453961928959895
5543 -0.4539613346718867
5544 -0.4539610239063418
5545 -0.4539605477516633
5546 -0.4539599700498117
5547 -0.4539594198406927
5548 -0.4539590385062308
5549 -0.4539586412839569
5550 -0.4539582380197551
5551 -0.453957895018649
5552 -0.4539576605242389
5553 -0.4539574207400599
5554 -0.4539573150160885
5555 -0.4539572388955592
5556 -0.4539573324788083
5557 -0.453957491480554
5558 -0.4539578507893473
5559 -0.4539582920354833
5560 -0.4701802464835222
5561 -0.4641375039263855
5562 -0.4596318486995926
5563 -0.4558694413249449
5564 -0.4528835731113959
5565 -0.4504731302451346
5566 -0.4485610578884054
5567 -0.4470128418918494
5568 -0.4457492123460692
5569 -0.4446709375443641
5570 -0.4437723455435274
5571 -0.4429326495782206
5572 -0.4421871569997794
5573 -0.4415048470275602
5574 -0.4408713411097097
5575 -0.4402770761228387
5576 -0.4397874697386884
5577 -0.4393008173211146
5578 -0.4388067321282793
5579 -0.4383658780195949
5580 -0.4379623005616918
5581 -0.4376050487935647
5582 -0.4372698730028686
5583 -0.4369652460401683
5584 -0.4366790250565633
5585 -0.4364145238277655
5586 -0.4361695151268055
5587 -0.4359434567038875
5588 -0.4357319258847279
5589 -0.4355295726932024
5590 -0.4353272977837892
5591 -0.4351327626811216
5592 -0.4349415951263804
5593 -0.4347556111334409
5594 -0.4345639366106845
5595 -0.4343677883357765
5596 -0.4341654861578315
5597 -0.4339526430665953
5598 -0.43373235426249
5599 -0.4335064677944713
5600 -0.4332736784419613
5601 -0.433038311553732
5602 -0.4328055244818412
5603 -0.4325734611814938
5604 -0.4323441690101997
5605 -0.4321208357276665
5606 -0.4319089679397215
5607 -0.43170374003592
5608 -0.431506955127307
5609 -0.4313219173719197
5610 -0.4311487025670988
5611 -0.4309890309392342
5612 -0.4308422210869425
5613 -0.430711316429816
5614 -0.4305934184427858
5615 -0.4304832024693982
5616 -0.430390350393097
5617 -0.4303127485565062
5618 -0.430248254330889
5619 -0.4301950762693194
5620 -0.4301535641869161
5621 -0.4301256114874317
5622 -0.4301026739094033
5623 -0.4300846133106869
5624 -0.430071275404606
5625 -0.4300622323063196
5626 -0.4300563201200659
5627 -0.4300524994680177
5628 -0.4300488191903667
5629 -0.4300462190806251
5630 -0.4300439090475862
5631 -0.4300410183984475
5632 -0.4300369306749097
5633 -0.430031139063487
5634 -0.4300235858882178
5635 -0.4300142045406326
5636 -0.4300029798294054
5637 -0.4299898505711691
5638 -0.4299748338091592
5639 -0.4299580678092759
5640 -0.4299408461185643
5641 -0.4299214013591919
5642 -0.4299003661146772
5643 -0.429878072934623
5644 -0.4298545693335573
5645 -0.4298305431172637
5646 -0.4298061133581689
5647 -0.4297805874126695
5648 -0.4297554051187891
5649 -0.4297306472825839
5650 -0.4297063887616063
5651 -0.4296826449890001
5652 -0.4296595143512161
5653 -0.4296370266336031
5654 -0.4296152543739972
5655 -0.4295942321779499
5656 -0.429574177045186
5657 -0.4295550989627356
5658 -0.4295368608352511
5659 -0.4295194337724924
5660 -0.4295035501187338
5661 -0.429488945517046
5662 -0.429475476653047
5663 -0.4294629852415178
5664 -0.4294513639834311
5665 -0.4294404504724572
5666 -0.4294301937194924
5667 -0.4294204650025359
5668 -0.4294110755344182
5669 -0.4294018944359356
5670 -0.4293927880595604
5671 -0.4293836546706087
5672 -0.429374412728412
5673 -0.4293649766062171
5674 -0.4293552471803958
5675 -0.4293451468498041
5676 -0.4293347030002198
5677 -0.4293238557181773
5678 -0.4293126351785846
5679 -0.429301080953117
5680 -0.4292892385384925
5681 -0.4292771684173752
5682 -0.4292649146347746
5683 -0.4292525303758106
5684 -0.4292400797468698
5685 -0.429227642025411
5686 -0.4292152871097133
5687 -0.429203147093038
5688 -0.429191329540091
5689 -0.4291799667622613
5690 -0.4291690639944732
5691 -0.4291586535486192
5692 -0.4291487379424608
5693 -0.4291393462095667
5694 -0.4291304888094359
5695 -0.429122190141655
5696 -0.4291144741495116
5697 -0.4291072069201319
5698 -0.4291006918914789
5699 -0.4290948037378596
5700 -0.4290895040849063
5701 -0.429084782492674
5702 -0.4290805760101262
5703 -0.4290770364793022
5704 -0.4290741503535706
5705 -0.4290718867768916
5706 -0.4290702030281779
5707 -0.42906902856287
5708 -0.4290683009615908
5709 -0.4290680992910872
5710 -0.4290683671672335
5711 -0.4290690891713478
5712 -0.4290702228919759
5713 -0.4290717301966477
5714 -0.4290735443936857
5715 -0.4290755915399729
5716 -0.4290777959484512
5717 -0.4290800808322873
5718 -0.4290823745978569
5719 -0.4290846060371463
5720 -0.4290866237156057
5721 -0.4290884935211864
5722 -0.4290901427894458
5723 -0.4290915757181986
5724 -0.4290927738946315
5725 -0.429093719689242
5726 -0.4290943880861971
5727 -0.4290947697909218
5728 -0.4290948675849666
5729 -0.4290946997413708
5730 -0.4290942634319923
5731 -0.4290936187276388
5732 -0.4290928519568459
5733 -0.4290919571433047
5734 -0.4290909300436087
5735 -0.4290897596514169
5736 -0.4290884509090365
5737 -0.4290869879900928
5738 -0.4290853523865943
5739 -0.429083536216985
5740 -0.4290815289987646
5741 -0.4290793205313806
5742 -0.4290768964850066
5743 -0.4290742547257137
5744 -0.4290714067717655
5745 -0.429068345770352
5746 -0.429065198003933
5747 -0.4290621161891994
5748 -0.4290591167642123
5749 -0.429056224652671
5750 -0.4290534236944895
5751 -0.4290507019241104
5752 -0.4290482098496796
5753 -0.4290459803329945
5754 -0.4290440400252396
5755 -0.4290423968024898
5756 -0.4290410737628645
5757 -0.4290400564236107
5758 -0.4290393084331109
5759 -0.429038792021508
5760 -0.4290380029309658
5761 -0.4290372198636139
5762 -0.4290364934114328
5763 -0.429035834761736
5764 -0.4290352411241583
5765 -0.4290346757029517
5766 -0.4290341635358486
5767 -0.4290336561525897
5768 -0.4290332247967263
5769 -0.4290327672298144
5770 -0.4290323132879231
5771 -0.4290318069402522
5772 -0.4290313033287706
5773 -0.4290307572193138
5774 -0.4290302215138345
5775 -0.4290296359454304
5776 -0.4290290721444872
5777 -0.4290285955562184
5778 -0.4290282544933646
5779 -0.4290279793899002
5780 -0.429027815252242
5781 -0.4290277100973311
5782 -0.4290276991789386
5783 -0.4290277174839302
5784 -0.4290278180804691
5785 -0.429027957379068
5786 -0.4290281658742822
5787 -0.4290283762491855
5788 -0.4290286294269779
5789 -0.4290288644760764
5790 -0.4290290880438136
5791 -0.4290292381348645
5792 -0.4290296042880305
5793 -0.4290300491351323
5794 -0.4290305910217735
5795 -0.4290309668105867
5796 -0.429031151425606
5797 -0.4290311931097819
5798 -0.4290311375163755
5799 -0.4290309574499139
5800 -0.4290307128310099
5801 -0.4290303883692971
5802 -0.4290300484901902
5803 -0.4290296747841462
5804 -0.4290293510973555
5805 -0.4290290717939573
5806 -0.4290289012892015
5807 -0.4290288068114064
5808 -0.429028857041762
5809 -0.4290290231414018
5810 -0.4290293392555266
5811 -0.4290297543606467
5812 -0.4290302761059403
5813 -0.4290308353789287
5814 -0.4290314928442744
5815 -0.4290321782969344
5816 -0.4290329332873358
5817 -0.4290337028137332
5818 -0.4290344977208909
5819 -0.4290352535160779
5820 -0.4290360019849593
5821 -0.4290367035768476
5822 -0.4290374749196554
5823 -0.429038281608182
5824 -0.4290391511791047
5825 -0.4290400263340837
5826 -0.4290409245458082
5827 -0.429041780573147
5828 -0.4290426338538091
5829 -0.4290434425931312
5830 -0.4290442432018436
5831 -0.4290449710364078
5832 -0.4290456695463177
5833 -0.4290462920418008
5834 -0.42904685691684
5835 -0.4290472818554704
5836 -0.4290475912871795
5837 -0.4290479782525028
5838 -0.4290484261744418
5839 -0.429048850675218
5840 -0.4290492357910689
5841 -0.4290493986766483
5842 -0.4290493761684935
5843 -0.4290491353762928
5844 -0.429048762935554
5845 -0.4290482386736235
5846 -0.4290476245758681
5847 -0.429046897095708
5848 -0.4290461451702187
5849 -0.4290453711537661
5850 -0.4290446465860444
5851 -0.4290439487185836
5852 -0.429043353275386
5853 -0.429042841643651
5854 -0.4290424602347436
5855 -0.4290421564547535
5856 -0.429041981094023
5857 -0.4290418991366664
5858 -0.429041860899294
5859 -0.4290418641876761
5860 -0.4290419385401538
5861 -0.429042048881935
5862 -0.4290422126640015
5863 -0.4290423557148287
5864 -0.429042513606415
5865 -0.4290426408024784
5866 -0.4290427642002432
5867 -0.4290428605107288
5868 -0.4290430798771389
5869 -0.429043335139647
5870 -0.4290436638352209
5871 -0.4290439808908112
5872 -0.429044332674694
5873 -0.4290446712611342
5874 -0.4290450308822282
5875 -0.4290453558755378
5876 -0.4290456924568993
5877 -0.4290459948906085
5878 -0.4290462943601974
5879 -0.4290465188235498
5880 -0.429046697210219
5881 -0.4290467610835907
5882 -0.4290468716252082
5883 -0.4290470599698924
5884 -0.4290473193470105
5885 -0.4290475581738639
5886 -0.429047726101385
5887 -0.4290476357405004
5888 -0.4290474176064867
5889 -0.4290470413511733
5890 -0.4290465793379463
5891 -0.4290459867177495
5892 -0.4290453487896217
5893 -0.4290446569859636
5894 -0.429043991969626
5895 -0.4290433282374311
5896 -0.4290427522782213
5897 -0.4290422505862047
5898 -0.4290418826993277
5899 -0.4290416006854054
5900 -0.429041461937672
5901 -0.4290414228913603
5902 -0.429041539735708
5903 -0.4290416694868053
5904 -0.4290418905004902
5905 -0.4290421592995965
5906 -0.4290425101247144
5907 -0.4290428677481913
5908 -0.42904327031094
5909 -0.4290436525148519
5910 -0.4290440514205874
5911 -0.4290443880895736
5912 -0.4290447221736745
5913 -0.4290451352592657
5914 -0.4290456282481752
5915 -0.429046139054083
5916 -0.429046692194915
5917 -0.4290472375340578
5918 -0.4290478052887546
5919 -0.4290483302207235
5920 -0.4290488644549414
5921 -0.429049365257833
5922 -0.4290498637973841
5923 -0.4290502948980355
5924 -0.4290506992854096
5925 -0.4290510183707864
5926 -0.4290512582508081
5927 -0.4290513887099028
5928 -0.4290516761168979
5929 -0.4290519851585757
5930 -0.4290523255575216
5931 -0.4290525812492881
5932 -0.4290526067278028
5933 -0.4290524444978627
5934 -0.4290521406979203
5935 -0.4290516761822589
5936 -0.4290511139941385
5937 -0.4290504441441758
5938 -0.429049735449938
5939 -0.4290489718922564
5940 -0.4290482403843489
5941 -0.4290475362678451
5942 -0.4290469273751406
5943 -0.4290463789924171
5944 -0.4290459575332174
5945 -0.4290456308632631
5946 -0.4290454373726657
5947 -0.4290453264462243
5948 -0.4290453142669701
5949 -0.4290453240539143
5950 -0.4290454228692689
5951 -0.4290455380307965
5952 -0.4290457167747738
5953 -0.4290459026558039
5954 -0.4290461119227453
5955 -0.4290462783966995
5956 -0.4290464409633541
5957 -0.429046558281478
5958 -0.4290467400713933
5959 -0.4290469694450457
5960 -0.4290472699216303
5961 -0.4290475886800098
5962 -0.42904794570578
5963 -0.4290482755398147
5964 -0.4290486225987606
5965 -0.4290489982050376
5966 -0.4290493994197035
5967 -0.4290496606633142
5968 -0.4290498337729271
5969 -0.4290498510457053
5970 -0.4290497795821831
5971 -0.4290495985885691
5972 -0.429049305251056
5973 -0.4290490796788386
5974 -0.4290489400968149
5975 -0.4290488028493886
5976 -0.4290483778058705
5977 -0.4290477715152889
5978 -0.4290470021448439
5979 -0.4290461442173688
5980 -0.4290453203392058
5981 -0.4290445852000132
5982 -0.429044169170752
5983 -0.42904368238284
5984 -0.4290432448340038
5985 -0.4290429105212032
5986 -0.4290427028595797
5987 -0.4290425802840785
5988 -0.4290425729348303
5989 -0.4290426394281827
5990 -0.4290427941632089
5991 -0.4290429724625403
5992 -0.4290432160604549
5993 -0.4290434672573226
5994 -0.4290437051973307
5995 -0.4290439207911765
5996 -0.4290441525820066
5997 -0.4290443724901153
5998 -0.4290446072363574
5999 -0.4290447906230384
6000 -0.4290449689293728
6001 -0.4290451012519064
6002 -0.42904522305828
6003 -0.4290453370343195
6004 -0.4290455622556089
6005 -0.429045856818836
6006 -0.4290461673409078
6007 -0.4290464385191133
6008 -0.4290467287445547
6009 -0.4290469996502013
6010 -0.411997314381182
6011 -0.418786178113498
6012 -0.4240209431470162
6013 -0.4275823867855108
6014 -0.4304223968410377
6015 -0.4322978107162649
6016 -0.4338057368872566
6017 -0.4348148714843394
6018 -0.4356146557333337
6019 -0.4362015759655842
6020 -0.4366887422377334
6021 -0.4371112327127761
6022 -0.4374836400110484
6023 -0.4378450561757023
6024 -0.4382191942747447
6025 -0.4386161152404371
6026 -0.4390410597053207
6027 -0.4394896477660018
6028 -0.4399689294444811
6029 -0.4404696888772091
6030 -0.4409870278921396
6031 -0.4415087680140685
6032 -0.4420289355164193
6033 -0.4425435373698548
6034 -0.4430472018878093
6035 -0.4435153973976267
6036 -0.4439729264535556
6037 -0.444415229694828
6038 -0.4448690891736959
6039 -0.445275161078899
6040 -0.4456728571921693
6041 -0.4460488252930109
6042 -0.4464150377003731
6043 -0.4467560413041743
6044 -0.4470836640220158
6045 -0.4473933031258559
6046 -0.4476872261206077
6047 -0.4479648637735142
6048 -0.4482251260992416
6049 -0.4484710011389487
6050 -0.4487020415525015
6051 -0.4489206845905853
6052 -0.4491242166863637
6053 -0.4493150341687063
6054 -0.4494986628972955
6055 -0.4496669320331836
6056 -0.4498207043141944
6057 -0.4499625008635891
6058 -0.4500954165000626
6059 -0.4502159067373532
6060 -0.4503263723237682
6061 -0.4504255322897282
6062 -0.4505145958230046
6063 -0.4505941673118459
6064 -0.4506698606343357
6065 -0.4507358610727678
6066 -0.4507956472729264
6067 -0.450848540097605
6068 -0.450896190515282
6069 -0.4509387423097176
6070 -0.4509769425824258
6071 -0.4510112133642505
6072 -0.4510420586792986
6073 -0.451064937922341
6074 -0.4510849732624077
6075 -0.4511081932907805
6076 -0.4511316064507648
6077 -0.4511542074609768
6078 -0.451174699327998
6079 -0.4511960604819498
6080 -0.4512155585968178
6081 -0.4512350574590394
6082 -0.4512535319193293
6083 -0.4512725049190583
6084 -0.451291141929086
6085 -0.4513105742773476
6086 -0.4513299879504037
6087 -0.4513504445748063
6088 -0.4513711116553036
6089 -0.4513929059418148
6090 -0.4514148511931787
6091 -0.4514379790976469
6092 -0.4514613724646152
6093 -0.4514850255539531
6094 -0.4515092453139268
6095 -0.4515348722776544
6096 -0.4515601627472574
6097 -0.4515860647554468
6098 -0.4516124001787412
6099 -0.4516385446578295
6100 -0.4516639312162706
6101 -0.4516893514751834
6102 -0.451713879371571
6103 -0.4517380422411501
6104 -0.4517612406052294
6105 -0.4517847640248487
6106 -0.4518072551379615
6107 -0.4518296425532065
6108 -0.4518511993606427
6109 -0.4518725045001847
6110 -0.4518928932342808
6111 -0.4519130615164084
6112 -0.4519322229870748
6113 -0.45195113171881
6114 -0.4519688832599462
6115 -0.4519862680742963
6116 -0.4520025249391161
6117 -0.4520185105109495
6118 -0.4520334686137824
6119 -0.4520483798538272
6120 -0.4520624112845907
6121 -0.4520764073475733
6122 -0.4520895689322013
6123 -0.4521026960955578
6124 -0.4521149454072193
6125 -0.4521271165602955
6126 -0.4521383540089222
6127 -0.4521494654703349
6128 -0.4521596666450342
6129 -0.4521697109181806
6130 -0.4521789011004224
6131 -0.4521881345978526
6132 -0.4521962887760913
6133 -0.4522047288687964
6134 -0.4522125811055457
6135 -0.4522207140822019
6136 -0.4522281971808648
6137 -0.4522359092013321
6138 -0.4522431112493639
6139 -0.4522506771027447
6140 -0.4522575823154332
6141 -0.4522646162639429
6142 -0.4522709003833226
6143 -0.4522772463758009
6144 -0.4522828247734605
6145 -0.4522883795125489
6146 -0.4522931904443192
6147 -0.4522980177602077
6148 -0.4523021966924327
6149 -0.4523064392115441
6150 -0.4523098298588339
6151 -0.4523132139027306
6152 -0.4523158645580363
6153 -0.452318601096878
6154 -0.4523207054147373
6155 -0.4523229577278397
6156 -0.452324708986993
6157 -0.4523267802581689
6158 -0.4523286002478986
6159 -0.452330975940874
6160 -0.4523330987559586
6161 -0.4523354533413777
6162 -0.4523376046170375
6163 -0.4523403288539813
6164 -0.4523427950980975
6165 -0.4523456355638814
6166 -0.4523480430477917
6167 -0.4523507633091535
6168 -0.4523529334704999
6169 -0.4523554401434222
6170 -0.4523574274578981
6171 -0.4523596769794399
6172 -0.4523612911951932
6173 -0.4523631567542538
6174 -0.4523644197923057
6175 -0.4523659042144481
6176 -0.4523668675488579
6177 -0.4523683529378547
6178 -0.4523692986028789
6179 -0.4523705841585978
6180 -0.4523713128645699
6181 -0.4523723643841538
6182 -0.4523729291777358
6183 -0.4523738252357279
6184 -0.4523743201796636
6185 -0.4523752321525325
6186 -0.4523758410066214
6187 -0.4523769901247562
6188 -0.4523776989212885
6189 -0.4523787192145439
6190 -0.4523793798931134
6191 -0.4523804508575791
6192 -0.4523811300843087
6193 -0.4523821844066788
6194 -0.4523828913130341
6195 -0.4523840360660812
6196 -0.4523849535747262
6197 -0.4523862506858334
6198 -0.4523872691257156
6199 -0.4523888369167731
6200 -0.4523898959359203
6201 -0.4523915143687224
6202 -0.4467507457422073
6203 -0.4472067903469437
6204 -0.4482846147103174
6205 -0.4511525308637909
6206 -0.4535648097856544
6207 -0.4558357705772754
6208 -0.4574807943241327
6209 -0.4588313051251053
6210 -0.4597773107266786
6211 -0.4605811413174408
6212 -0.4612011593910115
6213 -0.4617575564245909
6214 -0.4622387443456896
6215 -0.4627017698601731
6216 -0.4631145748777877
6217 -0.463518460078463
6218 -0.4638988083910792
6219 -0.4642604308396248
6220 -0.4646198217022627
6221 -0.4649808563564145
6222 -0.4653162121160141
6223 -0.4656301090592387
6224 -0.4659437625526602
6225 -0.4662472007085308
6226 -0.466541574323128
6227 -0.4668214946706484
6228 -0.4670956690849175
6229 -0.4673604962242824
6230 -0.4676179602399235
6231 -0.4678695661020497
6232 -0.4681151592116461
6233 -0.4683553194093533
6234 -0.4685899562772667
6235 -0.46881999485988
6236 -0.4690444804509868
6237 -0.469263509786719
6238 -0.4694771874827675
6239 -0.4696871454566907
6240 -0.4698868035163343
6241 -0.4700808310845561
6242 -0.4702692471730888
6243 -0.470451447666182
6244 -0.4706269393796224
6245 -0.4707976699551228
6246 -0.470957014855547
6247 -0.4711103358320045
6248 -0.4712547774160403
6249 -0.4713918758510258
6250 -0.4715215568512098
6251 -0.4716436723126381
6252 -0.4717582599114525
6253 -0.4718657325935666
6254 -0.4719655745787283
6255 -0.4720576558296782
6256 -0.4721414286205586
6257 -0.4722205796242274
6258 -0.4722849913983477
6259 -0.472347940096436
6260 -0.4724028770320182
6261 -0.4724509405724641
6262 -0.4724913238034706
6263 -0.472522852599586
6264 -0.4725519378156589
6265 -0.4725797224261433
6266 -0.4726041678333154
6267 -0.4726259507155754
6268 -0.4726450690857493
6269 -0.4726622994439949
6270 -0.4726774483929636
6271 -0.4726914900661484
6272 -0.4727048208287871
6273 -0.4727180824840041
6274 -0.4727315990913275
6275 -0.4727458842878822
6276 -0.4727610869602989
6277 -0.4727778323273604
6278 -0.4727961183637445
6279 -0.4728161405905555
6280 -0.4728379365052036
6281 -0.4728616497713165
6282 -0.4728870297744824
6283 -0.4729140765693353
6284 -0.4729427427732552
6285 -0.472972879110136
6286 -0.4730042795477462
6287 -0.4730367126364291
6288 -0.4730699651189838
6289 -0.4731037484451137
6290 -0.4731377815705935
6291 -0.4731725782272042
6292 -0.4732054434159546
6293 -0.47323816467045
6294 -0.4732703010029263
6295 -0.4733012465698678
6296 -0.4733310174473307
6297 -0.4733594603492717
6298 -0.4733863635464439
6299 -0.4734115930534584
6300 -0.473435084541198
6301 -0.4734567706203483
6302 -0.4734767317753253
6303 -0.4734949063144682
6304 -0.4735113901416282
6305 -0.4735265098574964
6306 -0.4735398441739846
6307 -0.4735515054813112
6308 -0.4735615930992511
6309 -0.4735700123096889
6310 -0.4735773817888624
6311 -0.4735836890518303
6312 -0.4735889460458975
6313 -0.4735933186880462
6314 -0.4735968887863256
6315 -0.4735998465842752
6316 -0.4736023136219076
6317 -0.4736044293121013
6318 -0.4736062850567542
6319 -0.4736080263771511
6320 -0.4736097545228652
6321 -0.4736115921717964
6322 -0.4736135990155516
6323 -0.4736158818507091
6324 -0.4736184906622451
6325 -0.4736214441248088
6326 -0.4736248842078535
6327 -0.4736288240127155
6328 -0.4736332315799905
6329 -0.4736381253212445
6330 -0.4736434857222194
6331 -0.4736492755666373
6332 -0.4736555695186076
6333 -0.4736623092628662
6334 -0.4736693881790244
6335 -0.4736768054229393
6336 -0.4736844817299954
6337 -0.4736923584675964
6338 -0.4737004316356465
6339 -0.4737086334668962
6340 -0.4737168595050312
6341 -0.4737250799442294
6342 -0.4737332129475574
6343 -0.4737412228203548
6344 -0.4737490793170519
6345 -0.4737567293584409
6346 -0.473764095674954
6347 -0.4737711624212379
6348 -0.4737778578764638
6349 -0.4737841189312652
6350 -0.4737900127651214
6351 -0.4737955053266658
6352 -0.4738005032824202
6353 -0.4738050379731251
6354 -0.4738090771168768
6355 -0.4738125946137659
6356 -0.4738156941862292
6357 -0.4738183589005506
6358 -0.4738205392897664
6359 -0.473822302620285
6360 -0.4738236503471321
6361 -0.4738245775021102
6362 -0.4738252125946707
6363 -0.4738255684137126
6364 -0.4738256130245326
6365 -0.4738254192572938
6366 -0.4738249982646484
6367 -0.4738243558133247
6368 -0.4738236310411406
6369 -0.473822828171492
6370 -0.4738219194773967
6371 -0.473820974929003
6372 -0.4738199978555097
6373 -0.4738189797153762
6374 -0.4738180473081572
6375 -0.4738172064665493
6376 -0.4738164136710144
6377 -0.4738157178632111
6378 -0.4738151136259522
6379 -0.4738145891960755
6380 -0.4738142539975488
6381 -0.4738140999576808
6382 -0.4738140627950974
6383 -0.4738141754307987
6384 -0.4738144268467168
6385 -0.4738147886785286
6386 -0.4738153541783031
6387 -0.4738161037120063
6388 -0.4738169691677386
6389 -0.4738179745655006
6390 -0.4738190939694554
6391 -0.4738202829024845
6392 -0.4738216266224625
6393 -0.4738230847087844
6394 -0.4839898663968986
6395 -0.4748244927646076
6396 -0.4706255699382106
6397 -0.4684216578212388
6398 -0.4674282020592764
6399 -0.4668091585760544
6400 -0.4664101841386399
6401 -0.4662427788924445
6402 -0.4661849422329173
6403 -0.4661433884174709
6404 -0.466168803489826
6405 -0.4662049607211488
6406 -0.4662543698456852
6407 -0.4662668662617447
6408 -0.4662754867774873
6409 -0.4662585041089127
6410 -0.4662208998876263
6411 -0.4661618037386883
6412 -0.4661204856581825
6413 -0.4660614148584112
6414 -0.4660097173398215
6415 -0.4659682534271928
6416 -0.4659304235057979
6417 -0.4659068268822471
6418 -0.4659062652609877
6419 -0.4659215501776502
6420 -0.4659576070787058
6421 -0.4660048075738953
6422 -0.4660605423696574
6423 -0.4661304051813722
6424 -0.4662056867763773
6425 -0.4662844417628113
6426 -0.4663638569522536
6427 -0.4664396383203817
6428 -0.4665122379260359
6429 -0.4665793133150693
6430 -0.4666404534464724
6431 -0.4666922514076464
6432 -0.4667388389922297
6433 -0.4667761566664146
6434 -0.466806151356384
6435 -0.4668254203338486
6436 -0.4668352244251854
6437 -0.466834579240017
6438 -0.466825669247984
6439 -0.4668097368985932
6440 -0.4667895556559957
6441 -0.4667631883041075
6442 -0.4667337806939869
6443 -0.466700809528916
6444 -0.4666661526248951
6445 -0.4666288698513238
6446 -0.4665919180515574
6447 -0.466554839498291
6448 -0.4665192407053863
6449 -0.4664816408351712
6450 -0.4664524321261625
6451 -0.4664260191310935
6452 -0.466401324569407
6453 -0.4663842517758103
6454 -0.4663698232075707
6455 -0.4663623409862149
6456 -0.4663542362260076
6457 -0.4663494808748802
6458 -0.4663489517340078
6459 -0.4663523170201775
6460 -0.4663574743471634
6461 -0.4663670970623269
6462 -0.4663777197085809
6463 -0.4663890429089262
6464 -0.4664023016176053
6465 -0.4664140632811586
6466 -0.4664268602295524
6467 -0.4664397134192015
6468 -0.4664558672438368
6469 -0.466472244196822
6470 -0.4664861265495277
6471 -0.466497319280224
6472 -0.4665081901318126
6473 -0.4665175851165916
6474 -0.4665252614550745
6475 -0.4665307971684596
6476 -0.4665330039647239
6477 -0.4665331922286315
6478 -0.4665292835829403
6479 -0.4665237107480482
6480 -0.4665203181043895
6481 -0.466512618154284
6482 -0.4665004658098388
6483 -0.4664803134573008
6484 -0.4664659875129621
6485 -0.4664482383083925
6486 -0.4664286573936448
6487 -0.4664029060242793
6488 -0.4663805620671442
6489 -0.4663620711815629
6490 -0.4663418363081896
6491 -0.4663191529859722
6492 -0.4662949284022801
6493 -0.4662723521050748
6494 -0.4662516309139192
6495 -0.4662294814774056
6496 -0.4662074881468067
6497 -0.4661869773265451
6498 -0.4661678037596502
6499 -0.466149101959078
6500 -0.4661305440803578
6501 -0.4661139326133603
6502 -0.466097787239976
6503 -0.4660843146465851
6504 -0.4660710025063779
6505 -0.4660601823202989
6506 -0.4660495513206033
6507 -0.4660411872268873
6508 -0.4660332384305404
6509 -0.4660274055918868
6510 -0.4660223386519232
6511 -0.4660225779580444
6512 -0.4660189973817736
6513 -0.4660178753406425
6514 -0.4660177035198386
6515 -0.4660188779953522
6516 -0.4660224359053395
6517 -0.4660245544148888
6518 -0.4660296155017191
6519 -0.4660355004228487
6520 -0.466043724421664
6521 -0.4660515317991109
6522 -0.4660597265735063
6523 -0.466067793220266
6524 -0.4660758223371329
6525 -0.466083987278803
6526 -0.4660916159699926
6527 -0.4660999710754037
6528 -0.4661070636961758
6529 -0.4661152716677052
6530 -0.4661220898844882
6531 -0.4661297925785189
6532 -0.4661361182090395
6533 -0.4661430465167222
6534 -0.4661487874077078
6535 -0.4661546867748087
6536 -0.4661597353323616
6537 -0.4661644908978833
6538 -0.4661687952852824
6539 -0.4661722363593063
6540 -0.4661758332960192
6541 -0.4661780921751927
6542 -0.4661807521599347
6543 -0.4661821292840642
6544 -0.4661838307861141
6545 -0.4661844106822792
6546 -0.4661850731787294
6547 -0.4661848903258177
6548 -0.4661846693665282
6549 -0.4661839219577893
6550 -0.466182724521536
6551 -0.466181718273555
6552 -0.4661801081744353
6553 -0.4661790578681074
6554 -0.466176575501058
6555 -0.4661749744032356
6556 -0.4661721554479946
6557 -0.4661702537964956
6558 -0.4661672797009383
6559 -0.4661651852408098
6560 -0.4661623010582979
6561 -0.4661600099768659
6562 -0.4661573039515616
6563 -0.4661547546363679
6564 -0.4661525239138017
6565 -0.4661492516258884
6566 -0.4661471214084285
6567 -0.4661442692369661
6568 -0.4661423898566531
6569 -0.4661398100594456
6570 -0.4661380348795253
6571 -0.4661356301429642
6572 -0.4661337863670996
6573 -0.4661316228339898
6574 -0.466129813190921
6575 -0.4661279744825987
6576 -0.466125974261891
6577 -0.4661246428578397
6578 -0.4661224239279497
6579 -0.4661214211189533
6580 -0.4661193483704664
6581 -0.4661184161476299
6582 -0.4661165306440978
6583 -0.4661156713570355
6584 -0.4661138961421434
6585 -0.4661130375556961
6586 -0.4661115292971944
6587 -0.4661107768611735
6588 -0.4661096199965741
6589 -0.4661084529804277
6590 -0.4661076945885955
6591 -0.4661061750795646
6592 -0.466105601222083
6593 -0.4661040694135232
6594 -0.4661034388280239
6595 -0.466102085197294
6596 -0.466101353940158
6597 -0.4661000867779146
6598 -0.4660993569703851
6599 -0.4660982754472394
6600 -0.4456953527246091
6601 -0.4533429215482971
6602 -0.4566057282973727
6603 -0.4574763456649843
6604 -0.4568125378346089
6605 -0.4553745265000332
6606 -0.4535118659042159
6607 -0.4515370376574926
6608 -0.4495978746558952
6609 -0.447774918860848
6610 -0.446165797644488
6611 -0.4447774384348051
6612 -0.4436092201744637
6613 -0.4426667584297895
6614 -0.4419331749435295
6615 -0.4414031915419441
6616 -0.4410270321077938
6617 -0.4407389564837741
6618 -0.4405387170639511
6619 -0.4404306506204929
6620 -0.4403995788957197
6621 -0.4404272664297456
6622 -0.4405105807731627
6623 -0.4406089873419218
6624 -0.4407260568062218
6625 -0.4408571781414286
6626 -0.4409808205446075
6627 -0.4410936786068128
6628 -0.4411971049563812
6629 -0.4412894671672433
6630 -0.4413685781062496
6631 -0.4414292972889384
6632 -0.4414679001949185
6633 -0.4414837861200269
6634 -0.441474143191421
6635 -0.4414516526601362
6636 -0.4414110984910271
6637 -0.4413557382626696
6638 -0.441287007136288
6639 -0.4412114326410569
6640 -0.4411298106328878
6641 -0.4410314437394209
6642 -0.4409380636982831
6643 -0.4408464879885517
6644 -0.4407558613685915
6645 -0.4406758056479341
6646 -0.4406048899291002
6647 -0.440537658549719
6648 -0.4404774192464399
6649 -0.4404256940550829
6650 -0.4403823859870964
6651 -0.440352356691201
6652 -0.4403179356516211
6653 -0.4403025412513402
6654 -0.4403111017703587
6655 -0.4403191207115456
6656 -0.4403229646051802
6657 -0.4403313639567902
6658 -0.4403439097231479
6659 -0.4403547013146846
6660 -0.4403678442336151
6661 -0.4403822695780244
6662 -0.4403964669439864
6663 -0.4404103960916953
6664 -0.4404223414124087
6665 -0.4404321921995309
6666 -0.4404393898649066
6667 -0.4404434092722176
6668 -0.4404437462506705
6669 -0.4404396816311719
6670 -0.4404301153468837
6671 -0.4404163715824282
6672 -0.4403984763900567
6673 -0.4403765903274467
6674 -0.4403510560166591
6675 -0.4403229414692144
6676 -0.440292066857099
6677 -0.4402587023778285
6678 -0.4402215567693868
6679 -0.4401848196595162
6680 -0.4401486907213019
6681 -0.4401138441540756
6682 -0.4400807001676945
6683 -0.4400498962727372
6684 -0.4400218617742082
6685 -0.4399981726147438
6686 -0.439976605547438
6687 -0.4399570741427812
6688 -0.4399416466599708
6689 -0.4399302793431571
6690 -0.4399229126358711
6691 -0.4399195183612441
6692 -0.4399205586993109
6693 -0.4399246137742176
6694 -0.4399327559670691
6695 -0.4399426121245641
6696 -0.4399543003089247
6697 -0.4399675946323274
6698 -0.4399821693944072
6699 -0.4399977998070231
6700 -0.4400140855836883
6701 -0.4400307464859778
6702 -0.4400473279765625
6703 -0.4400635583903451
6704 -0.4400785248704021
6705 -0.4400923140599375
6706 -0.4401046396394278
6707 -0.4401156170212426
6708 -0.4401245234722557
6709 -0.4401312708785715
6710 -0.4401355999601942
6711 -0.4401375055335446
6712 -0.4401371259335428
6713 -0.4401346518117774
6714 -0.440129154997985
6715 -0.4401209939996155
6716 -0.4401103119204667
6717 -0.4400973272578648
6718 -0.4400821926322978
6719 -0.4400651625612936
6720 -0.4400462710798406
6721 -0.440025823939014
6722 -0.4400039316497674
6723 -0.4399809705415048
6724 -0.4399571466095219
6725 -0.4399328335160836
6726 -0.4399082023027981
6727 -0.4398836107635239
6728 -0.4398591687136705
6729 -0.4398352080424422
6730 -0.439811846551333
6731 -0.4397893780052298
6732 -0.4397678970066012
6733 -0.4397482049989344
6734 -0.4397293555815803
6735 -0.439711830198341
6736 -0.4396956974404497
6737 -0.4396806217322596
6738 -0.4396675314224476
6739 -0.4396562095402579
6740 -0.4396465341041568
6741 -0.4396386520541107
6742 -0.439632457094399
6743 -0.4396280354971658
6744 -0.4396252162865751
6745 -0.4396239869883588
6746 -0.4396241915111628
6747 -0.4396258310026171
6748 -0.4396287305648208
6749 -0.4396326070366192
6750 -0.4396373993522499
6751 -0.4396430430623675
6752 -0.4396493493547556
6753 -0.4396563105810877
6754 -0.4396637479543928
6755 -0.439671610464145
6756 -0.4396797152667271
6757 -0.4396880460223279
6758 -0.4396964104172239
6759 -0.4397048001005766
6760 -0.4397130011313946
6761 -0.4397210255668925
6762 -0.4397287245316959
6763 -0.4397359846876414
6764 -0.4397427267732111
6765 -0.4397489625423926
6766 -0.4397545523365816
6767 -0.4397595617688925
6768 -0.4397639205162482
6769 -0.4397677348025122
6770 -0.4397709741796104
6771 -0.4397737507091528
6772 -0.4397760084217686
6773 -0.4397777894620288
6774 -0.4397789853045998
6775 -0.4397797512335898
6776 -0.4397799695955069
6777 -0.4397797740119955
6778 -0.4397790044858279
6779 -0.4397777000850255
6780 -0.4397758371165878
6781 -0.4397735478992225
6782 -0.4397708558678001
6783 -0.4397679091832308
6784 -0.4397646894803492
6785 -0.4397613156959834
6786 -0.4397577748404634
6787 -0.4397541791538628
6788 -0.4397504914247847
6789 -0.439746798654625
6790 -0.439743059319228
6791 -0.4397394159899349
6792 -0.4397357265162868
6793 -0.4397320755969607
6794 -0.4397284344105328
6795 -0.4397248348269155
6796 -0.4397212693675543
6797 -0.4397178637067933
6798 -0.439714598015425
6799 -0.4397115996612752
6800 -0.4397088440464288
6801 -0.4397064479876645
6802 -0.4397043345553148
6803 -0.4397025129905401
6804 -0.4397009557090089
6805 -0.4396996828643889
6806 -0.4396986467132743
6807 -0.4396978629613125
6808 -0.4396971130068095
6809 -0.4396964792040944
6810 -0.4396958799364964
6811 -0.4396954239835411
6812 -0.4396950782288084
6813 -0.4396949320656628
6814 -0.4396948961515056
6815 -0.439695049566416
6816 -0.4396953125188889
6817 -0.4396957457704059
6818 -0.4396962426004223
6819 -0.4396968536288198
6820 -0.4396974916879224
6821 -0.4396982244569244
6822 -0.4579332649109866
6823 -0.4612044623352161
6824 -0.4630254146588557
6825 -0.4651508775270358
6826 -0.4665282290487953
6827 -0.4676253886036499
6828 -0.4683008428434043
6829 -0.4688821505304928
6830 -0.4693546922991312
6831 -0.4698639127639605
6832 -0.4704435720855826
6833 -0.4710880772867919
6834 -0.4718143526224145
6835 -0.4726087219305886
6836 -0.4734724724525677
6837 -0.4744055607679694
6838 -0.4753919300001585
6839 -0.4764502713554599
6840 -0.4775518896267018
6841 -0.4786677366817036
6842 -0.4797963037076899
6843 -0.4809440861143654
6844 -0.4820877576728025
6845 -0.4832272122590932
6846 -0.484347393274591
6847 -0.4854516373200335
6848 -0.4865314776484912
6849 -0.4875924373003427
6850 -0.4886006287235299
6851 -0.4895656119232774
6852 -0.4904722580700039
6853 -0.491340852832878
6854 -0.4921619498795582
6855 -0.492936986596082
6856 -0.4936823103739241
6857 -0.4943779329719344
6858 -0.4950354026269228
6859 -0.4956521786789169
6860 -0.4962278781995388
6861 -0.4967639765722425
6862 -0.4972669393573154
6863 -0.4977501701285432
6864 -0.4981905139585773
6865 -0.4985854939260075
6866 -0.4989411192155191
6867 -0.4992596483728158
6868 -0.4995489973864735
6869 -0.4998181429580402
6870 -0.5000589708839827
6871 -0.5002867674955234
6872 -0.5005073112540335
6873 -0.5007123240727124
6874 -0.5009056631351704
6875 -0.5010878925134841
6876 -0.5012487314805963
6877 -0.5014139766419143
6878 -0.5015678794380496
6879 -0.5017187417940793
6880 -0.501859480155558
6881 -0.5019946236002267
6882 -0.5021225269164942
6883 -0.5022485052344389
6884 -0.5023662742633909
6885 -0.5024763451593879
6886 -0.5025817109148725
6887 -0.5026815560793373
6888 -0.502776628838111
6889 -0.5028691786499135
6890 -0.5029575552725749
6891 -0.5030434844722165
6892 -0.5031272186781323
6893 -0.5032094691912212
6894 -0.5032895438468
6895 -0.5033697673704558
6896 -0.5034487340586098
6897 -0.5035270819243283
6898 -0.5036046618123613
6899 -0.5036822770348627
6900 -0.5037598181163222
6901 -0.5038371799266874
6902 -0.5039171053172561
6903 -0.5039967270271334
6904 -0.5040746523060777
6905 -0.5041497375310245
6906 -0.5042247779279605
6907 -0.5042991512944121
6908 -0.5043737236305629
6909 -0.5044487652013306
6910 -0.5045238486339051
6911 -0.504599045893394
6912 -0.5046732049604125
6913 -0.5047464483011317
6914 -0.5048188004835413
6915 -0.5048896201146967
6916 -0.5049593339345595
6917 -0.5050282152734969
6918 -0.5050955107989514
6919 -0.5051614644700118
6920 -0.5052246861964734
6921 -0.5052858876733874
6922 -0.5053447081562883
6923 -0.5054009390934908
6924 -0.5054546334229613
6925 -0.5055056227790163
6926 -0.5055542158560811
6927 -0.5055993343648405
6928 -0.5056419416916905
6929 -0.5056812341969066
6930 -0.5057183867314961
6931 -0.5057518057541271
6932 -0.5057831632654883
6933 -0.5058117102688867
6934 -0.5058380145909501
6935 -0.5058617522780695
6936 -0.5058837148676778
6937 -0.5059037976280663
6938 -0.5059220385402632
6939 -0.5059386225265318
6940 -0.5059538217153977
6941 -0.5059681364029822
6942 -0.5059805079188886
6943 -0.5059924304126845
6944 -0.5060038686114244
6945 -0.5060145762678488
6946 -0.506024137708087
6947 -0.5060337105713404
6948 -0.5060431130044554
6949 -0.5060523213926897
6950 -0.5060615166364364
6951 -0.5060709552422252
6952 -0.5060810552021029
6953 -0.5060908270745832
6954 -0.5061015262603824
6955 -0.5061123895108707
6956 -0.5061244085410411
6957 -0.5061359275288717
6958 -0.5061486039286285
6959 -0.5061615344301984
6960 -0.5061749777899823
6961 -0.5061884875513916
6962 -0.5062026274165037
6963 -0.5062172140385486
6964 -0.5062316974678429
6965 -0.5062463990928697
6966 -0.5062611827980228
6967 -0.5062765052269216
6968 -0.506290906768312
6969 -0.5063057033563356
6970 -0.5063201031942121
6971 -0.5063345120688811
6972 -0.5063480321274016
6973 -0.5063614947458129
6974 -0.5063745477046093
6975 -0.506386968201231
6976 -0.5063988232026512
6977 -0.506410024045197
6978 -0.5064209943656885
6979 -0.506431183917224
6980 -0.5064407127284496
6981 -0.5064491269120309
6982 -0.5064573324686424
6983 -0.5064638682314895
6984 -0.5064702852792871
6985 -0.5064758026508439
6986 -0.5064807021738712
6987 -0.5064846488274385
6988 -0.5064882284720226
6989 -0.5064914108645355
6990 -0.5064937239854135
6991 -0.5064956153236155
6992 -0.5064970007821635
6993 -0.5064985017307281
6994 -0.5064987771519034
6995 -0.5064992929087814
6996 -0.5064993248951862
6997 -0.5064993589461236
6998 -0.5064987279080492
6999 -0.5064982730972409
7000 -0.506497767908093
7001 -0.5064970097804075
7002 -0.5064961626628376
7003 -0.5064961626018898
7004 -0.5064960939139713
7005 -0.5064951541853252
7006 -0.5064946076276287
7007 -0.5064937732768515
7008 -0.5064936034793041
7009 -0.5064926302697865
7010 -0.506492383196582
7011 -0.5064921109974259
7012 -0.5064920711020944
7013 -0.5064919403393962
7014 -0.506492222507768
7015 -0.5064928694396515
7016 -0.5064933485456335
7017 -0.5064941339466341
7018 -0.5064949884919323
7019 -0.5064966017472206
7020 -0.5064975328637936
7021 -0.506499196008985
7022 -0.5065008105462501
7023 -0.5065027564846808
7024 -0.5065043673959124
7025 -0.5065063841453002
7026 -0.5065085396419733
7027 -0.5065105347588489
7028 -0.5065125309910179
7029 -0.5065145532912952
7030 -0.5065170585266605
7031 -0.5065187709226436
7032 -0.5065209811503709
7033 -0.5065228381064262
7034 -0.5065252708285439
7035 -0.5065267943320138
7036 -0.5065288581850936
7037 -0.506530686627412
7038 -0.5065325054525084
7039 -0.5065339831510751
7040 -0.5065355936246985
7041 -0.5065373345985119
7042 -0.5065385912364224
7043 -0.5065399021730844
7044 -0.5065410581460602
7045 -0.506542684005587
7046 -0.5065433516558383
7047 -0.5065445098087011
7048 -0.5065454155496105
7049 -0.5065464258388743
7050 -0.5065469657526043
7051 -0.506547726474445
7052 -0.5065485290011449
7053 -0.5065485676682058
7054 -0.5065493639684131
7055 -0.5065494878313427
7056 -0.5065499092264295
7057 -0.5065500451463433
7058 -0.5065510660514393
7059 -0.5065510119168022
7060 -0.5065517822848677
7061 -0.5065518314741807
7062 -0.505364167124989
7063 -0.5068042627230702
7064 -0.5084518344638721
7065 -0.5110638708805355
7066 -0.5131805439020808
7067 -0.5150072174125635
7068 -0.5162804745885022
7069 -0.5171782450961793
7070 -0.5177115769075976
7071 -0.5180536572982766
7072 -0.5182214310729364
7073 -0.5182880096734169
7074 -0.5182894822927586
7075 -0.5182380743387581
7076 -0.5181889976239714
7077 -0.518184113845864
7078 -0.5181816008887635
7079 -0.5181976096590665
7080 -0.5182339438976482
7081 -0.5182934279655063
7082 -0.5183730095775008
7083 -0.5184573138625059
7084 -0.5185577439501096
7085 -0.5186762745207761
7086 -0.5188015998479656
7087 -0.5189293981282626
7088 -0.5190739296970714
7089 -0.5192311088246601
7090 -0.5193942424189272
7091 -0.5195602892767814
7092 -0.5197322256970218
7093 -0.5199104609095936
7094 -0.520093972256123
7095 -0.5202796410573284
7096 -0.5204694984144874
7097 -0.5206583882351399
7098 -0.5208459065689043
7099 -0.5210315288724118
7100 -0.5212155871615065
7101 -0.5214001101167332
7102 -0.5215789465251108
7103 -0.5217517575380879
7104 -0.5219210167880989
7105 -0.5220867483614697
7106 -0.5222667222460874
7107 -0.5224352407983877
7108 -0.5225732673875336
7109 -0.522708149212918
7110 -0.522845311397765
7111 -0.5229768592916584
7112 -0.5231003283328165
7113 -0.5232173546069109
7114 -0.523326985758191
7115 -0.5234389531419558
7116 -0.523538871162765
7117 -0.5236208946057984
7118 -0.5236964081589961
7119 -0.5237661501146494
7120 -0.523829250436438
7121 -0.523889439032132
7122 -0.5239432861638649
7123 -0.5239908271549987
7124 -0.524035033146125
7125 -0.5240748234597662
7126 -0.524112094397078
7127 -0.5241467619990076
7128 -0.5241785619203613
7129 -0.5242079077785747
7130 -0.5242318310909982
7131 -0.5242525255118747
7132 -0.5242741893723351
7133 -0.5242953023014785
7134 -0.5243152144634183
7135 -0.5243342132615358
7136 -0.5243538917179709
7137 -0.5243727138992372
7138 -0.5243884574887882
7139 -0.5244040813967255
7140 -0.5244219549249793
7141 -0.5244405693699483
7142 -0.5244591656709113
7143 -0.52447737543715
7144 -0.5244937597197618
7145 -0.5245099228003941
7146 -0.524525580088112
7147 -0.5245418231462952
7148 -0.5245569011544959
7149 -0.5245715187479308
7150 -0.5245849479706948
7151 -0.524597504307442
7152 -0.524608226287029
7153 -0.5246192740536719
7154 -0.5246283210398955
7155 -0.5246370727933954
7156 -0.5246448229321089
7157 -0.5246522238176395
7158 -0.524659029411878
7159 -0.5246660117333929
7160 -0.5246717458393378
7161 -0.5246768645495721
7162 -0.5246818562106096
7163 -0.5246866491007528
7164 -0.5246912067861095
7165 -0.5246955284405606
7166 -0.5246995794168546
7167 -0.52470496647295
7168 -0.5247093638242288
7169 -0.5247112107542772
7170 -0.5247140393205644
7171 -0.5247174137732891
7172 -0.5247211708853264
7173 -0.5247253981592404
7174 -0.5247299014508043
7175 -0.5247348314691768
7176 -0.5247399450558584
7177 -0.5247453725109296
7178 -0.5247509257495441
7179 -0.5247567317074557
7180 -0.5247627179348021
7181 -0.5247690049475572
7182 -0.5247755173268734
7183 -0.5247823736111514
7184 -0.5247894801179981
7185 -0.524796942904441
7186 -0.5248045812204818
7187 -0.5248126136893611
7188 -0.5248207545968798
7189 -0.5248290443041755
7190 -0.5248377150509088
7191 -0.5248463943873297
7192 -0.5248549909708409
7193 -0.5248636125650635
7194 -0.5248720794593703
7195 -0.5248804677273227
7196 -0.5248885434271559
7197 -0.5248961580428863
7198 -0.5249037371342958
7199 -0.5249112764314098
7200 -0.5249185293184574
7201 -0.5249254022982514
7202 -0.5249317193690847
7203 -0.5249374585229133
7204 -0.5249427525585763
7205 -0.5249478605307467
7206 -0.5249521781131311
7207 -0.5249560535922506
7208 -0.5249592645845164
7209 -0.5249618875789129
7210 -0.5249641281683989
7211 -0.5249665982185698
7212 -0.5249687526456164
7213 -0.5249705076056524
7214 -0.5249713923817912
7215 -0.5249714726392237
7216 -0.5249712226814303
7217 -0.5249711730369673
7218 -0.5249711725559733
7219 -0.5249705381284914
7220 -0.5249693249539673
7221 -0.5249676649797812
7222 -0.5249655135053987
7223 -0.5249631782397185
7224 -0.5249608506916519
7225 -0.5249586224093171
7226 -0.5249565622869842
7227 -0.5249548159915441
7228 -0.5249533786970677
7229 -0.5249523868572832
7230 -0.5249517478472371
7231 -0.5249515320424304
7232 -0.5249516292453988
7233 -0.52495207812054
7234 -0.5249527413027628
7235 -0.5249536858311251
7236 -0.5249547851062729
7237 -0.5249561005492079
7238 -0.5249575118281341
7239 -0.5249590716338793
7240 -0.5249606817957744
7241 -0.5249623922447061
7242 -0.5249641009840443
7243 -0.5067827360073849
7244 -0.506682510951887
7245 -0.5056993917706738
7246 -0.5054703192618281
7247 -0.5044020636163444
7248 -0.503339098614865
7249 -0.5018699797180193
7250 -0.5004864374758079
7251 -0.4991067511548251
7252 -0.4978946870872575
7253 -0.4968151567498842
7254 -0.4959781970813205
7255 -0.4952760071903867
7256 -0.4947736382910839
7257 -0.4944078108000914
7258 -0.4941981675664973
7259 -0.4940787895355885
7260 -0.494040104682385
7261 -0.4940344873735633
7262 -0.4940636988148649
7263 -0.494064598371466
7264 -0.4940698683716176
7265 -0.4940668344929537
7266 -0.494051291877192
7267 -0.4940360329455403
7268 -0.4940014397732995
7269 -0.4939623697515494
7270 -0.4939102893016689
7271 -0.4938220068153283
7272 -0.4937189794434447
7273 -0.4936157339714179
7274 -0.4934912295639068
7275 -0.4933452275442126
7276 -0.4931825720108538
7277 -0.4930265038226658
7278 -0.4928682964477825
7279 -0.4927021884499462
7280 -0.4925104057942596
7281 -0.4923372049370692
7282 -0.4921864235946933
7283 -0.4920251799566941
7284 -0.4918762059838296
7285 -0.4917452077668779
7286 -0.4916312459011781
7287 -0.4915303514717259
7288 -0.4914338578679784
7289 -0.4913566000721021
7290 -0.4913045479598311
7291 -0.491265889927452
7292 -0.4912433038224887
7293 -0.4912327917589767
7294 -0.4912353620852902
7295 -0.4912535714689252
7296 -0.4912818044124049
7297 -0.4913165402718826
7298 -0.4913557625813552
7299 -0.4913877416919482
7300 -0.4914274889993953
7301 -0.491484701306967
7302 -0.4915383160192321
7303 -0.491581014939838
7304 -0.4916220968571242
7305 -0.4916563427914088
7306 -0.491686649165225
7307 -0.4917123828661684
7308 -0.4917329458223631
7309 -0.4917480264219148
7310 -0.4917565659890132
7311 -0.4917574669461679
7312 -0.4917545309868206
7313 -0.4917461351865501
7314 -0.4917331515762002
7315 -0.4917155861048182
7316 -0.4916928471554964
7317 -0.4916653576178169
7318 -0.4916331369221391
7319 -0.491599062315986
7320 -0.4915600583895279
7321 -0.4915174949671834
7322 -0.4914672600600978
7323 -0.4914162022789392
7324 -0.4913673508845833
7325 -0.4913153698091839
7326 -0.4912616236145609
7327 -0.4912073994964487
7328 -0.491153163811814
7329 -0.4911000861064514
7330 -0.4910462830269894
7331 -0.4909944159179951
7332 -0.4909465226280018
7333 -0.4909041435568507
7334 -0.4908640340576401
7335 -0.4908295254809462
7336 -0.4907979584163294
7337 -0.4907696710606318
7338 -0.4907446827777951
7339 -0.4907235035181722
7340 -0.4907054776197062
7341 -0.4906909672388113
7342 -0.4906796465082703
7343 -0.4906715896499252
7344 -0.4906663606980795
7345 -0.4906640621167476
7346 -0.4906642754338529
7347 -0.490666946580071
7348 -0.4906713554314115
7349 -0.490677407416931
7350 -0.4906833627999878
7351 -0.4906910474376419
7352 -0.4906994524763033
7353 -0.4907083781577812
7354 -0.4907172495183559
7355 -0.4907260359859204
7356 -0.4907341956574107
7357 -0.4907418870327857
7358 -0.4907486503455039
7359 -0.4907545650920971
7360 -0.4907585815526018
7361 -0.4907620299068993
7362 -0.4907642298854142
7363 -0.4907653625814751
7364 -0.4907650472793479
7365 -0.4907635498671589
7366 -0.4907605437928809
7367 -0.4907563159374129
7368 -0.4907506252166906
7369 -0.4907440257298207
7370 -0.4907360151923954
7371 -0.4907270189391401
7372 -0.4907167178039671
7373 -0.4907056100288186
7374 -0.4906932202055027
7375 -0.4906803523542499
7376 -0.4906667238086831
7377 -0.4906527401574449
7378 -0.4906382170132716
7379 -0.4906233311618193
7380 -0.490608171293161
7381 -0.4905931559226558
7382 -0.4905772244907221
7383 -0.4905618964384295
7384 -0.4905465450292567
7385 -0.4905316756683641
7386 -0.4905170039483955
7387 -0.4905029784368444
7388 -0.4904893125741034
7389 -0.4904763775229518
7390 -0.4904639971252117
7391 -0.4904524893696229
7392 -0.4904416497167371
7393 -0.4904318243448265
7394 -0.4904227659333337
7395 -0.4904147876065231
7396 -0.490407606003084
7397 -0.4904015204532688
7398 -0.4903959948863681
7399 -0.490391646496334
7400 -0.4903880467725257
7401 -0.4903854633810091
7402 -0.4903835256955167
7403 -0.4903824621193781
7404 -0.4903819463074343
7405 -0.4903822089690949
7406 -0.4903828154321543
7407 -0.4903840494711436
7408 -0.4903855461320382
7409 -0.4903875541369755
7410 -0.4903897114511236
7411 -0.4903923031736807
7412 -0.4903949124030633
7413 -0.4903981961269215
7414 -0.4904012315895633
7415 -0.4904044159734834
7416 -0.4904074411612389
7417 -0.4904106115134454
7418 -0.4904136284928214
7419 -0.490416780169682
7420 -0.4904197522125286
7421 -0.4904225123413269
7422 -0.4904252731373065
7423 -0.4904281934514421
7424 -0.4904309471932788
7425 -0.4904337733949503
7426 -0.4904363925067919
7427 -0.4904390319724947
7428 -0.4904414549691807
7429 -0.4904439162440406
7430 -0.4904461098093232
7431 -0.4904483151465799
7432 -0.4904502615344787
7433 -0.4904522156354491
7434 -0.4904539116734095
7435 -0.4904556233099794
7436 -0.4904570667982516
7437 -0.4904585421438555
7438 -0.490459783606533
7439 -0.4904610548237399
7440 -0.4904621112394816
7441 -0.4904632087082572
7442 -0.4904640879586706
7443 -0.4904650470797654
7444 -0.4904658319728279
7445 -0.4904666923227265
7446 -0.4904673492800546
7447 -0.4904681326055312
7448 -0.4904687099826611
7449 -0.4904694144605846
7450 -0.4904699472787123
7451 -0.4904705879707122
7452 -0.4904710468126191
7453 -0.4904716285447419
7454 -0.490472047685883
7455 -0.4904726073728948
7456 -0.4904730154742731
7457 -0.4904735699346788
7458 -0.4904738896896919
7459 -0.4904743684311175
7460 -0.4904746928177092
7461 -0.490475060594064
7462 -0.4904752772113703
7463 -0.4904756333524248
7464 -0.4904757360501336
7465 -0.4904759628676202
7466 -0.4904760095141821
7467 -0.4904761015849469
7468 -0.4904760253279074
7469 -0.490476056922896
7470 -0.490475801823778
7471 -0.4904757009744911
7472 -0.4916571088616849
7473 -0.4864641544066028
7474 -0.48265368904498
7475 -0.4796398913518347
7476 -0.4771937252061502
7477 -0.475198586479715
7478 -0.4735467791678311
7479 -0.4721925493231542
7480 -0.4710312890675274
7481 -0.4700846502063822
7482 -0.4692660820365823
7483 -0.4685997434365881
7484 -0.4680394549108912
7485 -0.4675599891197183
7486 -0.4671495852707039
7487 -0.4668075600116549
7488 -0.4664911781290713
7489 -0.466227270178988
7490 -0.4659655357561804
7491 -0.465752079881793
7492 -0.4655284649862325
7493 -0.4653388436975042
7494 -0.4651391665259066
7495 -0.4649745956916345
7496 -0.4647909411885121
7497 -0.4646148639369206
7498 -0.4644165462511992
7499 -0.4642322663277162
7500 -0.4640278826232216
7501 -0.4638602952332253
7502 -0.4636595767519109
7503 -0.4634791454857557
7504 -0.4632682502192877
7505 -0.4630777484223683
7506 -0.4628531330900905
7507 -0.4626538748146126
7508 -0.4624168302808865
7509 -0.4622115156441526
7510 -0.4619689363000451
7511 -0.4617408413334072
7512 -0.4614856674340211
7513 -0.4612683938350023
7514 -0.4610197894474728
7515 -0.4608131016667171
7516 -0.460570454729686
7517 -0.4603668995034596
7518 -0.4601298045000716
7519 -0.4599385841320616
7520 -0.4597163457082489
7521 -0.4595427842319713
7522 -0.4593399268617715
7523 -0.4591884441460156
7524 -0.4590008213039994
7525 -0.4588689182508215
7526 -0.4587042793428752
7527 -0.4585959713242626
7528 -0.4584520073536262
7529 -0.4583661332680136
7530 -0.4582460852148261
7531 -0.4581839922276902
7532 -0.4580806887559097
7533 -0.4580378949279841
7534 -0.4579481527846591
7535 -0.4579235160855101
7536 -0.4578493670988953
7537 -0.4578412729336381
7538 -0.4577789525284464
7539 -0.4577848585670792
7540 -0.4577311699029806
7541 -0.4577483113955373
7542 -0.4577004769783189
7543 -0.4577272040282968
7544 -0.4576827461058306
7545 -0.4577151777333021
7546 -0.4576716867111641
7547 -0.4577092041549299
7548 -0.4576654004842217
7549 -0.4577069825401842
7550 -0.4576620760854734
7551 -0.4577077610523539
7552 -0.4576599722515333
7553 -0.4577082788045306
7554 -0.4576568115126087
7555 -0.4577065922977818
7556 -0.4576477251205032
7557 -0.4576979467700142
7558 -0.4576321182658196
7559 -0.4576830942441193
7560 -0.4576101845965229
7561 -0.4576622684945197
7562 -0.4575820227116157
7563 -0.4576348499708011
7564 -0.457546783538945
7565 -0.4576019671140547
7566 -0.4575068466624462
7567 -0.4575642863744854
7568 -0.4574621888395703
7569 -0.4575219394335084
7570 -0.4574134743493372
7571 -0.4574768392919352
7572 -0.4573618195856939
7573 -0.4574284774401877
7574 -0.4573073450138206
7575 -0.4573776459186673
7576 -0.4572509323728718
7577 -0.4573259811014616
7578 -0.4571945020308513
7579 -0.4572744629370334
7580 -0.4571383970155803
7581 -0.4572236455504851
7582 -0.4570840203510048
7583 -0.4571746268232185
7584 -0.4570327159668407
7585 -0.4571274639245771
7586 -0.4569843232044412
7587 -0.4570819606062634
7588 -0.4569395533603115
7589 -0.4570387600268893
7590 -0.4568983101345217
7591 -0.4569989693591331
7592 -0.4568608988907269
7593 -0.456963195002524
7594 -0.4568274410658929
7595 -0.456931372478774
7596 -0.4567981127905683
7597 -0.4569024282559948
7598 -0.4567715100105501
7599 -0.456879105503828
7600 -0.4567512036434717
7601 -0.4568609494763564
7602 -0.4567356168802444
7603 -0.4568467633940487
7604 -0.4567237485098828
7605 -0.4568361438081697
7606 -0.456714990307895
7607 -0.4568281742344833
7608 -0.4567085271905235
7609 -0.4568226054635412
7610 -0.4567049173050297
7611 -0.4568194622020888
7612 -0.4567018322404198
7613 -0.4568162315782841
7614 -0.4566992373658383
7615 -0.4568136602576537
7616 -0.456697372294554
7617 -0.4568117096937253
7618 -0.4566961125880111
7619 -0.4568101028861386
7620 -0.4566950286242618
7621 -0.4568085438943055
7622 -0.4566939021920894
7623 -0.4568067545083493
7624 -0.4566923941665485
7625 -0.4568045280784152
7626 -0.4566903768057294
7627 -0.4568017180247375
7628 -0.4566877585400391
7629 -0.4567983423410725
7630 -0.4566845289709806
7631 -0.456794283463082
7632 -0.4566805539079802
7633 -0.4567895365880826
7634 -0.4566759671834438
7635 -0.4567843497688366
7636 -0.4566709264832509
7637 -0.4567787991191776
7638 -0.4566655022144447
7639 -0.4567728922045924
7640 -0.4566597998845126
7641 -0.4567668767797811
7642 -0.4566540297413609
7643 -0.4567608133200874
7644 -0.4566482027918514
7645 -0.4567547970927983
7646 -0.4566425185521698
7647 -0.4567490084011078
7648 -0.4566370762960457
7649 -0.4567435973805229
7650 -0.4566319960192489
7651 -0.4567386364615127
7652 -0.4566275224702941
7653 -0.456734265382521
7654 -0.456623808695035
7655 -0.4567305662951727
7656 -0.4566205525255796
7657 -0.4567274010392083
7658 -0.4566176170420272
7659 -0.4567244913195127
7660 -0.4566148935544945
7661 -0.4567221547018639
7662 -0.4566129613145463
7663 -0.4567204020751248
7664 -0.4566115734952255
7665 -0.456719249833308
7666 -0.4566107110362863
7667 -0.4567185072356033
7668 -0.4566100916681517
7669 -0.4567179575235586
7670 -0.4566095574726149
7671 -0.4567173751000307
7672 -0.456609229399546
7673 -0.4567177050490289
7674 -0.4566097537830644
7675 -0.4567183660047602
7676 -0.4566102398844282
7677 -0.4567188354114669
7678 -0.4566104106829311
7679 -0.4567189312642564
7680 -0.456610131916773
7681 -0.4567186925667259
7682 -0.4566096209729725
7683 -0.456718272200616
7684 -0.456608932521638
7685 -0.4567178064740988
7686 -0.4566082812407575
7687 -0.4567173670175761
7688 -0.456607619769058
7689 -0.4567169581884075
7690 -0.4566040633944984
7691 -0.4567168461067094
7692 -0.4566052712684292
7693 -0.4567161793550061
7694 -0.4566021183766905
7695 -0.4567196967992942
7696 -0.4566010126629401
7697 -0.4567227050970806
7698 -0.456601652410586
7699 -0.4567261308851742
7700 -0.4566022791952091
7701 -0.4567287651505031
7702 -0.4566020248123816
7703 -0.4567294986073646
7704 -0.4566003979393959
7705 -0.4567280938476712
7706 -0.4565974865901777
7707 -0.4567251441538098
7708 -0.4565934485402634
7709 -0.4567212420972024
7710 -0.4565889327371541
7711 -0.4567170086530168
7712 -0.4565842963395298
7713 -0.4567128079566993
7714 -0.4565800604897381
7715 -0.45670908969291
7716 -0.4565762897446697
7717 -0.4567058667970174
7718 -0.4565732947171525
7719 -0.456703459962151
7720 -0.4565709038777075
7721 -0.4567014577200594
7722 -0.456569233389195
7723 -0.4567002964479501
7724 -0.4565679160192772
7725 -0.456699113865804
7726 -0.4565671777635836
7727 -0.4566987471686694
7728 -0.4565664886771633
7729 -0.4566978914423691
7730 -0.4565663007109115
7731 -0.4566992659784047
7732 -0.4565643527185369
7733 -0.4566987786346603
7734 -0.4565634613425767
7735 -0.4566981770589553
7736 -0.4565616764827286
7737 -0.4566962538751211
7738 -0.4565602445834783
7739 -0.456695433626423
7740 -0.4565585606933619
7741 -0.4566936995460883
7742 -0.456557701415897
7743 -0.4566935429723695
7744 -0.4565567600215601
7745 -0.4566923981607704
7746 -0.456556532842487
7747 -0.4566927955006467
7748 -0.4565560775570953
7749 -0.4566920349013933
7750 -0.4565562316175718
7751 -0.4566926898867228
7752 -0.4565559648487978
7753 -0.4566920675798312
7754 -0.45655625686197
7755 -0.4566928088629159
7756 -0.4565560317648052
7757 -0.4566922081538796
7758 -0.4565563660383184
7759 -0.4566930199956361
7760 -0.4565562503934956
7761 -0.4566924962298563
7762 -0.4565566450488626
7763 -0.4566933563297824
7764 -0.4565565847657472
7765 -0.4566929044682971
7766 -0.4565570740095155
7767 -0.4566938893139801
7768 -0.4565571325199889
7769 -0.4566935445411588
7770 -0.4565577446396938
7771 -0.4566954788598487
7772 -0.4565570365591693
7773 -0.4566947959279306
7774 -0.4565565990581543
7775 -0.4566948828462825
7776 -0.4565555270258251
7777 -0.4566936813251489
7778 -0.4565552252974632
7779 -0.4566941123246841
7780 -0.456554682271038
7781 -0.4566933814380112
7782 -0.456554999968996
7783 -0.4566943764225338
7784 -0.4565549987284682
7785 -0.4566940998645248
7786 -0.4565557568670819
7787 -0.4566954285572866
7788 -0.4565560407842625
7789 -0.4566952991135002
7790 -0.4565569070070924
7791 -0.4566966832519349
7792 -0.4565571943454665
7793 -0.4566965179058467
7794 -0.456558062251632
7795 -0.4566978761204035
7796 -0.4565583457845793
7797 -0.4566976471312365
7798 -0.4565591419290821
7799 -0.456698962535852
7800 -0.4565593442793444
7801 -0.4566986662281465
7802 -0.4565600896411836
7803 -0.4566998903052782
7804 -0.4565601952962383
7805 -0.4566995010034262
7806 -0.4565608660159983
7807 -0.4567006688156012
7808 -0.4565609014109969
7809 -0.4567001847123937
7810 -0.4565614866457794
7811 -0.4567012737881161
7812 -0.4565614635733652
7813 -0.4567007231530588
7814 -0.4565619609404181
7815 -0.4567017165372548
7816 -0.4565618490402646
7817 -0.4567010805295291
7818 -0.4565622682132634
7819 -0.4567019711050607
7820 -0.4565620431011227
7821 -0.4567012515435926
7822 -0.456562385601912
7823 -0.4567020850445638
7824 -0.4565620826348369
7825 -0.4567012493832296
7826 -0.4565623017370756
7827 -0.4567019646486357
7828 -0.4565619339017348
7829 -0.4567010725185623
7830 -0.4565621028612069
7831 -0.4567017210981419
7832 -0.4565616375200732
7833 -0.4567007285707249
7834 -0.4565617082726185
7835 -0.4567013116529064
7836 -0.4565611953842194
7837 -0.4567002757280649
7838 -0.4565612202727805
7839 -0.4567008006820709
7840 -0.456560635088253
7841 -0.4567002452394921
7842 -0.4565601416686243
7843 -0.4567001103686638
7844 -0.4565585907031318
7845 -0.456698128346899
7846 -0.4565576992986865
7847 -0.4566979128257805
7848 -0.4565564527767296
7849 -0.4566963530888617
7850 -0.4565560736229982
7851 -0.4566966385736828
7852 -0.4565553066435352
7853 -0.4566954759344253
7854 -0.4565552984495123
7855 -0.4566960649292015
7856 -0.4565547783412339
7857 -0.4566950699102838
7858 -0.456554892872379
7859 -0.456695700917329
7860 -0.456554395329697
7861 -0.4566947338953009
7862 -0.4565545479176087
7863 -0.4566954197828808
7864 -0.4565541039223973
7865 -0.4566944656793513
7866 -0.456554248757624
7867 -0.4566951370987486
7868 -0.4565537740257915
7869 -0.4566941643759045
7870 -0.4565539584806
7871 -0.4566948882790501
7872 -0.4565535522210973
7873 -0.4566939709545532
7874 -0.4565537576692459
7875 -0.4566947221131361
7876 -0.4565534038214098
7877 -0.4566938690412687
7878 -0.4565536841145263
7879 -0.4566946788962368
7880 -0.4565533664802849
7881 -0.4566938510554322
7882 -0.4565536912355809
7883 -0.4566947415649629
7884 -0.4565534660563466
7885 -0.4566940028868234
7886 -0.4565538668904167
7887 -0.4566949395905718
7888 -0.4565536742445332
7889 -0.4566942319856376
7890 -0.4565540964695067
7891 -0.4566951809148457
7892 -0.456553912108038
7893 -0.4566944923841756
7894 -0.4565543725131747
7895 -0.4566954836660899
7896 -0.4565542277895261
7897 -0.4566948163305197
7898 -0.4565546767541405
7899 -0.4566957947328641
7900 -0.4565545394880337
7901 -0.4566951399753404
7902 -0.4565550218605189
7903 -0.456696146214314
7904 -0.456555083495706
7905 -0.4566956980021604
7906 -0.4565557385669082
7907 -0.4566968544030016
7908 -0.4565557293605763
7909 -0.4566962743367477
7910 -0.4565562300151029
7911 -0.456697281274191
7912 -0.456556092722987
7913 -0.4566965874293299
7914 -0.4565564965017349
7915 -0.4566974978359056
7916 -0.4565562743622938
7917 -0.4566967563894666
7918 -0.4565566313347165
7919 -0.4566976363511761
7920 -0.4565564121043393
7921 -0.4566968956379513
