"C_d_NACA_0012_final_30-rfile"
"Iteration" "C_d_NACA_0012_final_30"
("Iteration" "C_d_NACA_0012_final_30")
518 0.008871120813905708
519 0.008871191126703195
520 0.008548537877171428
521 0.008527896548045907
522 0.008534760649557936
523 0.008551013596224608
524 0.008574754691344283
525 0.008593524117047287
526 0.008616630068764218
527 0.008635482311538215
528 0.008651509470174736
529 0.008667751183498757
530 0.008680766495572419
531 0.008692087238452278
532 0.008700420272962806
533 0.008707525061664565
534 0.008715292451363313
535 0.008721918284934084
536 0.008730986334670499
537 0.008737910613670394
538 0.008744474520080217
539 0.008747354256303219
540 0.008750322136940982
541 0.008755480029864586
542 0.008759726276369275
543 0.008760727232712762
544 0.008763356545386954
545 0.008766174311354073
546 0.00876648510163151
547 0.008767109925130369
548 0.008767582907196276
549 0.008767931924720846
550 0.008768182463591389
551 0.008768194713132135
552 0.008768713729975532
553 0.008768467100577946
554 0.0087680937759195
555 0.008767533176672672
556 0.008767607539639564
557 0.008767321693031594
558 0.008767386933832265
559 0.008766813251305005
560 0.008766526990648376
561 0.008765964961133271
562 0.008765973296347906
563 0.008765656074511807
564 0.008765771824648667
565 0.008765455196748706
566 0.008765518250174416
567 0.008765453474633251
568 0.008765521333477043
569 0.008765577297356178
570 0.008765555870285918
571 0.008765620512791393
572 0.008765547721668206
573 0.008765481825646461
574 0.008765504959452289
575 0.008765600803162235
576 0.008765522155018109
577 0.008765495929043902
578 0.008765427139068258
579 0.008765454230050105
580 0.00876576848900391
581 0.00876584901961279
582 0.008766250686049713
583 0.008766296029755432
584 0.008766590426322394
585 0.008766617023354895
586 0.008767075941521603
587 0.008767045052981913
588 0.008767354504314944
589 0.008767259588292192
590 0.008767475653614742
591 0.008767661816273776
592 0.008767875644813364
593 0.008768057862437395
594 0.008768273852728596
595 0.008768395283077603
596 0.008768523520883082
597 0.008768708971968849
598 0.008768808301560911
599 0.008769015715935745
600 0.00876910045812051
601 0.008769241693585589
602 0.008769409123493162
603 0.008769393736313136
604 0.008769643135403854
605 0.008769716549807264
606 0.008769876432734055
607 0.00876979810425815
608 0.008770123506045519
609 0.008770022552482427
610 0.008770399732977833
611 0.008770239046247852
612 0.008770522070767648
613 0.008770400629740055
614 0.008770658827629918
615 0.008770770677433461
616 0.008770853855323819
617 0.00877089823819038
618 0.008770763171595424
619 0.008771024851889174
620 0.008770967631773369
621 0.008771264463558949
622 0.008771076792594763
623 0.0087712729910789
624 0.008770969936782468
625 0.008771270163260098
626 0.008771181316118868
627 0.008771315514738681
628 0.00877132884803539
629 0.008455139482599086
630 0.008464128337170898
631 0.008490327432669134
632 0.008525635597247255
633 0.008566426828806076
634 0.0086005243151806
635 0.008630594042450718
636 0.008655433619689082
637 0.008676865293213912
638 0.008695480568209461
639 0.008711691929609591
640 0.008726308426987933
641 0.008739781731270343
642 0.008751735160998322
643 0.008761461219639152
644 0.008770044936874883
645 0.008778012279077093
646 0.008785121519076344
647 0.008791450652961769
648 0.00879621420063877
649 0.00880027982720539
650 0.00880361330292221
651 0.008806603662692028
652 0.00880882299525651
653 0.008810964122498675
654 0.00881270217113205
655 0.008813515309542955
656 0.008814245489415075
657 0.008814292176371974
658 0.008814507992562663
659 0.008814603740739647
660 0.008814718879119663
661 0.008814617669079785
662 0.008814624609994772
663 0.008814067706487818
664 0.008813829334139364
665 0.008813631614366912
666 0.008813003069821801
667 0.008813019783461095
668 0.008812507298337467
669 0.008812641169485793
670 0.008812259969019846
671 0.008812559131761282
672 0.008812307627141386
673 0.008812759071230547
674 0.008812654843170968
675 0.008812960078871463
676 0.008812815954525073
677 0.008813107118983213
678 0.008813125189363983
679 0.008813148655944153
680 0.008813323628786705
681 0.008813586214998906
682 0.00881397514430507
683 0.008814270541231864
684 0.008814544596979387
685 0.008814770097891346
686 0.008815190834041369
687 0.008815428688036983
688 0.008815755168053413
689 0.008815934351020217
690 0.008815884812566578
691 0.008816162998738296
692 0.008816276962014293
693 0.008816575232833928
694 0.008816582180962656
695 0.00881696262156747
696 0.008817024953619575
697 0.008817548935470357
698 0.008817307165682022
699 0.008817545774620322
700 0.008817462102490202
701 0.008817527177762109
702 0.008817531504839068
703 0.008817600091547521
704 0.008817527712087343
705 0.008817587707383669
706 0.008817443118704889
707 0.0088173526802496
708 0.008817416000444904
709 0.008817169680082906
710 0.008817158476065821
711 0.008817123074174316
712 0.008817134721223804
713 0.008817257269537564
714 0.008817014076032857
715 0.008817142693604065
716 0.008816889306413342
717 0.008816946453592295
718 0.008495380026703017
719 0.008494831407082256
720 0.008520810214117974
721 0.008560351121865359
722 0.008598248432122115
723 0.008630596614258235
724 0.008656179343330909
725 0.008679243032481966
726 0.008697135811034073
727 0.008712732581563187
728 0.008726340052030837
729 0.008738376215602226
730 0.00874883115821181
731 0.008758028055774667
732 0.008766561728770529
733 0.008773481969816754
734 0.008779001606652232
735 0.008783857922719043
736 0.00878836128828735
737 0.008792295428886239
738 0.008794953764661708
739 0.008797205920525446
740 0.008798788351310526
741 0.008799727251724388
742 0.008799914057073978
743 0.008800371515734044
744 0.008799886643661478
745 0.008799510320237144
746 0.008798741486796085
747 0.008798178484605316
748 0.00879701489524526
749 0.008795600717668927
750 0.008794415310501307
751 0.008793032147719053
752 0.008791829254376328
753 0.00879003411210044
754 0.008788489045291592
755 0.008787047694985431
756 0.008785880480131715
757 0.00878456279469491
758 0.008783584004320721
759 0.008782496907837539
760 0.00878168893836717
761 0.008780959780892455
762 0.008780025668307191
763 0.008779634330249352
764 0.008778956499946864
765 0.00877866415461684
766 0.008778074984453346
767 0.00877786367960403
768 0.008777425858381373
769 0.008777442139668343
770 0.008777006796669465
771 0.008777076241237088
772 0.008776863162845101
773 0.00877694730073347
774 0.008776991448287252
775 0.00877691247944801
776 0.00877702093422114
777 0.00877690261090263
778 0.008777028629509638
779 0.008776957204006336
780 0.008776912736844909
781 0.008776823231772727
782 0.008777057125946576
783 0.008776854880856182
784 0.008776843219851808
785 0.008776798046643181
786 0.008776769504883852
787 0.008777037888665436
788 0.008776787346184738
789 0.008777009249833347
790 0.008776769670400029
791 0.008776994391190196
792 0.008776774025544214
793 0.008776919859746648
794 0.008776870647790785
795 0.008777162028594656
796 0.008776780001008259
797 0.008776698808091196
798 0.008533513535532821
799 0.008552525440636286
800 0.008582289748203764
801 0.008619179423683959
802 0.008648880910228588
803 0.008675444899849061
804 0.008694986241900271
805 0.008710021342577312
806 0.008720796415204613
807 0.008730121769131467
808 0.008737213712963286
809 0.008743812176969795
810 0.008749415132129658
811 0.008755051031860061
812 0.008760071451511439
813 0.008765384265505835
814 0.008769428376560884
815 0.008774234009363082
816 0.008778028486646015
817 0.008782968087516028
818 0.008786537357667589
819 0.008790423333411365
820 0.008792811016653581
821 0.008795210551765957
822 0.008796364184573264
823 0.008797558488355343
824 0.008798122707454701
825 0.008799170383754017
826 0.008799217864679812
827 0.008798192298592512
828 0.008797737272298272
829 0.008797728614347631
830 0.008797307408042033
831 0.008796345988323377
832 0.008795646244035383
833 0.008795090204556768
834 0.008795379479240018
835 0.0087952268347836
836 0.008794450761052449
837 0.008794067661240069
838 0.008793084524309299
839 0.008793183920495523
840 0.008792175952976168
841 0.008791872161748357
842 0.008790832703063942
843 0.008790874250733974
844 0.008790057732792664
845 0.008789227950880121
846 0.008788106460270029
847 0.008787852354063133
848 0.0087869231309424
849 0.008786004322849488
850 0.008785344922021951
851 0.008784368151505106
852 0.008784417944429022
853 0.008783472512854763
854 0.0087829591093868
855 0.008782128754875353
856 0.00878200618886117
857 0.00878110557124313
858 0.008780956001988088
859 0.008780559678382569
860 0.008779944677155749
861 0.008779734774421207
862 0.008778955707158051
863 0.008779103645191178
864 0.008778468132852553
865 0.008778508697874176
866 0.008564181776958946
867 0.008618148975879312
868 0.008663696335592979
869 0.008708540940158343
870 0.008741809218827001
871 0.008767642044495469
872 0.00878423922313641
873 0.008795378020172721
874 0.008800870956986964
875 0.008803510547405264
876 0.008804161496704224
877 0.008804174367018278
878 0.008804183781411319
879 0.008803496987896146
880 0.008804414435192393
881 0.008805271969170476
882 0.008807069934729449
883 0.008809297747758406
884 0.008812335524219847
885 0.008815571813965258
886 0.008818197528825147
887 0.008821503142250643
888 0.00882385100156881
889 0.008826999134117197
890 0.008828845922578847
891 0.008830654717534976
892 0.008832322271635449
893 0.00883361160581342
894 0.008835456418985021
895 0.008836689784634227
896 0.008837501917330806
897 0.008838508810378742
898 0.008838970251696485
899 0.008840051616013353
900 0.008840469230160297
901 0.008840623155259599
902 0.008840825839176884
903 0.008840692852840334
904 0.008841019446148866
905 0.008841032365176261
906 0.008840643170898301
907 0.00884055869651407
908 0.008839809216765523
909 0.008839792154177149
910 0.008838997198360454
911 0.00883842525066356
912 0.008837869425917848
913 0.008837291917010126
914 0.008837308058243608
915 0.008836944423274597
916 0.008836369752768884
917 0.008836110404602741
918 0.008835493965221776
919 0.008835533994552502
920 0.00883503876113041
921 0.008834592700894863
922 0.008834256436015413
923 0.008833567315119471
924 0.008833707814690176
925 0.008833336880110799
926 0.008832772961377491
927 0.008832561560700086
928 0.008831763578459904
929 0.00883207754283828
930 0.008831527650814679
931 0.008831257689289955
932 0.008830940581164893
933 0.008830534212936786
934 0.00883076324521764
935 0.008830582706678275
936 0.008830210833229313
937 0.008830288193578954
938 0.008829854566594178
939 0.008830233883140999
940 0.008830041455820149
941 0.008829998502415016
942 0.008830056699768152
943 0.0088296934202868
944 0.008830248000613876
945 0.008830144819303592
946 0.008830175249013719
947 0.008830382219535748
948 0.008830079560609069
949 0.008830812994784403
950 0.008830703518225291
951 0.008830747153887637
952 0.00883083375017283
953 0.008586257900530348
954 0.008654928261374288
955 0.008711660733044854
956 0.008764879459487377
957 0.008805025362630751
958 0.008835948008627888
959 0.008855207063545796
960 0.008867606081132576
961 0.00887276743020423
962 0.008875230657985275
963 0.008873496746612405
964 0.008871700369027145
965 0.008869137997325308
966 0.008868329192325409
967 0.008866825252935528
968 0.008867382289175609
969 0.00886606941832206
970 0.008867055115912159
971 0.00886820157268112
972 0.008870724746595317
973 0.008872329249647233
974 0.008875090475628946
975 0.008877002022744249
976 0.008879337262728614
977 0.008881068172083883
978 0.008883536427605787
979 0.008885099464785856
980 0.008887416801429598
981 0.008888923193658175
982 0.008890749952695258
983 0.008892029940187876
984 0.00889385847159627
985 0.008894954361801303
986 0.008896758704173344
987 0.008897736264614906
988 0.008898877644382091
989 0.008899525512335815
990 0.008900880474422085
991 0.008901171644736463
992 0.008902477153037146
993 0.008903007009911805
994 0.008903813239914394
995 0.008903894810708812
996 0.00890496680050565
997 0.008904670401292933
998 0.008905381129959486
999 0.008905043610464845
1000 0.008905585734392341
1001 0.008905277027082749
1002 0.008905285563450032
1003 0.008905068120035928
1004 0.008905508736005716
1005 0.008905327577974832
1006 0.008905807495556309
1007 0.008905794627388422
1008 0.00890580217265511
1009 0.008905671882719275
1010 0.008906104060266644
1011 0.008905787261531337
1012 0.008906204938335421
1013 0.008905967739261052
1014 0.008906302035939397
1015 0.008905911742436707
1016 0.008906462873529818
1017 0.008906283636560512
1018 0.008906513548853402
1019 0.008906172957041297
1020 0.008906835989694349
1021 0.008906382396464128
1022 0.008907040738097767
1023 0.008906639993432488
1024 0.008907168289958472
1025 0.00890692009330483
1026 0.008907287871886427
1027 0.008907082559716195
1028 0.008907507814887732
1029 0.008907285759473573
1030 0.008907658889371933
1031 0.008907794758455845
1032 0.008908138011601334
1033 0.008908619457764942
1034 0.008908783256240232
1035 0.00890842364916301
1036 0.008908146955229231
1037 0.008908159254849649
1038 0.008908293540299084
1039 0.008908510496564048
1040 0.008908804712810891
1041 0.008908972808443744
1042 0.008909254052673708
1043 0.008909285113378615
1044 0.008909598714454799
1045 0.008909639429982782
1046 0.008909854376628853
1047 0.008909955973604711
1048 0.008910118356334172
1049 0.008910259658998844
1050 0.008910309296636439
1051 0.008910433502088354
1052 0.008910481065234141
1053 0.008910619982047724
1054 0.008910706429100627
1055 0.008583843925932463
1056 0.008622711949958808
1057 0.008665479128257323
1058 0.008710264165026004
1059 0.008748472843156444
1060 0.008779006495840081
1061 0.008804390116740324
1062 0.008828119232248646
1063 0.008846211591953279
1064 0.008860760393943571
1065 0.008872004612806943
1066 0.008880661600349759
1067 0.008888258498296771
1068 0.008895283312029193
1069 0.008902287035400349
1070 0.008907916573263154
1071 0.008911712591104366
1072 0.008916408628607309
1073 0.008919064075071582
1074 0.008922767238526733
1075 0.008924100270258353
1076 0.008927086377104961
1077 0.008928141145085951
1078 0.008929891026322594
1079 0.008931462165869557
1080 0.008932384755197337
1081 0.008932813610255299
1082 0.008933770139544221
1083 0.008933934452232834
1084 0.008933733130626398
1085 0.008932258767209319
1086 0.008932055779999915
1087 0.008931703221923758
1088 0.008931136133798994
1089 0.008930498295409589
1090 0.008928827433637675
1091 0.008928485923770815
1092 0.008927950150492305
1093 0.008926736239973244
1094 0.008926526750345691
1095 0.008926321173631463
1096 0.008925463173020756
1097 0.008924845391029819
1098 0.008924403275417584
1099 0.008924134690672604
1100 0.00892396599803711
1101 0.008923804452375684
1102 0.008923949703960951
1103 0.008924158390576096
1104 0.008924235915479535
1105 0.008924521802047563
1106 0.008924452672784409
1107 0.00892440009394832
1108 0.008924797213448075
1109 0.008924684463254692
1110 0.008925028922790845
1111 0.008924738357226725
1112 0.00892534149494687
1113 0.008925124579557731
1114 0.008925539911437307
1115 0.008925364598809233
1116 0.008925902686691934
1117 0.008925799507703459
1118 0.008926110806275905
1119 0.008926614568205224
1120 0.00892677634368318
1121 0.008926503291526019
1122 0.008926925280970444
1123 0.008926664096126864
1124 0.008927168785298905
1125 0.008926896068788024
1126 0.00892736238387779
1127 0.008927615757024344
1128 0.008927240327421652
1129 0.008927079666057606
1130 0.00892698692082031
1131 0.008926779429788633
1132 0.008926883514354464
1133 0.008926707176161406
1134 0.008927231928244779
1135 0.008926696564261935
1136 0.008926804729815925
1137 0.008927021575479709
1138 0.008927399282497916
1139 0.008927367850407566
1140 0.008927533498315408
1141 0.008927602172775497
1142 0.008927693365552554
1143 0.008927362790765767
1144 0.008927483553944222
1145 0.008927670161387895
1146 0.008927429793530606
1147 0.008927715762414246
1148 0.008927518974595199
1149 0.008927655975034378
1150 0.008927661490020465
1151 0.008570432409183197
1152 0.008611793979981085
1153 0.008665875113020098
1154 0.008719505397518954
1155 0.008773172928304703
1156 0.00881836749475259
1157 0.008856906085603569
1158 0.008888934467075719
1159 0.008915144934713006
1160 0.008936675756727587
1161 0.00895315833301673
1162 0.008967759987976966
1163 0.008979386139421407
1164 0.008990605913773781
1165 0.008998092815480536
1166 0.009005440732667158
1167 0.009011070754243166
1168 0.009015756926022829
1169 0.009018444246063946
1170 0.009020124182806072
1171 0.009020448844363694
1172 0.009019940159872186
1173 0.009019435076802276
1174 0.009017108726543696
1175 0.009014361994998462
1176 0.009011134188130245
1177 0.009007637189132616
1178 0.009003813681207911
1179 0.008999879405248533
1180 0.008996448320422235
1181 0.008992541624412313
1182 0.008988952971869059
1183 0.008985116358308263
1184 0.008981807127885738
1185 0.008978507476489109
1186 0.008975497179720963
1187 0.008972410214977159
1188 0.008969745694075441
1189 0.008967152692558725
1190 0.00896500508355532
1191 0.008963062280502698
1192 0.008961432592659375
1193 0.00895988222877845
1194 0.008959016000117528
1195 0.008957424739112688
1196 0.008956360186451346
1197 0.008955409965549194
1198 0.008955144860418028
1199 0.008955016281844148
1200 0.00895462478777247
1201 0.008954323932233235
1202 0.008953894155148297
1203 0.00895385025866509
1204 0.008953868610394248
1205 0.008954165421048935
1206 0.008954442814311969
1207 0.008954710242287518
1208 0.008954982177100904
1209 0.008955268027984777
1210 0.008955711300259975
1211 0.008956159076969157
1212 0.008956601456421836
1213 0.008956967907159233
1214 0.008957359405632572
1215 0.008957607430942281
1216 0.008957939656086036
1217 0.008958090415506872
1218 0.008958139446452905
1219 0.00895796399428127
1220 0.008958019581576437
1221 0.008957969043473048
1222 0.008958200786290709
1223 0.008958184938493092
1224 0.008958073849019277
1225 0.008958097722938145
1226 0.008957978222001291
1227 0.008958005073579982
1228 0.008957954496137869
1229 0.008958167286462001
1230 0.008957962535239578
1231 0.008958109080524048
1232 0.008958019976046585
1233 0.008621476007912935
1234 0.008669897600217078
1235 0.008728262284590291
1236 0.008785471281522003
1237 0.008837889924787642
1238 0.008881149002168421
1239 0.008915438331980115
1240 0.008943316342076648
1241 0.008967309671212533
1242 0.008987672801681466
1243 0.009004574870201228
1244 0.009020347512514076
1245 0.009031984218959404
1246 0.009043977808886734
1247 0.009053762888618474
1248 0.009062971483319845
1249 0.009069733159582977
1250 0.009076282136433486
1251 0.009079405378777087
1252 0.009082155488645008
1253 0.009083942832049665
1254 0.009085428814679209
1255 0.009084838038546136
1256 0.009083055529959357
1257 0.009079765754320721
1258 0.009073999934669367
1259 0.009068354712625945
1260 0.009063145359121958
1261 0.009058300536902904
1262 0.00905394021861311
1263 0.009048714295797778
1264 0.009043501241387416
1265 0.009038589908883938
1266 0.009033605013066893
1267 0.009029105714915756
1268 0.009024874716943998
1269 0.009020042877064295
1270 0.009016050261080211
1271 0.009012419700566704
1272 0.009009088532319954
1273 0.009006083463317952
1274 0.009003492732098205
1275 0.009000713002233955
1276 0.008998336667250721
1277 0.008995670600619423
1278 0.008994045883520665
1279 0.008991676747742934
1280 0.008990800136895372
1281 0.008989185303779233
1282 0.00898831726108131
1283 0.008987299892697476
1284 0.008986908200359481
1285 0.008986722094638612
1286 0.008986297073573599
1287 0.008986376740114023
1288 0.008986076076424399
1289 0.008986404210241728
1290 0.008986383602887022
1291 0.008986854634314352
1292 0.008987131308867233
1293 0.008987815465742019
1294 0.008988266800278371
1295 0.008989101861910315
1296 0.008989853248558105
1297 0.008990273494863369
1298 0.00899113060304566
1299 0.008991522484232092
1300 0.008992606674155898
1301 0.008992763224132382
1302 0.008993872278675629
1303 0.008993867973104709
1304 0.008995039210876792
1305 0.008995157199396597
1306 0.008996004796116489
1307 0.008996159539863208
1308 0.008996908917641315
1309 0.008997129963932645
1310 0.008997742061740437
1311 0.008998073031954084
1312 0.008998254070544947
1313 0.008998887762685426
1314 0.008998868582915256
1315 0.008999469521081755
1316 0.008999264407295687
1317 0.008999774624136796
1318 0.008999682983032825
1319 0.009000232142025683
1320 0.009000028186304944
1321 0.008999884724061583
1322 0.008999770216103703
1323 0.009000114817832089
1324 0.008999971335607294
1325 0.009000182802472603
1326 0.009000470239128181
1327 0.009000410438142266
1328 0.009000746720372967
1329 0.009000037643673922
1330 0.009000607799265314
1331 0.009000093829144495
1332 0.009000489024739806
1333 0.009000002380300456
1334 0.009000312644700458
1335 0.008999877246813696
1336 0.009000103661748299
1337 0.008999762703743164
1338 0.008999934408655392
1339 0.008999739092494276
1340 0.008999594882227421
1341 0.008999687545949146
1342 0.008999497579707874
1343 0.008999718108087537
1344 0.008999238968505885
1345 0.008999565502903036
1346 0.008998978056934802
1347 0.008999189086546601
1348 0.008998921141562104
1349 0.008998704582183499
1350 0.008998715733793012
1351 0.008792706227422722
1352 0.008832050682098448
1353 0.00887026101763248
1354 0.008910934472808423
1355 0.008935529025891311
1356 0.00895902827857342
1357 0.008974920981514489
1358 0.008987687179661988
1359 0.008997132849688469
1360 0.009003822790193806
1361 0.009010892018149868
1362 0.009016975368964182
1363 0.009024808395625849
1364 0.009029680426393781
1365 0.009037349369375435
1366 0.009041205763691886
1367 0.009048081506332109
1368 0.009050565483519563
1369 0.009054306182941486
1370 0.009057927026900366
1371 0.009062327248227781
1372 0.009063442835924541
1373 0.009064968478974875
1374 0.009064785699474267
1375 0.009063263843228043
1376 0.009060051493405471
1377 0.009058804657689852
1378 0.009055806011714101
1379 0.009055740973307106
1380 0.009051562081388685
1381 0.009049318074906875
1382 0.009047094909035895
1383 0.00904534442923305
1384 0.009040640153758113
1385 0.009037602455830723
1386 0.009034923205513405
1387 0.00903146025549181
1388 0.009028644588887231
1389 0.009026602869278314
1390 0.009022415534418092
1391 0.009019149572794441
1392 0.00901454429717204
1393 0.009011939447257528
1394 0.009009716319120151
1395 0.009008455066997016
1396 0.009005163079052775
1397 0.009003412324845163
1398 0.009001804722700497
1399 0.009001096895564263
1400 0.00899937237878592
1401 0.008998225209473472
1402 0.00899606979529982
1403 0.008995479890775643
1404 0.008993848194394216
1405 0.00899413424932565
1406 0.008992401713388873
1407 0.008991806496039706
1408 0.008989648120322579
1409 0.0089898852281338
1410 0.008988890635114958
1411 0.008989311613462718
1412 0.008988296853511468
1413 0.008988982204705738
1414 0.008987773533430226
1415 0.008988396931097915
1416 0.008987327781541392
1417 0.008988258832121726
1418 0.008988094274105072
1419 0.008988155614679793
1420 0.008987841495156051
1421 0.008988514357482066
1422 0.008988063516100065
1423 0.008989249041572361
1424 0.008988541056701506
1425 0.008990012884047251
1426 0.008989606169524118
1427 0.00899083757622288
1428 0.008990294331895366
1429 0.008991927220494153
1430 0.008991870119741407
1431 0.008992634331997717
1432 0.008992069714002369
1433 0.008993466202999966
1434 0.008993348061536944
1435 0.008994889135615964
1436 0.008994626848436157
1437 0.008996349061671826
1438 0.008995973740595737
1439 0.008997462827834942
1440 0.008996830020253165
1441 0.008997986208802791
1442 0.008998140093451429
1443 0.00899866947315159
1444 0.008998366821259604
1445 0.008999386237726649
1446 0.008999443707462144
1447 0.008999985617102271
1448 0.008999605163180902
1449 0.00900040877818179
1450 0.009000091181419418
1451 0.009000439268610116
1452 0.008999772114325354
1453 0.009000311612573074
1454 0.009000016473214094
1455 0.009000244581604505
1456 0.008999315649125005
1457 0.009000389121553114
1458 0.008999469678446193
1459 0.009000002572737368
1460 0.008998972817533134
1461 0.008999803556533563
1462 0.008998903240848446
1463 0.00899960899174479
1464 0.008998623819629818
1465 0.008999424221416559
1466 0.008998671253735506
1467 0.00899937405900258
1468 0.008998668453572849
1469 0.008999444807172465
1470 0.00899882777326577
1471 0.008999076098714375
1472 0.008998372903609208
1473 0.008998964743118809
1474 0.008998269701220311
1475 0.008998747421485116
1476 0.008997740420676104
1477 0.008998496709791137
1478 0.008997791747716212
1479 0.008998003487640641
1480 0.008997180657406612
1481 0.00899789051323093
1482 0.008997106719366847
1483 0.008997837429736096
1484 0.008996724016524727
1485 0.008997721940947796
1486 0.008996591955776241
1487 0.008997385548355927
1488 0.008996123405683006
1489 0.008997129645609888
1490 0.008996144184504463
1491 0.008996839743839039
1492 0.008995859935117083
1493 0.008996669578208206
1494 0.008995810739188962
1495 0.008996412656911153
1496 0.008995711565523827
1497 0.008996301482474312
1498 0.00899576084356527
1499 0.008996007494750454
1500 0.008995431584295915
1501 0.008995843931264576
1502 0.008995393067593846
1503 0.008995735026524643
1504 0.008995176102569695
1505 0.008995830915962674
1506 0.008995290006057016
1507 0.008995808237762455
1508 0.008995154115318364
1509 0.008995958519363504
1510 0.008995433711626245
1511 0.008995966481233974
1512 0.00899507283399404
1513 0.00899605827374983
1514 0.008995333473703184
1515 0.008995750965720292
1516 0.008995111763806074
1517 0.008995902143436731
1518 0.008995260278749731
1519 0.008995918016716257
1520 0.00899519293219527
1521 0.008995931771392372
1522 0.008995358560551963
1523 0.008995864975432338
1524 0.008995294015692819
1525 0.008995890068597211
1526 0.008995492780506324
1527 0.008995856300156934
1528 0.00899526467811842
1529 0.008995751115572648
1530 0.008995347809325436
1531 0.008995716895519394
1532 0.008995211207751166
1533 0.008995857484028107
1534 0.008995431618949416
1535 0.008995950638476273
1536 0.008995381668552889
1537 0.008996205123957934
1538 0.008995561271853992
1539 0.008996432899811958
1540 0.008995256435194868
1541 0.008996581581776851
1542 0.008995410414957614
1543 0.008996255447373876
1544 0.008995279224170236
1545 0.008996463946291618
1546 0.008995478311842832
1547 0.008996240606120705
1548 0.00899543369588217
1549 0.008996485838621301
1550 0.008995726438630693
1551 0.00899636453693266
1552 0.008995688818301229
1553 0.008996427496461833
1554 0.008996031288733984
1555 0.008996291894446467
1556 0.008995651586513583
1557 0.008996270891695727
1558 0.008996012282327307
1559 0.008996188254492192
1560 0.008995582495374597
1561 0.008996318733851332
1562 0.008996141297603127
1563 0.008996349339995734
1564 0.008995759767205623
1565 0.008996710672368596
1566 0.008996023871450782
1567 0.008996715805379904
1568 0.008995775711515929
1569 0.008996743682381807
1570 0.008996066948284059
1571 0.008996553732645489
1572 0.008995756663051406
1573 0.008996637853650291
1574 0.008996029596642755
1575 0.008996679741046999
1576 0.008995983831971215
1577 0.008996708692671026
1578 0.008996241883980915
1579 0.008996598378818636
1580 0.008996112980364769
1581 0.00899647328008024
1582 0.00899625365438886
1583 0.008996320690068255
1584 0.008865969886884827
1585 0.008931167497960161
1586 0.008970013989481527
1587 0.009008368349539777
1588 0.009029639774624053
1589 0.00904618718818734
1590 0.009055010478378181
1591 0.009061635554664688
1592 0.009064636880442669
1593 0.009068843909743675
1594 0.009069773258024305
1595 0.009071371703174109
1596 0.009072994953406657
1597 0.009074832588057705
1598 0.009077217274484474
1599 0.009079192586424898
1600 0.009081848574951826
1601 0.009084426597600833
1602 0.00908681538501736
1603 0.009089250272084789
1604 0.009091185762130673
1605 0.009092768964118564
1606 0.009094090875871675
1607 0.00909768684023911
1608 0.009098399850137762
1609 0.009099953762063804
1610 0.009099124376838741
1611 0.009099737497060981
1612 0.009097769292991992
1613 0.009098312743215846
1614 0.009095793620076044
1615 0.009095160269594267
1616 0.009094158250740204
1617 0.009091256541014649
1618 0.009089955197796857
1619 0.009088606763073005
1620 0.009084450695560653
1621 0.009082859181486297
1622 0.009080404432530664
1623 0.009078027066108033
1624 0.009074593910318691
1625 0.009072330192490928
1626 0.009069444533174133
1627 0.009067519680942319
1628 0.009064832247552416
1629 0.0090632608866557
1630 0.009061717634898769
1631 0.009059284981900133
1632 0.009057320979407427
1633 0.009055412652560421
1634 0.009054508074809597
1635 0.00905353077833447
1636 0.009053320777140637
1637 0.009052114905435522
1638 0.009051225180490599
1639 0.009051068088051008
1640 0.009050848497795872
1641 0.009050859460799452
1642 0.009050194341367829
1643 0.009050102080682076
1644 0.009049468657464683
1645 0.009049112668294097
1646 0.009049146496391859
1647 0.009048800281203986
1648 0.009048646278255574
1649 0.009048964998081437
1650 0.009048988946368065
1651 0.009048831360130679
1652 0.009049126446660269
1653 0.009049217839571529
1654 0.009050288568100889
1655 0.009050723330404341
1656 0.009051572573410844
1657 0.009052014777361209
1658 0.009052790906234915
1659 0.00905332512430093
1660 0.009054270326485779
1661 0.009054712316388902
1662 0.009055536845593893
1663 0.009055794952966182
1664 0.009056443826548773
1665 0.009056951421145175
1666 0.009057456797722702
1667 0.009057624081604081
1668 0.009057533111105161
1669 0.009058149563743746
1670 0.009058530829967137
1671 0.009058869655346488
1672 0.009058868798539356
1673 0.008819029731317485
1674 0.008908845110102674
1675 0.008968196463252099
1676 0.00902312312977702
1677 0.009061627689898599
1678 0.00909465047854899
1679 0.009114913136087774
1680 0.009127698128131939
1681 0.009138536602627916
1682 0.009145691199803159
1683 0.009148546799163618
1684 0.009153930512201622
1685 0.009156338794495495
1686 0.009159973379403667
1687 0.009166860077942367
1688 0.009173139936256661
1689 0.009177063841596155
1690 0.009183654004985253
1691 0.00918793465180226
1692 0.009192583599408428
1693 0.009196298508939481
1694 0.009202382044725999
1695 0.009208061538179782
1696 0.00921106601691821
1697 0.009216115264023567
1698 0.009218868312242898
1699 0.009222007713063328
1700 0.009226242643637502
1701 0.009230124534444556
1702 0.009233425807117383
1703 0.009234285705366212
1704 0.009236901099712359
1705 0.009239470199779134
1706 0.009240893677086796
1707 0.009240961979342408
1708 0.009241228025908549
1709 0.009242904833833906
1710 0.009242892521378068
1711 0.009244585266397961
1712 0.009243844888155552
1713 0.009245146288234779
1714 0.009244986413260849
1715 0.00924613346917749
1716 0.009245993216517635
1717 0.00924660017583042
1718 0.009247127807402389
1719 0.009248010925203699
1720 0.009248485950334267
1721 0.009247958602175832
1722 0.009247972703253672
1723 0.009248814643399583
1724 0.009248668746288973
1725 0.009248849485479424
1726 0.009249623601124348
1727 0.009249472238291733
1728 0.009248834055898268
1729 0.009248428280609363
1730 0.009248838213230847
1731 0.009247089545764805
1732 0.009247299271595203
1733 0.009246914027761108
1734 0.009247026839626037
1735 0.009246787912786682
1736 0.009246285673184123
1737 0.009246456988282399
1738 0.009246989070631232
1739 0.009246543241444334
1740 0.009247200060529013
1741 0.009247315785814074
1742 0.009247623820955439
1743 0.009248455410664883
1744 0.009249141794001783
1745 0.009249917929235815
1746 0.009250377624703193
1747 0.009250432795116691
1748 0.009250668514652248
1749 0.009250989648123159
1750 0.009251456283251958
1751 0.009252189519071689
1752 0.009252683729361727
1753 0.009253017181933705
1754 0.009253747664203876
1755 0.009254149188293053
1756 0.00925520531113126
1757 0.009255459926756478
1758 0.009256431601345157
1759 0.009256710681384178
1760 0.009257202890047974
1761 0.00925734900981281
1762 0.009258164077471013
1763 0.009258225335214953
1764 0.009258851436332694
1765 0.009259129207738871
1766 0.009259641133721127
1767 0.009259594946193274
1768 0.008876384117995658
1769 0.008889085143845609
1770 0.008915912316993639
1771 0.008945940467468298
1772 0.008981795749137347
1773 0.009011504692457154
1774 0.009040464510401159
1775 0.009063247258072215
1776 0.009084509061145217
1777 0.009101243450753178
1778 0.009116793225228414
1779 0.009130213308011776
1780 0.009142701970027631
1781 0.009154006250736566
1782 0.009163930634749112
1783 0.009172402260524804
1784 0.00918052434615297
1785 0.009186165842037491
1786 0.009191306832135628
1787 0.009195840768315155
1788 0.009199451168403063
1789 0.009202641418725448
1790 0.009204484780356816
1791 0.009206139695766034
1792 0.009207449514172671
1793 0.00920851151492994
1794 0.009208928512096393
1795 0.009209312320544685
1796 0.009209077995645956
1797 0.009208870859749883
1798 0.009208161530281546
1799 0.00920745645347916
1800 0.009205862632699933
1801 0.009204845919533236
1802 0.009203848824888602
1803 0.009202833319656984
1804 0.009201732318989105
1805 0.009200657554912502
1806 0.009199815672699839
1807 0.009198790480940596
1808 0.009197950441230437
1809 0.009196757754862808
1810 0.009196119134977882
1811 0.009195384328170396
1812 0.009194824918240592
1813 0.009194599358073163
1814 0.009194028119401966
1815 0.009193595822515548
1816 0.009193327069914763
1817 0.009193217812934298
1818 0.009193125992845429
1819 0.009193046489670741
1820 0.009192826662289221
1821 0.00919298044228384
1822 0.009192810775610715
1823 0.009192935867698119
1824 0.009192399979576478
1825 0.009192451128600329
1826 0.009191941222559839
1827 0.009192311903076775
1828 0.009192166332150422
1829 0.009192298996047805
1830 0.009192031307106741
1831 0.009192420409681356
1832 0.009192327354598507
1833 0.009192515550078538
1834 0.009192637110555681
1835 0.009192749549105358
1836 0.009192771437460103
1837 0.009192655811853054
1838 0.009192857662370121
1839 0.009192813410485128
1840 0.009192785270294134
1841 0.009192800371773491
1842 0.009192679734956312
1843 0.009192570823413709
1844 0.009192481735342125
1845 0.009192208623894454
1846 0.009191890482553046
1847 0.009191998152216309
1848 0.009191643381472762
1849 0.009191910986178624
1850 0.009191664362524261
1851 0.009191997780808425
1852 0.009191728490054804
1853 0.009192459231688516
1854 0.009192198027376241
1855 0.009192612716446731
1856 0.00919245854800041
1857 0.009192693521937113
1858 0.009192426641212018
1859 0.009192608087557765
1860 0.009192592078822923
1861 0.009192725730137272
1862 0.009192767196662245
1863 0.009192824787901266
1864 0.009192963140185785
1865 0.009192869742825622
1866 0.009193043155801398
1867 0.009193281437698327
1868 0.009193489038288961
1869 0.009193547871480762
1870 0.009193690466370601
1871 0.009193916633056689
1872 0.009194182457366942
1873 0.009194421943714774
1874 0.009194511165370855
1875 0.008851746564664632
1876 0.008881126125082324
1877 0.008918231454328155
1878 0.008958599381238197
1879 0.008998906298521306
1880 0.009035478054384564
1881 0.009070984310247023
1882 0.00910025936532209
1883 0.009127254948236888
1884 0.009149162486147682
1885 0.009168851420634895
1886 0.009187388638423161
1887 0.009201810611038704
1888 0.009214418492152843
1889 0.009226024048117561
1890 0.009235604838515866
1891 0.009241956375353848
1892 0.00924880902909268
1893 0.009253567205169002
1894 0.009256331961885744
1895 0.009258827377433672
1896 0.009258744159279185
1897 0.009258212204254657
1898 0.009256660350999714
1899 0.00925503254453836
1900 0.009252087221836739
1901 0.009249333705942739
1902 0.009244907362984254
1903 0.009241300505195066
1904 0.009236775335679986
1905 0.009232802536332007
1906 0.009227953078217069
1907 0.009224584321230496
1908 0.009219447680809607
1909 0.009215543626587221
1910 0.009211893255229446
1911 0.009208571127131009
1912 0.009205122531493054
1913 0.009202847403067383
1914 0.009200027371565913
1915 0.009197766628184919
1916 0.009196073780618968
1917 0.009194014577657375
1918 0.009192324864578983
1919 0.009190926368998887
1920 0.009189832272518145
1921 0.009188339613521572
1922 0.009187628259484311
1923 0.009186564977788641
1924 0.009185888234453814
1925 0.009185908609365198
1926 0.009185268730393671
1927 0.009184902181330661
1928 0.009184837112510334
1929 0.009184964116228678
1930 0.009184486116456198
1931 0.009185089896324824
1932 0.009184542550785385
1933 0.009185327992128504
1934 0.009185410739552587
1935 0.009186071255362123
1936 0.009186245833677402
1937 0.009187215166059382
1938 0.009187090868260738
1939 0.009187613212435797
1940 0.009188374137672355
1941 0.009188671657959073
1942 0.009188958450003656
1943 0.009189644320472147
1944 0.009189828854798755
1945 0.009190032866355407
1946 0.00919067603699867
1947 0.009190478548195321
1948 0.009191330414510731
1949 0.009191293549472884
1950 0.009191739569870027
1951 0.009191994746381719
1952 0.009192146239967176
1953 0.009192408673625287
1954 0.009192394609820215
1955 0.009192989621169828
1956 0.009192586576682172
1957 0.009192960962246033
1958 0.009193044180721812
1959 0.00919316188012915
1960 0.009192665563699604
1961 0.009193374092221913
1962 0.009192762578714495
1963 0.009193285456805382
1964 0.009192765827700216
1965 0.009193092348547253
1966 0.009193012468319148
1967 0.00919284968221537
1968 0.009192998936623901
1969 0.009193108595721811
1970 0.009192939543789979
1971 0.009192937275103973
1972 0.008881691780881348
1973 0.008918543667196887
1974 0.008964653413000862
1975 0.009021688930844013
1976 0.009071456977810883
1977 0.00911180310966354
1978 0.009146467934950961
1979 0.009175158556544352
1980 0.009199327175347206
1981 0.009218308307662158
1982 0.009235904903669948
1983 0.009251785602713915
1984 0.009265264573184983
1985 0.009277988477889758
1986 0.009288534377122492
1987 0.00929878096192713
1988 0.009306075034176679
1989 0.009312557540163798
1990 0.009316575807924121
1991 0.009319498526868565
1992 0.00932191216841231
1993 0.009323071138560065
1994 0.009322458707160823
1995 0.009321000486254959
1996 0.009317861430045997
1997 0.00931391662839654
1998 0.009308624921837223
1999 0.009303486998494728
2000 0.009297753346207931
2001 0.009291672729613155
2002 0.009285638791355601
2003 0.009279013065420593
2004 0.009273473496154504
2005 0.009267806120611873
2006 0.009262033855799852
2007 0.009256532408815382
2008 0.009250964959234281
2009 0.009245550230347689
2010 0.00923992917851695
2011 0.009235087317949106
2012 0.00923020888809664
2013 0.009226281426275783
2014 0.009221882693367241
2015 0.009218678902142364
2016 0.009215477171975212
2017 0.009213204372070859
2018 0.009210730139044398
2019 0.009209609300131261
2020 0.009207739083144087
2021 0.00920690003431985
2022 0.00920561871145209
2023 0.009205291907668443
2024 0.009205555388105378
2025 0.009205908336536036
2026 0.009206113861531024
2027 0.00920650307381952
2028 0.00920667240388587
2029 0.009207038923958941
2030 0.009207339433834878
2031 0.009207907009804421
2032 0.009208620909938686
2033 0.009209073636823857
2034 0.009209958576579908
2035 0.009210810705776564
2036 0.009211549096337613
2037 0.009212654165702685
2038 0.00921353184001609
2039 0.009214257089917107
2040 0.009214914030824679
2041 0.009215774065167919
2042 0.009215608305293076
2043 0.009216425137502921
2044 0.009216703617835583
2045 0.009218016371616839
2046 0.009218165696892419
2047 0.009219208338050433
2048 0.009219737736273589
2049 0.009220732821783262
2050 0.009221321388028341
2051 0.009222284702514896
2052 0.009222668053773775
2053 0.009223528756442667
2054 0.009224074117315116
2055 0.009224439085142134
2056 0.00922502418805983
2057 0.009225387202296487
2058 0.009225836062970312
2059 0.009226113290917711
2060 0.009226609825090201
2061 0.009226558798695526
2062 0.009227198189197813
2063 0.009227220184721831
2064 0.009227442845622871
2065 0.009227473496676719
2066 0.009227670860775883
2067 0.009227734185048271
2068 0.009227699480507733
2069 0.009227583290578083
2070 0.00922744780027859
2071 0.00922763207739136
2072 0.009227046467414093
2073 0.009227412412579829
2074 0.009226728644522633
2075 0.009226839808246229
2076 0.009226151958279411
2077 0.009226402336720301
2078 0.009225898805417165
2079 0.009225782819216015
2080 0.00922529878565093
2081 0.0092253310344232
2082 0.009054974075353791
2083 0.009079083776133987
2084 0.009099086144189106
2085 0.009123709265575146
2086 0.009141065655220723
2087 0.009158126983846073
2088 0.009168217103178769
2089 0.009175946188736904
2090 0.009182877611344386
2091 0.009188782272242492
2092 0.009195370063981181
2093 0.00920263726929892
2094 0.00920893575267853
2095 0.009214501695427238
2096 0.009222375136468825
2097 0.009227970020155737
2098 0.009233400316591511
2099 0.009238053985797478
2100 0.009244210627865176
2101 0.009248850911560146
2102 0.009252414917541594
2103 0.009252553090133587
2104 0.009252860402978869
2105 0.009253396327697536
2106 0.009255038813949283
2107 0.009256671413056781
2108 0.009254824794912062
2109 0.009256198047567877
2110 0.009254629829044406
2111 0.009252530780536013
2112 0.009249650752969778
2113 0.009248672342958092
2114 0.00924567972947624
2115 0.009242989515396727
2116 0.009240781620559286
2117 0.009237139038393349
2118 0.009236053054046414
2119 0.009233793791411168
2120 0.009230385745305155
2121 0.009228234106054846
2122 0.009225107804119045
2123 0.009221728573770177
2124 0.00921870972099338
2125 0.009217123971067689
2126 0.009214187676276244
2127 0.009212289168513504
2128 0.009209344677757643
2129 0.009207767021588115
2130 0.009204661068235056
2131 0.009203149042620696
2132 0.009200437223314107
2133 0.009199500512481194
2134 0.009197769447765241
2135 0.009197746175478659
2136 0.009196006249637682
2137 0.009196129569351837
2138 0.009194424199728893
2139 0.00919444381869536
2140 0.0091928026872274
2141 0.009192937740180629
2142 0.009191654325445291
2143 0.00919099985152442
2144 0.009190580785699481
2145 0.009191003673257161
2146 0.009190443537805761
2147 0.009190666469304691
2148 0.00919070595651379
2149 0.009190289438660879
2150 0.009190763734687078
2151 0.00919038453366757
2152 0.009190496532631194
2153 0.009191210961076094
2154 0.009191140384712675
2155 0.009191801045892895
2156 0.00919145233167749
2157 0.00919222420891842
2158 0.009192628125000905
2159 0.009193205244658326
2160 0.009192622214472422
2161 0.009193526283586006
2162 0.009193838822413631
2163 0.00919382331571935
2164 0.009193975051937977
2165 0.009194842790868355
2166 0.009194700096307087
2167 0.009195134362416561
2168 0.009195871295425522
2169 0.009196391325254518
2170 0.009196682487544258
2171 0.009197186378527301
2172 0.009197437081418658
2173 0.009197188050310126
2174 0.009197903283066274
2175 0.009198266776600298
2176 0.009198308122974808
2177 0.009198305056472214
2178 0.009198665983765363
2179 0.00919894359761228
2180 0.009199088402653535
2181 0.009199244096822571
2182 0.009199625598288699
2183 0.009199531288231798
2184 0.009199701598300657
2185 0.009199860614717279
2186 0.009199499099192442
2187 0.009199608765110898
2188 0.009199717644058438
2189 0.009199787547587173
2190 0.009199326337138325
2191 0.009199391356543145
2192 0.009199164469438505
2193 0.009199017063940407
2194 0.009198808125665078
2195 0.009198931830469926
2196 0.009198568901205986
2197 0.009198318898565571
2198 0.00919818594881092
2199 0.009197953675032441
2200 0.009197968405780126
2201 0.009048680281765755
2202 0.00912530271288047
2203 0.009171985842360923
2204 0.009208059534737106
2205 0.009229916777689787
2206 0.009251574075738251
2207 0.0092610594445866
2208 0.009268067626260446
2209 0.009273092776138752
2210 0.009278889404138738
2211 0.009283819494254322
2212 0.009287323592670241
2213 0.009287967958317125
2214 0.009289423346659222
2215 0.009292418032081872
2216 0.009295801324741049
2217 0.00929948308938788
2218 0.009303145597254708
2219 0.009305844247216479
2220 0.009308564631595172
2221 0.009311897461883352
2222 0.009313448586505563
2223 0.009315152278515476
2224 0.009315750975130366
2225 0.009316358177983101
2226 0.009315961349518911
2227 0.009316678317965468
2228 0.009316665063674505
2229 0.009313893340474458
2230 0.009312628689231304
2231 0.009309875379926573
2232 0.009307797479937997
2233 0.00930617574637509
2234 0.009305680383490045
2235 0.009304889201147502
2236 0.009303690381872839
2237 0.009301797792582328
2238 0.00929919041868171
2239 0.009297293279003712
2240 0.009296878340747152
2241 0.009294951297103296
2242 0.009294009740057153
2243 0.009292764596443875
2244 0.009291249149593369
2245 0.009289915338626574
2246 0.009288262393665304
2247 0.009287413589634934
2248 0.00928634124863102
2249 0.009285639230583852
2250 0.009284173877968599
2251 0.009284057921065321
2252 0.009283306510515796
2253 0.009282202334791368
2254 0.009282421892374333
2255 0.009282273621481313
2256 0.009281902758667897
2257 0.009281403858235678
2258 0.00928126077707191
2259 0.009280804614947007
2260 0.009280468194784609
2261 0.009281881864467703
2262 0.009281968147668242
2263 0.009282715665771128
2264 0.009282390040931185
2265 0.009282782640413328
2266 0.009282624802678567
2267 0.009283069662489707
2268 0.009283308473971196
2269 0.009283742082613341
2270 0.009283924927017904
2271 0.009284683156228468
2272 0.009285691370846706
2273 0.009286317509965438
2274 0.009286247590414357
2275 0.009287210058414382
2276 0.009287616686615012
2277 0.009287761199015346
2278 0.009288393955399229
2279 0.009288721171399216
2280 0.009289004478292312
2281 0.009289509519048163
2282 0.009289555326855761
2283 0.009289846331750701
2284 0.009290426401013489
2285 0.009290745069069019
2286 0.009290735488414184
2287 0.009291574693204529
2288 0.009291705144467125
2289 0.00929176720409779
2290 0.009291733922317634
2291 0.009025779146427782
2292 0.009107168352989812
2293 0.009155892820548024
2294 0.009205265256430945
2295 0.009243286814149649
2296 0.009275091383596451
2297 0.009298987662651633
2298 0.009315193306345924
2299 0.009331614490821637
2300 0.009342943779818647
2301 0.009352018410194059
2302 0.009358136023591002
2303 0.009367032911729129
2304 0.009375020653884632
2305 0.009382606454455707
2306 0.009389119917439853
2307 0.009393962749516097
2308 0.009401072108540841
2309 0.009405820161300645
2310 0.009410082380647947
2311 0.009416280540361265
2312 0.009421229541007997
2313 0.009424026673381766
2314 0.009426644385358804
2315 0.009429877228744082
2316 0.009434460338291126
2317 0.009437011704524625
2318 0.009440674265147756
2319 0.009442663322580007
2320 0.009444502806223637
2321 0.009445556600871499
2322 0.009446586257215559
2323 0.009448527545818803
2324 0.009450903536797693
2325 0.009453108562496496
2326 0.009455055425230235
2327 0.009455372898111129
2328 0.00945706698874438
2329 0.009457240451334075
2330 0.009456800148885195
2331 0.009458732723365204
2332 0.009458796754839441
2333 0.009460025001026851
2334 0.00945937139549956
2335 0.009459335037190328
2336 0.009458331885366785
2337 0.009459006303141594
2338 0.009458326157439759
2339 0.009459195323425295
2340 0.009458829077822219
2341 0.009459699179682205
2342 0.009459859785362812
2343 0.009460576056136307
2344 0.009460021919638077
2345 0.009460361106524933
2346 0.00946030740919835
2347 0.009460651082997809
2348 0.009459837014351208
2349 0.009459995104144074
2350 0.009459732325053939
2351 0.009460537300914673
2352 0.009460385531310339
2353 0.009460859143665491
2354 0.009461065008506844
2355 0.009461393299278979
2356 0.009461448178021395
2357 0.009461955537917453
2358 0.009461865484912468
2359 0.0094625049851486
2360 0.009462358220922749
2361 0.009463267410971593
2362 0.009463367340280884
2363 0.009463980748602573
2364 0.009463795804325286
2365 0.009464314164135994
2366 0.00946455103615499
2367 0.009465409091030514
2368 0.009465278411638451
2369 0.009466323641977529
2370 0.009466232519744492
2371 0.009467488440300409
2372 0.009467696750477853
2373 0.009468470028479038
2374 0.00946866921216198
2375 0.009469291389649342
2376 0.009469710066241529
2377 0.009470574279873219
2378 0.009470665715890385
2379 0.009471343875329408
2380 0.009471128254201809
2381 0.009471927742809857
2382 0.009472091962757117
2383 0.009472287755306258
2384 0.009472393636811544
2385 0.00947264272721531
2386 0.009472699481549765
2387 0.009473132860184337
2388 0.009472798927654772
2389 0.009473235612303687
2390 0.009472806046208208
2391 0.009473392731179885
2392 0.009473078420376993
2393 0.009473277760884604
2394 0.009472956915105439
2395 0.009473073984451913
2396 0.009472850114145644
2397 0.009473231508674471
2398 0.009472512742059559
2399 0.009472941407067935
2400 0.009472247864851558
2401 0.009472768442257759
2402 0.009472315982660471
2403 0.009472383189593999
2404 0.009472020147983998
2405 0.009472012044921043
2406 0.009471826449483776
2407 0.009472027550554759
2408 0.009471570015452896
2409 0.009471735875632962
2410 0.009471191185205157
2411 0.009471671556408958
2412 0.009471353122069285
2413 0.009471355863219306
2414 0.009076800734495514
2415 0.009068851221253289
2416 0.009084076727272331
2417 0.009104345357789215
2418 0.009134755367951402
2419 0.009162265267707347
2420 0.009191068540288854
2421 0.009215275276558096
2422 0.009237285022920906
2423 0.009257271931768609
2424 0.009275667085841479
2425 0.009292760225531261
2426 0.009308166148391195
2427 0.009322526848930208
2428 0.009334703726522
2429 0.009346586658077277
2430 0.009356426420851393
2431 0.009365688848938661
2432 0.009373992321811546
2433 0.00938041156493764
2434 0.009386301665588351
2435 0.009391187156473914
2436 0.009394825595290665
2437 0.009397803136451973
2438 0.009399769644021987
2439 0.00940091375341544
2440 0.009401522529098851
2441 0.009401571057130985
2442 0.009401044630123676
2443 0.00940012441222019
2444 0.009398915632964576
2445 0.009397426800094274
2446 0.009395265592862072
2447 0.00939347764461128
2448 0.009391013004057125
2449 0.009389287892419449
2450 0.009386951571822994
2451 0.009384937463519817
2452 0.009382542314959922
2453 0.009380575352494834
2454 0.009378926912711151
2455 0.009377361446415577
2456 0.009375737180590288
2457 0.009374312033116186
2458 0.009372863944464375
2459 0.009371880494724205
2460 0.009370746342560948
2461 0.00936979771947001
2462 0.009369081336917211
2463 0.009367778857580783
2464 0.009367445925299069
2465 0.009367491244477376
2466 0.009367398664823215
2467 0.009367694052486013
2468 0.009367459958011934
2469 0.009368234593859772
2470 0.009368294175990768
2471 0.009368756381330213
2472 0.009368737189023129
2473 0.00936905709885002
2474 0.009369099641297148
2475 0.009369765208495306
2476 0.009369292904420866
2477 0.00936975815132704
2478 0.009369341741605282
2479 0.009369930750128449
2480 0.009369630409464787
2481 0.009369720432556707
2482 0.009369469566924343
2483 0.009369313906889774
2484 0.009369244937485911
2485 0.009369174329009272
2486 0.009369040101231147
2487 0.00936888523568292
2488 0.009368614867688413
2489 0.0093686074634927
2490 0.009368481727184016
2491 0.009368389624149622
2492 0.009368201275639114
2493 0.009368003459537798
2494 0.009367995608160406
2495 0.009368328820829131
2496 0.009367936799835445
2497 0.009368337370250732
2498 0.009367784992577928
2499 0.009368683736867384
2500 0.00936830076219885
2501 0.009368600842889017
2502 0.009368391059824038
2503 0.009368543382488334
2504 0.009368631874639074
2505 0.009035891963195226
2506 0.009052135395977179
2507 0.009083203463318819
2508 0.009117223175076383
2509 0.00915625607289941
2510 0.009188418707534431
2511 0.009220653252351928
2512 0.009248957903990581
2513 0.009274614078000435
2514 0.009298323507032861
2515 0.009321149061712761
2516 0.009341695066873325
2517 0.009358320016302159
2518 0.009372279175576859
2519 0.009385214340992607
2520 0.009395937896352178
2521 0.009405703264931098
2522 0.009414034768897447
2523 0.009422493222138815
2524 0.00942801680044027
2525 0.009431558254152672
2526 0.009433364170851383
2527 0.009435158809560973
2528 0.009434821059412154
2529 0.009434330237440816
2530 0.00943239170029294
2531 0.009429863386113454
2532 0.009426654146394505
2533 0.009422938053040881
2534 0.009418778702972894
2535 0.009414085955797789
2536 0.009409529239084658
2537 0.00940548648222652
2538 0.009401627944467634
2539 0.00939736063974092
2540 0.009393505045871208
2541 0.009389085546583005
2542 0.009385852664644144
2543 0.009382305456165313
2544 0.009379934205239008
2545 0.009376669187375043
2546 0.0093736512912941
2547 0.00937180040248874
2548 0.009369965004327328
2549 0.009368243380033302
2550 0.009366669760160413
2551 0.009365914899300491
2552 0.00936491285173395
2553 0.009363962751048418
2554 0.009362786550018532
2555 0.009362454599345886
2556 0.009361267680202472
2557 0.009361443824606571
2558 0.009361033754343842
2559 0.009360902356227489
2560 0.00936044018117623
2561 0.009360352122457057
2562 0.009360409626260184
2563 0.009360731294183919
2564 0.009360298441294566
2565 0.009360612188872897
2566 0.009360763546346785
2567 0.009360981185076738
2568 0.009361536898762455
2569 0.009361608106880557
2570 0.009361846323660649
2571 0.009362003095093437
2572 0.009362648501256704
2573 0.009362812497339033
2574 0.009363325790578537
2575 0.009363776128349065
2576 0.009363855214089075
2577 0.009364658140128912
2578 0.009364922448673478
2579 0.009365694907557447
2580 0.009365813928773382
2581 0.009366507856496595
2582 0.009366518017676517
2583 0.009367131264077042
2584 0.009366992260481547
2585 0.009367563616440153
2586 0.009366972440171747
2587 0.009367589728765235
2588 0.009367526828904899
2589 0.009367678712635918
2590 0.009367708172540727
2591 0.009367504646584696
2592 0.009367811954392357
2593 0.009367801408647281
2594 0.009367858182701833
2595 0.009367585591686312
2596 0.009367421167794293
2597 0.009367522525387046
2598 0.00936760418162242
2599 0.009081451034411657
2600 0.009103174428395719
2601 0.009135242185478933
2602 0.009173857096577604
2603 0.009208956220308812
2604 0.009249175482486457
2605 0.00928395729641752
2606 0.009318227854055113
2607 0.009343866116924303
2608 0.009367173309661574
2609 0.009385412346148871
2610 0.009404488856660681
2611 0.009421321206946984
2612 0.009432714434723584
2613 0.009443832125524408
2614 0.009453651440869066
2615 0.009462320838292005
2616 0.009467893250981034
2617 0.009474938933979353
2618 0.009477142820959851
2619 0.009478428728782131
2620 0.009478743711560324
2621 0.009477514916007389
2622 0.009475056708336337
2623 0.009472531957016729
2624 0.009468506671017165
2625 0.009463467228018482
2626 0.009457783523059936
2627 0.009451157264001215
2628 0.009444588077885282
2629 0.009437764948610353
2630 0.009430899119271908
2631 0.009423326239545516
2632 0.009416713053806909
2633 0.009410376234884086
2634 0.009403660367768267
2635 0.009397788125552333
2636 0.00939212188395817
2637 0.00938626003579591
2638 0.00938217165571417
2639 0.009378555623481371
2640 0.009373856981488977
2641 0.009371624742273635
2642 0.009367975795182934
2643 0.00936537757246704
2644 0.009362941200590105
2645 0.009361003255199826
2646 0.009358575860837845
2647 0.009358568835679492
2648 0.009355683163628833
2649 0.009353961586713127
2650 0.009353068602381814
2651 0.009352273364609415
2652 0.009350982291036834
2653 0.009351194446927703
2654 0.00935091433158879
2655 0.009350368707760999
2656 0.00935083770533511
2657 0.009350785492130188
2658 0.009350912342849056
2659 0.009352793840217678
2660 0.00935400551531854
2661 0.009354685820029499
2662 0.009355857725698672
2663 0.009356986371709097
2664 0.009357544910824
2665 0.009359151301636434
2666 0.009359973819463586
2667 0.009361269028892082
2668 0.009362255288835103
2669 0.009363880302402493
2670 0.009364106104239645
2671 0.009366003893210972
2672 0.009365999596819011
2673 0.009367403411951431
2674 0.009367708816142054
2675 0.009368992167957967
2676 0.009368782814272109
2677 0.009370007797257806
2678 0.009370038333338765
2679 0.009370892859978554
2680 0.009371127060251505
2681 0.009371898538958093
2682 0.009371895936536786
2683 0.009372816134537571
2684 0.009373278058532015
2685 0.009373293835657321
2686 0.009373992910830012
2687 0.009374175611613645
2688 0.009374217621580486
2689 0.009374742443524596
2690 0.00937493043432965
2691 0.009375076494521625
2692 0.009375234863565392
2693 0.009375553901260372
2694 0.009375110190022436
2695 0.009375768449879801
2696 0.009375448699045701
2697 0.009375580875540721
2698 0.009375229719542806
2699 0.009375986041896014
2700 0.009375005075968926
2701 0.009375934129031045
2702 0.009375188813080861
2703 0.009375388415414876
2704 0.00937487127829017
2705 0.0093751821560067
2706 0.009374220002148182
2707 0.009374591866822924
2708 0.009373977752281116
2709 0.009373892929188566
2710 0.009197214839614137
2711 0.009231284610094278
2712 0.009254046023736634
2713 0.009286521744069956
2714 0.009302716740309792
2715 0.009322039375355921
2716 0.009331479584646682
2717 0.009344046596235162
2718 0.009356097145645618
2719 0.009365188333754092
2720 0.009373948789654363
2721 0.009380869358475223
2722 0.009387676395232119
2723 0.009392467367806951
2724 0.009398104776109929
2725 0.009402357219300871
2726 0.00940572226673779
2727 0.009409197564527287
2728 0.009412772050047194
2729 0.009414738283173626
2730 0.009417201800645052
2731 0.009417088982437377
2732 0.009420227365794523
2733 0.009419776408838608
2734 0.009420690394276017
2735 0.009419383834724572
2736 0.009417908113226073
2737 0.00941725807594916
2738 0.009416539837592929
2739 0.009414930915629222
2740 0.009412170094937279
2741 0.009408556124699329
2742 0.00940592318123693
2743 0.009402474600252151
2744 0.00940097470338447
2745 0.009398364242239958
2746 0.009395881616812627
2747 0.009392758498320457
2748 0.009389674165019846
2749 0.009385700770012925
2750 0.00938248455648109
2751 0.009379051534077905
2752 0.009377357497253805
2753 0.009374252833104725
2754 0.009371668793852954
2755 0.009369073196597666
2756 0.009367183977052313
2757 0.009365256936924044
2758 0.009363154543119347
2759 0.009361332073597007
2760 0.009359854392637186
2761 0.009357393533292195
2762 0.009357015558176111
2763 0.009355968917761876
2764 0.009355016380256983
2765 0.009354499203045114
2766 0.009353420254743606
2767 0.00935285794061049
2768 0.00935218791137029
2769 0.009351697332670045
2770 0.009351253585137836
2771 0.009350986047652211
2772 0.009349840744705049
2773 0.009349230455192314
2774 0.009349604325024522
2775 0.009349731310871008
2776 0.009350158107298513
2777 0.009350170835563753
2778 0.009350429849752257
2779 0.009350588531078468
2780 0.009350726826548179
2781 0.009350882717292361
2782 0.009350913405798515
2783 0.009351074910865488
2784 0.009351275583226234
2785 0.009351431464769041
2786 0.009351521292947992
2787 0.009352259462673337
2788 0.009352281581476609
2789 0.009352859801307851
2790 0.009353117938472303
2791 0.009353483385509434
2792 0.009353650746115478
2793 0.009354117994815992
2794 0.009354654445525622
2795 0.009354879597085983
2796 0.009355390317060676
2797 0.009355321073260925
2798 0.009355718921799464
2799 0.009355624138185109
2800 0.009356140813771469
2801 0.009356368217874668
2802 0.009356459735864018
2803 0.009356717340338031
2804 0.009356887545948503
2805 0.009357112111802091
2806 0.009356961727926154
2807 0.009357372708855052
2808 0.009356923801960021
2809 0.009357396764907364
2810 0.009357150400336108
2811 0.009357254419203797
2812 0.009357058391041877
2813 0.009357040280221503
2814 0.009357281885033522
2815 0.009356981977241698
2816 0.009357015418635192
2817 0.0093568951871857
2818 0.00935668128525368
2819 0.009356572695588154
2820 0.009356564995576334
2821 0.009355947746298585
2822 0.009356177871092112
2823 0.009355959480848892
2824 0.009355548727769962
2825 0.009355578505556008
2826 0.00918584765229479
2827 0.009263734664651475
2828 0.009311501417240058
2829 0.009349965025410774
2830 0.009373554486430621
2831 0.009396790658946165
2832 0.009410281856650365
2833 0.009422020264497465
2834 0.009429330679882461
2835 0.009437470805077681
2836 0.009440136928082618
2837 0.009443536243493774
2838 0.009447519494727441
2839 0.009457091427967695
2840 0.009464403394798307
2841 0.009469646692150377
2842 0.009474449013043951
2843 0.009478111169537841
2844 0.009481501024071363
2845 0.009481202665604623
2846 0.009482430564893179
2847 0.009484676776100305
2848 0.009486660319611968
2849 0.009488949968880882
2850 0.009489516078013585
2851 0.009491409130177408
2852 0.009492050990729178
2853 0.009494285616130143
2854 0.009494108855228681
2855 0.009494264478243079
2856 0.009494462362952176
2857 0.009496242909213177
2858 0.009497636690683986
2859 0.009497085023869686
2860 0.009497099814631165
2861 0.009496803770443773
2862 0.009497806449618828
2863 0.009496817872353713
2864 0.009496177560876199
2865 0.009496820120151524
2866 0.009496933483366892
2867 0.009496831470979206
2868 0.009496476242085789
2869 0.009496958775577113
2870 0.009496566667509792
2871 0.00949618693508446
2872 0.009496004116247569
2873 0.009495946103169364
2874 0.009495737945526961
2875 0.009495781072075569
2876 0.00949607685917497
2877 0.00949604162060956
2878 0.009495576211086236
2879 0.00949521835795962
2880 0.009495277769735555
2881 0.009495289716473534
2882 0.009495121113040537
2883 0.009495715605758862
2884 0.00949646822416611
2885 0.009497593483068308
2886 0.009498285341501045
2887 0.009498833276584873
2888 0.009499545878936663
2889 0.00950008290201922
2890 0.009500979978304794
2891 0.009502097451382285
2892 0.009502529884511392
2893 0.009503205766533991
2894 0.009503740319977041
2895 0.009504685234751616
2896 0.009505208698815529
2897 0.00950634457573319
2898 0.009507153872192966
2899 0.009508266141533814
2900 0.009508779050776623
2901 0.00950988185759926
2902 0.009510175957047012
2903 0.009511247473887522
2904 0.009511603828346919
2905 0.009512602094666128
2906 0.009512917152338422
2907 0.009513821022661814
2908 0.009514338074943207
2909 0.009515133899093982
2910 0.00951550068247801
2911 0.009516054331985324
2912 0.009516647627940224
2913 0.009517278277677422
2914 0.00951768947898049
2915 0.009518119062134407
2916 0.009518301404393947
2917 0.009518651702407168
2918 0.009518760733636994
2919 0.009519112949798422
2920 0.009518978260121472
2921 0.009519406751231547
2922 0.009519350189261384
2923 0.009519620362949989
2924 0.009519334774112627
2925 0.009519787769132213
2926 0.009519487400322718
2927 0.009519716217285751
2928 0.009519334912027786
2929 0.009519692288442395
2930 0.009519435194305748
2931 0.009519648654846375
2932 0.009519401246697881
2933 0.009519616419339062
2934 0.009519468516697665
2935 0.009519418537026057
2936 0.009519239605166296
2937 0.009519187694466538
2938 0.009518979135396451
2939 0.009518951085349975
2940 0.00917701775209602
2941 0.009206966176150277
2942 0.009232323138888139
2943 0.009262111297863406
2944 0.00929329965358457
2945 0.009321703833716244
2946 0.009345077370284468
2947 0.009370841995532493
2948 0.009389229861110513
2949 0.009407724356939599
2950 0.009419482068288399
2951 0.009433610713024579
2952 0.009443637917760558
2953 0.009455642200583566
2954 0.00946434082402828
2955 0.009475003621422614
2956 0.009484493622057784
2957 0.009491667839806388
2958 0.009502129869992808
2959 0.009510795719251588
2960 0.009516400129370498
2961 0.009522718114585632
2962 0.009527712051834744
2963 0.009533267313969626
2964 0.009536529522333198
2965 0.009540295052959632
2966 0.009542206482238287
2967 0.009544040890908972
2968 0.009545185735195871
2969 0.009546494061986112
2970 0.009547232763394522
2971 0.009548076980971161
2972 0.009547726477430509
2973 0.00954780010194752
2974 0.009547433989192848
2975 0.009547456612342256
2976 0.009546759245855952
2977 0.009545930879349298
2978 0.009545015672476205
2979 0.009544982912747869
2980 0.009543853738087856
2981 0.009543196242686269
2982 0.009542926856408821
2983 0.009542776756640262
2984 0.009542587026572135
2985 0.009541468409789561
2986 0.009541474718903924
2987 0.009541738181836925
2988 0.009541385448607564
2989 0.009541269103389918
2990 0.009540560417540134
2991 0.009540837226311381
2992 0.00954065914322373
2993 0.009541227239916654
2994 0.009541260620023815
2995 0.009541848948077922
2996 0.009541421553162366
2997 0.009541737060872892
2998 0.00954178358725429
2999 0.009542406759875059
3000 0.009542032451572629
3001 0.009542725313936271
3002 0.00954267326178624
3003 0.009543389199954712
3004 0.009543364781798354
3005 0.009543997603728215
3006 0.009543901228895759
3007 0.00954419735543725
3008 0.009543923823498909
3009 0.009544623816827828
3010 0.009544323156516902
3011 0.009544993036625486
3012 0.009544778340244052
3013 0.009545541616187737
3014 0.009545526842664727
3015 0.009546290085706417
3016 0.009546089748069513
3017 0.00954689764645052
3018 0.009547042735659896
3019 0.009547880913991178
3020 0.009548046902445734
3021 0.00954884169121427
3022 0.009549209144451797
3023 0.009550182082320833
3024 0.009550427391375833
3025 0.009551258744227614
3026 0.009551251721554587
3027 0.00955204870398913
3028 0.009551907264353985
3029 0.009552544998158665
3030 0.009552500830678672
3031 0.009553013447067793
3032 0.009552936898924932
3033 0.009553548045540178
3034 0.009553314289188649
3035 0.00955371747561016
3036 0.009553540557569592
3037 0.009553902219916232
3038 0.009553703417433633
3039 0.009554241766713663
3040 0.009554220091699071
3041 0.009185549139080299
3042 0.009187632365232123
3043 0.009208118996058712
3044 0.00922930577303303
3045 0.009259425103401275
3046 0.009283411565810818
3047 0.009311036031787847
3048 0.009333568820504866
3049 0.009355982424272781
3050 0.009375026370219931
3051 0.009393489024910688
3052 0.009410957710966318
3053 0.009426505384440335
3054 0.009442845089158996
3055 0.00945812838673119
3056 0.00947231299640049
3057 0.009487228241661592
3058 0.009498805343450547
3059 0.009508827457928443
3060 0.009517031439002645
3061 0.009523803774712843
3062 0.009528612182456956
3063 0.009532526572194798
3064 0.009534959617020753
3065 0.009536827579541999
3066 0.009537382596709987
3067 0.009537647238374211
3068 0.009536781864140221
3069 0.009535719323963261
3070 0.009533830299872785
3071 0.009531988754408307
3072 0.00952938807728199
3073 0.009526798275721698
3074 0.009523731775120121
3075 0.009521111452209959
3076 0.009517864279607423
3077 0.009515253818018446
3078 0.009512257925890572
3079 0.009509889355569694
3080 0.009507038642245846
3081 0.009504912097371239
3082 0.009502566077895794
3083 0.00950077637213983
3084 0.00949863067384013
3085 0.009497072065945538
3086 0.009495396373590441
3087 0.009494186015285903
3088 0.009492439900791084
3089 0.009491518262235153
3090 0.009490353379230532
3091 0.009490112762218244
3092 0.009489052633907305
3093 0.009488535500974093
3094 0.009487598643833396
3095 0.009487555437992427
3096 0.009486825712543405
3097 0.009486732260709957
3098 0.00948609824675601
3099 0.009486406009601451
3100 0.009485889254487592
3101 0.00948629473458089
3102 0.009485931285126191
3103 0.009486425748567449
3104 0.009485785581000666
3105 0.009486186836995742
3106 0.009485924774841472
3107 0.009486478167465269
3108 0.009486192855845585
3109 0.009486741668636186
3110 0.009487235179318843
3111 0.009488201012508326
3112 0.009488305199504159
3113 0.009488826875849838
3114 0.009488903111664546
3115 0.009489334841010232
3116 0.009489143394317249
3117 0.009489350623431448
3118 0.009489131483825502
3119 0.009489230521583724
3120 0.009488812949583765
3121 0.00948909562219891
3122 0.009488617363609442
3123 0.00948886689443133
3124 0.009488288095309983
3125 0.009488736622921764
3126 0.009488315763952624
3127 0.009488838475846603
3128 0.009488330158509655
3129 0.00948885149092355
3130 0.009488358811345016
3131 0.00948886555389049
3132 0.00948849918818748
3133 0.009488948143597513
3134 0.009488699237049723
3135 0.009489188713271623
3136 0.009488963056345766
3137 0.00948949522416795
3138 0.009489417363725881
3139 0.009144438330547632
3140 0.009159903620016004
3141 0.009200541731983881
3142 0.009239508880848029
3143 0.009287167139075679
3144 0.009325097639052269
3145 0.00936591595579237
3146 0.009399927526138668
3147 0.009428765336294947
3148 0.009455049578916502
3149 0.009479594898384354
3150 0.009500772893923452
3151 0.009522252419245307
3152 0.009540138519857827
3153 0.009556323288928146
3154 0.009569468003308474
3155 0.009581104739650331
3156 0.009590303966475618
3157 0.009598254941425485
3158 0.009602813578774098
3159 0.009605626002509216
3160 0.009606354924660301
3161 0.009605795085057992
3162 0.00960386849849609
3163 0.00960103462483603
3164 0.009596390026855443
3165 0.009592627219491471
3166 0.009588621247554802
3167 0.00958368314817915
3168 0.009577646528037017
3169 0.009571754328293377
3170 0.00956511700592967
3171 0.009559106673227503
3172 0.009552680251974607
3173 0.009546707396606473
3174 0.009540421206247318
3175 0.009535308248004798
3176 0.009529766124184869
3177 0.009525418794985124
3178 0.009520776803990187
3179 0.009517310546850649
3180 0.009513947314384761
3181 0.009511547232608646
3182 0.009508687372153218
3183 0.009506624955901335
3184 0.009504414232933116
3185 0.009502978459262677
3186 0.00950134414247133
3187 0.009500385918324987
3188 0.009499071600177973
3189 0.009498712114222135
3190 0.009497941306159099
3191 0.009497676469264301
3192 0.00949738825356527
3193 0.00949745599494356
3194 0.009497595153652949
3195 0.00949828374000229
3196 0.009498329462023017
3197 0.009499198534285378
3198 0.00949929258483871
3199 0.009500256830476722
3200 0.009500442012867597
3201 0.009501694576931039
3202 0.009501901386727794
3203 0.009503172733590479
3204 0.009503267423017091
3205 0.009504632346380788
3206 0.009505069508005871
3207 0.009506559668577955
3208 0.009506992145966942
3209 0.009508439848930421
3210 0.009508845094318194
3211 0.009510142131498847
3212 0.00951052111502137
3213 0.009511618734465859
3214 0.009512054290216797
3215 0.009512981104102468
3216 0.009513750502698787
3217 0.009514754807655474
3218 0.00951549258577478
3219 0.009516393994191338
3220 0.009516876597248725
3221 0.009517531106429833
3222 0.00951772725846386
3223 0.00951838347920423
3224 0.009518423368353412
3225 0.009519128215787143
3226 0.009519041790950818
3227 0.009519773694814748
3228 0.009519270706125594
3229 0.009519809486018027
3230 0.009519185085785739
3231 0.009519720976883479
3232 0.009518974348306392
3233 0.009519327355588155
3234 0.009518512102755259
3235 0.009518899429004335
3236 0.009518161887436764
3237 0.009518528394704712
3238 0.00951791801765184
3239 0.009518333168948097
3240 0.009517855172948404
3241 0.009518021779234885
3242 0.009517740260141265
3243 0.00951778231196109
3244 0.009255924000572518
3245 0.009266248666759217
3246 0.009288807857874452
3247 0.009321875398961257
3248 0.009351445909301787
3249 0.009380710078176853
3250 0.009406895357630495
3251 0.00943129267756963
3252 0.009453093849254388
3253 0.009472990043245979
3254 0.009488941028105966
3255 0.009505245999502346
3256 0.009518597351672035
3257 0.009530242405453873
3258 0.009540216463405467
3259 0.009547069116565244
3260 0.009554995826813056
3261 0.009561722440677527
3262 0.009565895985921474
3263 0.00957044698070114
3264 0.009573630415792856
3265 0.009575879820933615
3266 0.009575950640282823
3267 0.009575639219705171
3268 0.00957358205229995
3269 0.009571342284410507
3270 0.009568385917112574
3271 0.009565393813909476
3272 0.009561770067117628
3273 0.009558161344432946
3274 0.009553479151855239
3275 0.009549148151840091
3276 0.009544134976622591
3277 0.009538859780236008
3278 0.009533492318041344
3279 0.009528384736096605
3280 0.00952319136660907
3281 0.009518564749063176
3282 0.009513509116763274
3283 0.009509369461977632
3284 0.009504853487209117
3285 0.009500581907226633
3286 0.009496635253741672
3287 0.00949359071166051
3288 0.009489853157661854
3289 0.009487222477753774
3290 0.009483582206673467
3291 0.009481238195984478
3292 0.009479004244418103
3293 0.009477760457367514
3294 0.00947545533879729
3295 0.009474240672172278
3296 0.009472630255804627
3297 0.00947240491105991
3298 0.009471633372111217
3299 0.009471182633550687
3300 0.009470815527944945
3301 0.009470859048428126
3302 0.009470699886567107
3303 0.00947060401872374
3304 0.009470778815556151
3305 0.009470906731009403
3306 0.009471535476119871
3307 0.009472202289392818
3308 0.009472655457480432
3309 0.009473441164977711
3310 0.00947402290616523
3311 0.009475091562288969
3312 0.009475804430568328
3313 0.009477150136991647
3314 0.009477447413418454
3315 0.009478989696393273
3316 0.00947913883070115
3317 0.009480823636113475
3318 0.009480710044577768
3319 0.009482651323671773
3320 0.009482716134611199
3321 0.009484347505119719
3322 0.009484427276732993
3323 0.009485958343950249
3324 0.009485784473831764
3325 0.009487257512530222
3326 0.009487184955274328
3327 0.00948842980764036
3328 0.009488302562817689
3329 0.009489161085261801
3330 0.009489420424011148
3331 0.009489920797976515
3332 0.009489908030553235
3333 0.009490460653818884
3334 0.009490469393686411
3335 0.009490808666096442
3336 0.009490711148205664
3337 0.009491006265747823
3338 0.009490905557199229
3339 0.00949124057224443
3340 0.009490808749539423
3341 0.009491151870293717
3342 0.009490703198560609
3343 0.009491331089500446
3344 0.009490405405719824
3345 0.00949106473800051
3346 0.00949017901827709
3347 0.00949068875390054
3348 0.009489663606537095
3349 0.009490253882826014
3350 0.00948945306593252
3351 0.009489833393172321
3352 0.009488868407851524
3353 0.009489330378528884
3354 0.009488578462828188
3355 0.009489036953116509
3356 0.009488137433268888
3357 0.00948821140661321
3358 0.009316131717409309
3359 0.009358696757205041
3360 0.009381719666406729
3361 0.00940969475762511
3362 0.009425514208218072
3363 0.009448129934299776
3364 0.009460663969316557
3365 0.009473523106524284
3366 0.009483413961695577
3367 0.009492697986965387
3368 0.009501529489412635
3369 0.009505522982787609
3370 0.00951138709187626
3371 0.009516546618150873
3372 0.009521453038905137
3373 0.009530341976360978
3374 0.009536267223531495
3375 0.009541148766170663
3376 0.009542835523222789
3377 0.009545243063844303
3378 0.009546468188836126
3379 0.009548513149709009
3380 0.009549572031894413
3381 0.009549866221958501
3382 0.009549543600472263
3383 0.009549659937787352
3384 0.009548562009332138
3385 0.009546918562343272
3386 0.009545611053845986
3387 0.00954329058928007
3388 0.009541564913795889
3389 0.009538740457166298
3390 0.009536816938031783
3391 0.009533950262202676
3392 0.009530997740340517
3393 0.009528097705422831
3394 0.009525848606160139
3395 0.00952375365873355
3396 0.009520293769171091
3397 0.009518310380955911
3398 0.009514905338416422
3399 0.009512203375982685
3400 0.009509920247788264
3401 0.009508144418338117
3402 0.009505791654339409
3403 0.00950390262635408
3404 0.009502269418301523
3405 0.009500391188749471
3406 0.009498912017466271
3407 0.009497500249693857
3408 0.009496144700385692
3409 0.009495284424375741
3410 0.009493768168203629
3411 0.00949300805215705
3412 0.009492030907134553
3413 0.009491532537859063
3414 0.009490802296575989
3415 0.009489674568794456
3416 0.009488497276379416
3417 0.009488111727828185
3418 0.009487268422576106
3419 0.00948717102936621
3420 0.009486317699627347
3421 0.009486539100785495
3422 0.009485801909650791
3423 0.0094861393258512
3424 0.00948559681874097
3425 0.009486210597293909
3426 0.009485924634762064
3427 0.009486657658818913
3428 0.009486720385566602
3429 0.009487444602984155
3430 0.00948771845086065
3431 0.009488269399010842
3432 0.009488328984884319
3433 0.009489002847533824
3434 0.00948921076436202
3435 0.0094897830923711
3436 0.00949001517259858
3437 0.009490502494439969
3438 0.00949065725441387
3439 0.009491092234961111
3440 0.009491065531536906
3441 0.009491557475111212
3442 0.009491517310438931
3443 0.00949208071536344
3444 0.009492021399300136
3445 0.009492533407573151
3446 0.009492216171564863
3447 0.009492696295712227
3448 0.009492373697830046
3449 0.009493032087638062
3450 0.00949248108500538
3451 0.009493024856279208
3452 0.009492444614157082
3453 0.009492810929646647
3454 0.009492460117123737
3455 0.009492593189187501
3456 0.009492351091036536
3457 0.009492464639007261
3458 0.009492105179212824
3459 0.009492157376558726
3460 0.00949179021621918
3461 0.009491738511451636
3462 0.009293462140771
3463 0.009376707764290603
3464 0.009432780892918262
3465 0.009476270655583714
3466 0.009503047682277279
3467 0.009532075612861471
3468 0.00954897392385125
3469 0.009564570232218534
3470 0.009574486624314321
3471 0.009582621628570178
3472 0.009586134772374829
3473 0.009592226985747469
3474 0.009598165288766249
3475 0.009604096612654267
3476 0.009609591231629249
3477 0.009615506171794765
3478 0.009618491649044599
3479 0.009623126483589583
3480 0.009627465846623637
3481 0.009631802726892786
3482 0.00963577596937552
3483 0.009639856827306389
3484 0.009643407137604932
3485 0.009649526785759178
3486 0.009653685766478487
3487 0.009656762884084383
3488 0.009659548260166186
3489 0.009662678377802415
3490 0.009665066039376198
3491 0.009667484813541209
3492 0.009669308290759789
3493 0.009671568242390583
3494 0.009672606260875219
3495 0.009674098301894167
3496 0.009674603232885437
3497 0.009675774388085546
3498 0.009675626596950959
3499 0.009676341700924587
3500 0.009676721418076973
3501 0.009677655296051531
3502 0.009677751518866327
3503 0.009678429710223101
3504 0.009678235095547142
3505 0.009678685997777787
3506 0.009679478177755177
3507 0.009678944071921363
3508 0.009678605146255599
3509 0.00967893947034088
3510 0.009678891601810661
3511 0.009679312102254237
3512 0.009679597856358186
3513 0.009680528705022349
3514 0.009680755739226575
3515 0.009681577058155925
3516 0.009681585933866942
3517 0.009682632743770332
3518 0.009682691056926231
3519 0.0096839838972687
3520 0.009683943205749531
3521 0.009685249311151688
3522 0.00968558714863421
3523 0.009686785655639386
3524 0.009687130783163913
3525 0.009688388666203218
3526 0.009689107497612445
3527 0.009690360591905216
3528 0.009691027062002
3529 0.009692844824720931
3530 0.009693906571683505
3531 0.009695555618159202
3532 0.009696637678818551
3533 0.009698230990658146
3534 0.009699187589676276
3535 0.009700627837749685
3536 0.009701500535909674
3537 0.009702903272058088
3538 0.009703531452041376
3539 0.009704859647523125
3540 0.009705467964419635
3541 0.009706893353301998
3542 0.009707171141864883
3543 0.009708581588519423
3544 0.009708643106805194
3545 0.009709840437055391
3546 0.00970917709023297
3547 0.009710104470839998
3548 0.009710038330731554
3549 0.009710840412846145
3550 0.009710836095411618
3551 0.009711588979981997
3552 0.009711700568409053
3553 0.009712471112596516
3554 0.009712511302319345
3555 0.009713159412109356
3556 0.009713133423397208
3557 0.009713503815998198
3558 0.009713405210252863
3559 0.009713600334766323
3560 0.00971337815188188
3561 0.009713688554580499
3562 0.009713394293023227
3563 0.00971367714789623
3564 0.009713300234063325
3565 0.009713704462029057
3566 0.009713154534060927
3567 0.00971364126616228
3568 0.009712934626705571
3569 0.009713482259517424
3570 0.009712803911865372
3571 0.009713225812161176
3572 0.009712633637098816
3573 0.009713044477639744
3574 0.009712374636971778
3575 0.009712689411394162
3576 0.009712162742261783
3577 0.009712462479455222
3578 0.009711945607050788
3579 0.009711998909110389
3580 0.009347752228045132
3581 0.009349385717232546
3582 0.009361524443353073
3583 0.009376987718649395
3584 0.00940049837003761
3585 0.009423237151102675
3586 0.009446534866859755
3587 0.009467490779732968
3588 0.009486850493416726
3589 0.009504820301711675
3590 0.009520517046460739
3591 0.00953530595735228
3592 0.009548434866533412
3593 0.009561156357764819
3594 0.009571795807436332
3595 0.009582973349229702
3596 0.009592153088888873
3597 0.009601845440966737
3598 0.00960911213329055
3599 0.009616737727416827
3600 0.009622245059521585
3601 0.00962858160697937
3602 0.009633490215712992
3603 0.009639195196574349
3604 0.0096421404631973
3605 0.00964588969163864
3606 0.009647139726801394
3607 0.00964938182573589
3608 0.009649375598584049
3609 0.009650503012025528
3610 0.009649534026606807
3611 0.009649940689904544
3612 0.009649210669025691
3613 0.009648378774046475
3614 0.009647175320781541
3615 0.009646124072526229
3616 0.009644807524564029
3617 0.009643605050149953
3618 0.009641787963813908
3619 0.009641473768864388
3620 0.009640361955427834
3621 0.009639850984268623
3622 0.00963862995787914
3623 0.009638050153242036
3624 0.009637229814171115
3625 0.009636749301832585
3626 0.009635946335054433
3627 0.009635110332748569
3628 0.009634369484060426
3629 0.009634122006023227
3630 0.009633128951671639
3631 0.009633156088743294
3632 0.009632435840064258
3633 0.009632748341049687
3634 0.009632151687770769
3635 0.009632586686057903
3636 0.009632239570461982
3637 0.009632983088438889
3638 0.009632686473058137
3639 0.009633261277536538
3640 0.009632887151045291
3641 0.00963350906519478
3642 0.009633206659500709
3643 0.009633885309508528
3644 0.009633731110369265
3645 0.009634382182951722
3646 0.009634081659336447
3647 0.00963444993993459
3648 0.009634310566582552
3649 0.009634775462410315
3650 0.009634640231732904
3651 0.009635133879973487
3652 0.009634897076403732
3653 0.009635302442437455
3654 0.009635054813207892
3655 0.00963554054927511
3656 0.009635338708612457
3657 0.009635954281942791
3658 0.009635724873696013
3659 0.009636218976787913
3660 0.009635975105064398
3661 0.009636657107274229
3662 0.009636427419797191
3663 0.009637059801334762
3664 0.009636922919449691
3665 0.009637673799518317
3666 0.009637517740592929
3667 0.009638174058322731
3668 0.009638116426995896
3669 0.009638870645496862
3670 0.009638689851779273
3671 0.00963927944583891
3672 0.009639204383724169
3673 0.009639849391081447
3674 0.009639729019336752
3675 0.009640201523285038
3676 0.009640137863209188
3677 0.009292778074950939
3678 0.009289549611920331
3679 0.009308340950107342
3680 0.00933604288002887
3681 0.009367807721086491
3682 0.009392101669359039
3683 0.009420828242566775
3684 0.009444778924249643
3685 0.009468122644365773
3686 0.009487743555291172
3687 0.009506948013193038
3688 0.009524332655005244
3689 0.009540403492816549
3690 0.009554262421189823
3691 0.009569544464669863
3692 0.009582671085416071
3693 0.009594914467847658
3694 0.009605055618928295
3695 0.009614244001432327
3696 0.009621539473390023
3697 0.009628051471401566
3698 0.009633025033877205
3699 0.009637127858841132
3700 0.009639301374356537
3701 0.009641187592272395
3702 0.0096414468906764
3703 0.009641774819914963
3704 0.009640901734432342
3705 0.009640079331894907
3706 0.009638207405501958
3707 0.009636470717306229
3708 0.009633914761380487
3709 0.009631814615824725
3710 0.009628916969964083
3711 0.009626508578691123
3712 0.009623497002125952
3713 0.009621148221982715
3714 0.009618280523382927
3715 0.009614657128130895
3716 0.009611395952252619
3717 0.009608928840276833
3718 0.009606043497914085
3719 0.009604080904417792
3720 0.009601466381734933
3721 0.00959967903706606
3722 0.009597646819335592
3723 0.009596347196100813
3724 0.009594752814446965
3725 0.00959400328137696
3726 0.009592450513634275
3727 0.009591779522129081
3728 0.009590513942717881
3729 0.009590246353368647
3730 0.009589856807501374
3731 0.009589951667623355
3732 0.009589154819170971
3733 0.00958929670429527
3734 0.009588364449509815
3735 0.00958860386846816
3736 0.00958778632320954
3737 0.00958817909806825
3738 0.009587872600326799
3739 0.009588398698667424
3740 0.009588145729849461
3741 0.009588872618551354
3742 0.009588625908290831
3743 0.009589247562861818
3744 0.009589131002819459
3745 0.009589959035968883
3746 0.009589690478686677
3747 0.009590222197639038
3748 0.009589976440886886
3749 0.009590778803176181
3750 0.009590405959791319
3751 0.009591022273672466
3752 0.009590526795345351
3753 0.009591077618645022
3754 0.009590504397397863
3755 0.009591074902613324
3756 0.009590671522610884
3757 0.009591153777161488
3758 0.009590520670488267
3759 0.009590708278832216
3760 0.00959003983649492
3761 0.00959027265703088
3762 0.009589755646876594
3763 0.009590003484275789
3764 0.009589516778990866
3765 0.009589900209137471
3766 0.009589424801236228
3767 0.009589753067922703
3768 0.009589249435857688
3769 0.009589756270185273
3770 0.00958933331378514
3771 0.009589798604712417
3772 0.009589302632263262
3773 0.009589807360258223
3774 0.009589422094949361
3775 0.009589957906379148
3776 0.009589607838888408
3777 0.009590131406531449
3778 0.009589774483928164
3779 0.009590257919883997
3780 0.009589970090717805
3781 0.009590496761127897
3782 0.009590145711156286
3783 0.009590621513367406
3784 0.009590378204298113
3785 0.009590964064670297
3786 0.00959065022228189
3787 0.009591124873738283
3788 0.00959080017198327
3789 0.009591354141894102
3790 0.009590976693034535
3791 0.00959153375388957
3792 0.009591257140103136
3793 0.009591858259469207
3794 0.009591439244921904
3795 0.009592002535036729
3796 0.00959159474371229
3797 0.009592318052300021
3798 0.009591889656249644
3799 0.009592449636925295
3800 0.00959202910529198
3801 0.009592671266731193
3802 0.009592190660251954
3803 0.009592668642938553
3804 0.009592155685173857
3805 0.009592660505931831
3806 0.009592251851410098
3807 0.00959268008140577
3808 0.009592265235923953
3809 0.009592685689719702
3810 0.009592346893761082
3811 0.009592703151061923
3812 0.009592341192887164
3813 0.009592818128410983
3814 0.009592397159081398
3815 0.009592787828927642
3816 0.009592414027428475
3817 0.009592985315542864
3818 0.009592507072549033
3819 0.009592895959755035
3820 0.009592445429286759
3821 0.009593043886996168
3822 0.009592513313452913
3823 0.009592898538160527
3824 0.009592534830097459
3825 0.009593053957326547
3826 0.00959256456605097
3827 0.009592946664386483
3828 0.009592587854452009
3829 0.009593090648904427
3830 0.009592638244190268
3831 0.009593001024603202
3832 0.009592644061879676
3833 0.009593065817743092
3834 0.00959260253040551
3835 0.009592979362479059
3836 0.009592575194535744
3837 0.009593227625839888
3838 0.009592495139831084
3839 0.009592951770522705
3840 0.009592275694036038
3841 0.009593031527441859
3842 0.009592321804847696
3843 0.009593110725096552
3844 0.009592397052207484
3845 0.009593232028536989
3846 0.009592450369918614
3847 0.009593104990376699
3848 0.00959238950018014
3849 0.009593206881978299
3850 0.009592459524052743
3851 0.009592839569311085
3852 0.009592183783249303
3853 0.009592922346464442
3854 0.009592312775023766
3855 0.00959270959854008
3856 0.009592165294919661
3857 0.009592692285631975
3858 0.009592405361982512
3859 0.009592851216920524
3860 0.009592551338232804
3861 0.009593065420461002
3862 0.009592622022242692
3863 0.009593089285392684
3864 0.009592731128204255
3865 0.009593258455033893
3866 0.009592783361189306
3867 0.009593285043696574
3868 0.009592817678054219
3869 0.009593395722771037
3870 0.009592921251929816
3871 0.009593337896442624
3872 0.009592913154074284
3873 0.009593391499700735
3874 0.009592957142847216
3875 0.009593312033572856
3876 0.009592935469138059
3877 0.009593395705240756
3878 0.009592956793045162
3879 0.009593308070824759
3880 0.009592927524533964
3881 0.009593343020379168
3882 0.009592866051690064
3883 0.009593280286683617
3884 0.009592888668267503
3885 0.009593338482362998
3886 0.009592825583276319
3887 0.009593291176519851
3888 0.009592839129234519
3889 0.009593393663332637
3890 0.00959281944736475
3891 0.00959334243742329
3892 0.00959282959914118
3893 0.009593412472919225
3894 0.009592832879839407
3895 0.009593310552358948
3896 0.009592829449381052
3897 0.009593376721010276
3898 0.009592901729746849
3899 0.009593328099186118
3900 0.009592927726267138
3901 0.009593444729556375
3902 0.009592941031314653
3903 0.009593369113185136
3904 0.009592918778091885
3905 0.009593414132410548
3906 0.009592879036243012
3907 0.009593354748135809
3908 0.009592891696155962
3909 0.009593430038138282
3910 0.009592856532214516
3911 0.00959335648739751
3912 0.009592875858164374
3913 0.009593435702007448
3914 0.009592904524181312
3915 0.009593391376835536
3916 0.009592860078781662
3917 0.009593401260058795
3918 0.009592882174608125
3919 0.009593359822636201
3920 0.009593001645282758
3921 0.009593440455812384
3922 0.00959299404214623
3923 0.009593387033696268
3924 0.009592952967723473
3925 0.009593392531230172
3926 0.00959309344100058
3927 0.009593295512757109
3928 0.009593038517126338
3929 0.009593323043661112
3930 0.009593067182637796
3931 0.009593302611501387
3932 0.009593029488515705
3933 0.009593405067383109
3934 0.009593038260249313
3935 0.009593297467117156
3936 0.009593005520332385
3937 0.009593385443093929
3938 0.009593039352483476
3939 0.009593308807323675
3940 0.009593027235282001
3941 0.009593355711860591
3942 0.009593037206572041
3943 0.009593299778794889
3944 0.00959301802450933
3945 0.009593299205925339
3946 0.009593075787159273
3947 0.009593302866459293
3948 0.009593052680435117
3949 0.009593361809884541
3950 0.009593061178156635
3951 0.009593251577562956
3952 0.009592963750525695
3953 0.009593328289171364
3954 0.009593037740616416
3955 0.009593274867458449
3956 0.009592947713256614
3957 0.009593408822328366
3958 0.009593000782665374
3959 0.009593350095298709
3960 0.009592956384939641
3961 0.009593390012045365
3962 0.009593006406619742
3963 0.009593320451453332
3964 0.009593016051531088
3965 0.009593406439851558
3966 0.00959303021670797
3967 0.009593278260145412
3968 0.009593028943346252
3969 0.009593392460587774
3970 0.009593028650677191
3971 0.009593250353178925
3972 0.009593029554207551
3973 0.009593352147683401
3974 0.009593041416007305
3975 0.009593307990583343
3976 0.009592996445393312
3977 0.009593421757422352
3978 0.009593052424967788
3979 0.00959334557237604
3980 0.009592964890390181
3981 0.009593411596047626
3982 0.009593019477309799
3983 0.009593350073828381
3984 0.009593019947891947
3985 0.009593419143646212
3986 0.009593006999004427
3987 0.009593263334800782
3988 0.00959298981631335
3989 0.009593388436225958
3990 0.009592989717569654
3991 0.009593236942931882
3992 0.009593015054842896
3993 0.009593328258003396
3994 0.009593067142362152
3995 0.009593279075852282
3996 0.009593051423732644
3997 0.009593318898099857
3998 0.009593008291306163
3999 0.009593281611804696
4000 0.0095930361309505
4001 0.009593329307842034
4002 0.009592974361910237
4003 0.009593308124088953
4004 0.009593006367634875
4005 0.009593387055764539
4006 0.009592943829496639
4007 0.009593327241382938
4008 0.009592968608384685
4009 0.009593371985326058
4010 0.009593016230855605
4011 0.009593325061365407
4012 0.009593013921947719
4013 0.009593401793603259
4014 0.009593016980249428
4015 0.009593274477774621
4016 0.009593029787421388
4017 0.009593373767248815
4018 0.009593064657596177
4019 0.009593301186100231
4020 0.009592988984049169
4021 0.009593390123421166
4022 0.009593007978747122
4023 0.009593286453711257
4024 0.009592935629730362
4025 0.009593370373284267
4026 0.009593017625504985
4027 0.009593320873822695
4028 0.009592994693196997
4029 0.009593422565397053
4030 0.009592992185151174
4031 0.009593330479430224
4032 0.009592948908573583
4033 0.009593314886242689
4034 0.009593024695632307
4035 0.009593328637147574
4036 0.00959299538042177
4037 0.009593322607674586
4038 0.009593009441668566
4039 0.009593275186120404
4040 0.00959301751343526
4041 0.009593296415899543
4042 0.00959308717232976
4043 0.009593279323376766
4044 0.009593052366693059
4045 0.00959337382238293
4046 0.009593048470036969
4047 0.009593307907311716
4048 0.009593029849894213
4049 0.009593385154823587
4050 0.009593062553866468
4051 0.009593323881311119
4052 0.009593026108014125
4053 0.009593401707169057
4054 0.009593001634635522
4055 0.009593277513166312
4056 0.009593017013798449
4057 0.009593350871643288
4058 0.009593050531002942
4059 0.009593261158807372
4060 0.009593043896656455
4061 0.009593362000544588
4062 0.009593028913629505
4063 0.009593234515132559
4064 0.009593035473019776
4065 0.009593306898665875
4066 0.009593041877869983
4067 0.009593269539992417
4068 0.0095930294239665
4069 0.009593358415904868
4070 0.009592984210579908
4071 0.009593288876057132
4072 0.009593004550360164
4073 0.009593338545785961
4074 0.00959299458788934
4075 0.009593316353049107
4076 0.009593018271080563
4077 0.009593402400986802
4078 0.009592996944893297
4079 0.009593250683128229
4080 0.009593037516085794
4081 0.00959337007534917
4082 0.009593074020055166
4083 0.009593271920959679
4084 0.009593061105922627
4085 0.009593411055375315
4086 0.009593026156474699
4087 0.009593243364498728
4088 0.009593009096499055
4089 0.009593279656139861
4090 0.009593016498039439
4091 0.009593273647471272
4092 0.009593040529617137
4093 0.009593330997367325
4094 0.009592975137341827
4095 0.009593288118036043
4096 0.009592990574186992
4097 0.009593357404206923
4098 0.009592957131955421
4099 0.009593352931197542
4100 0.009592986192719841
4101 0.009593418561499064
4102 0.00959299021948397
4103 0.009593307200569322
4104 0.009592979709342026
4105 0.009593352525300421
4106 0.009593052243171356
4107 0.009593329715394915
4108 0.009593007519111657
4109 0.00959334237197525
4110 0.009593037499471624
4111 0.009593278433229678
4112 0.009593012561694366
4113 0.009593365086677208
4114 0.009593031727453568
4115 0.009593360026592768
4116 0.009593043214852099
4117 0.009593413535397541
4118 0.009592959619568117
4119 0.009593322911209561
4120 0.009592989626364661
4121 0.009593360606887966
4122 0.009592988375385261
4123 0.009593327606031663
4124 0.009592955236644846
4125 0.00959335022188929
4126 0.009592992246788402
4127 0.009593326751066352
4128 0.009592986185234818
4129 0.009593312810170672
4130 0.00959304968700748
4131 0.009593303594150525
4132 0.009593021697599267
4133 0.009593320298320258
4134 0.009593056096314756
4135 0.009593267232485979
4136 0.009593024731180986
4137 0.009593340111694104
4138 0.009593073779293873
4139 0.009593288940949478
4140 0.009593015643384386
4141 0.009593411456405652
4142 0.009593050687421787
4143 0.009593294163637373
4144 0.009592962477468769
4145 0.009593375143190355
4146 0.009593012872687627
4147 0.009593295701844005
4148 0.009593040629429186
4149 0.009593393536263334
4150 0.00959302669824523
4151 0.009593254708179651
4152 0.009593038581905015
4153 0.009593353824685036
4154 0.009593088584449249
4155 0.009593294623294934
4156 0.00959308260857753
4157 0.009593334952904769
4158 0.009593011457731355
4159 0.009593268823299148
4160 0.009593028641741261
4161 0.009593317247921337
4162 0.009592988302902618
4163 0.009593293778420104
4164 0.009593013446359244
4165 0.009593379946997953
4166 0.009592944947126193
4167 0.00959333171036641
4168 0.00959300730239237
4169 0.009593428351173411
4170 0.009593023133514704
4171 0.009593323472743828
4172 0.009593020065690459
4173 0.009593432741902686
4174 0.00959299030403302
4175 0.00959324867735137
4176 0.00959300780774824
4177 0.009593351635544407
4178 0.009593061136170389
4179 0.009593256646416987
4180 0.009593083159675294
4181 0.009593367576191938
4182 0.00959305967789355
4183 0.009593292122346365
4184 0.009593046956602557
4185 0.009593339774766721
4186 0.009593039210856672
4187 0.009593330055376628
4188 0.009593042841575694
4189 0.009593367535940724
4190 0.009592962967621082
4191 0.009593294621729354
4192 0.009592975387934329
4193 0.00959335342931472
4194 0.009593024235688247
4195 0.009593271945139903
4196 0.009593050109065063
4197 0.009593404533080017
4198 0.009593040657039689
4199 0.009593235986307709
4200 0.009593028540538194
4201 0.009593344222587995
4202 0.009593068099742337
4203 0.009593284355330587
4204 0.009593055418834947
4205 0.009593337449035351
4206 0.009593000726735607
4207 0.009593287123343617
4208 0.009593043089649866
4209 0.009593340653540046
4210 0.009593005022225726
4211 0.009593320647033467
4212 0.009593016833250593
4213 0.00959340248120295
4214 0.009592949272936193
4215 0.009593344813946596
4216 0.009592971927801007
4217 0.009593369017073292
4218 0.009593007790894148
4219 0.009593322651171694
4220 0.009593011542306776
4221 0.009593389382009484
4222 0.009593030666613071
4223 0.009593298272140088
4224 0.009593016999852466
4225 0.009593358171110952
4226 0.009593043101198514
4227 0.009593291862480504
4228 0.009593042092879173
4229 0.009593376210836847
4230 0.009592965552324884
4231 0.009593319315832852
4232 0.009592999471915326
4233 0.009593364630457244
4234 0.009592994748573317
4235 0.00959335303160868
4236 0.009593015483572932
4237 0.009593403984462061
4238 0.009592998613229745
4239 0.009593335979373716
4240 0.009592964199120355
4241 0.009593333571209712
4242 0.00959303698566806
4243 0.009593344378142911
4244 0.009592999005198952
4245 0.009593338990621047
4246 0.009593025740720639
4247 0.009593293917926134
4248 0.009593020793638829
4249 0.009593293389363515
4250 0.00959308780179486
4251 0.009593288770572394
4252 0.009593041769257462
4253 0.009593352197646203
4254 0.009593044564513476
4255 0.009593299023859756
4256 0.009593015656200491
4257 0.009593379292558352
4258 0.00959306460568426
4259 0.009593317913220789
4260 0.009593007695498475
4261 0.009593402427145077
4262 0.009593011185932764
4263 0.009593319217656996
4264 0.00959300142245874
4265 0.009593304110177994
4266 0.009593065249116444
4267 0.009593309131506474
4268 0.009593045149597161
4269 0.009593318682284838
4270 0.009593049367063769
4271 0.009593281413356728
4272 0.0095930272927619
4273 0.009593327208640151
4274 0.009593069584874023
4275 0.009593244353458978
4276 0.009592965202203332
4277 0.009593348119829814
4278 0.009592996971422565
4279 0.009593265573033482
4280 0.00959292342751708
4281 0.009593342465626141
4282 0.009593018370427007
4283 0.009593339676822079
4284 0.009592978351525181
4285 0.009593420474110614
4286 0.009593016951796568
4287 0.009593341468887403
4288 0.009593008439854028
4289 0.009593386457919661
4290 0.009593014876383803
4291 0.009593305547483166
4292 0.009593037026052277
4293 0.009593378113849416
4294 0.009593029055972938
4295 0.009593281221831527
4296 0.009593028827515157
4297 0.009593343387166393
4298 0.009592987730617286
4299 0.009593336608214915
4300 0.00959304401338484
4301 0.009593405523535508
4302 0.00959297438574604
4303 0.009593323241770582
4304 0.009592998256969623
4305 0.009593375383274141
4306 0.009592990676340797
4307 0.009593342746591824
4308 0.009592991754668713
4309 0.00959340564730172
4310 0.009592966720866087
4311 0.009593281288881218
4312 0.009592974011279809
4313 0.009593358454870853
4314 0.009593009961924673
4315 0.009593239748109906
4316 0.009593014729214233
4317 0.009593373569668148
4318 0.009593036786773541
4319 0.009593232765471223
4320 0.009593048089058165
4321 0.009593330001035327
4322 0.009593069384998732
4323 0.00959328712950345
4324 0.009593025856774759
4325 0.009593377148779843
4326 0.009593005375774457
4327 0.009593300189136072
4328 0.009592986244730177
4329 0.009593345197674573
4330 0.009593030992463211
4331 0.009593316765865369
4332 0.009593002887581603
4333 0.00959335362462105
4334 0.009593020569335423
4335 0.009593277257414346
4336 0.009593040045042913
4337 0.009593362805907854
4338 0.009593064594449391
4339 0.009593260106401847
4340 0.009593043765714919
4341 0.009593366829553973
4342 0.009593021451597308
4343 0.009593271685538696
4344 0.009593006188303681
4345 0.009593281924792323
4346 0.009592972298796536
4347 0.009593257447768353
4348 0.009593000552211302
4349 0.00959333546769843
4350 0.009592947863175483
4351 0.009593321901978934
4352 0.009593006301851966
4353 0.009593411998219772
4354 0.009592998638678931
4355 0.009593343128205707
4356 0.009592965793019321
4357 0.009593361201848552
4358 0.009592999939519503
4359 0.009593327340033004
4360 0.009592997590972433
4361 0.009593305000710284
4362 0.009593043472326779
4363 0.009593304713676481
4364 0.009593038221888036
4365 0.009593321714015668
4366 0.009593063203550557
4367 0.009593268376966673
4368 0.009593033199666675
4369 0.009593334033929051
4370 0.009593067777481349
4371 0.009593302580306782
4372 0.00959301509803087
4373 0.009593393090666475
4374 0.009593022193550552
4375 0.009593289212346413
4376 0.009592990678303706
4377 0.009593375326042474
4378 0.009593010375217389
4379 0.009593255508146437
4380 0.009593033935312937
4381 0.009593394376153341
4382 0.00959302204619643
4383 0.009593233904781465
4384 0.009593018259212291
4385 0.009593343469003139
4386 0.009593053773256045
4387 0.00959325295285152
4388 0.009593051237633123
4389 0.009593350044276276
4390 0.009593029174235908
4391 0.009593266661735338
4392 0.009593019428119234
4393 0.009593318756284783
4394 0.009593026616208863
4395 0.009593300604388793
4396 0.009593023396721663
4397 0.009593370381347367
4398 0.009592990704855376
4399 0.009593319499335045
4400 0.009592990894732902
4401 0.009593360991916166
4402 0.009593055762142382
4403 0.00959329955874434
4404 0.009593062157423607
4405 0.009593406467919997
4406 0.009593046623898979
4407 0.009593248562734129
4408 0.009593042618014976
4409 0.009593353467245134
4410 0.009593063309962048
4411 0.009593263771810443
4412 0.00959305757610227
4413 0.009593350222896868
4414 0.009593031609964288
4415 0.009593285462202287
4416 0.009593040098675872
4417 0.009593339231190845
4418 0.009593019698068882
4419 0.009593326231149911
4420 0.009593034913787676
4421 0.009593332173770874
4422 0.009592943269899441
4423 0.009593324429764981
4424 0.009592966950247606
4425 0.009593384941013796
4426 0.009593019171824996
4427 0.009246982192161312
4428 0.009260540387707095
4429 0.009305470352640503
4430 0.009349870326072037
4431 0.009402692381443048
4432 0.009449645251124919
4433 0.009494379534809066
4434 0.009532475443055584
4435 0.009568312613080223
4436 0.00959949926368972
4437 0.009628206205791483
4438 0.009653145834164455
4439 0.009673632911541693
4440 0.00969061780500521
4441 0.009705850621795792
4442 0.009717631940257017
4443 0.009727525548788876
4444 0.009732928157884057
4445 0.009738033817328913
4446 0.009740619203360213
4447 0.009742053421240873
4448 0.009741087456642941
4449 0.009739608946634721
4450 0.009737909973761666
4451 0.009733782825630283
4452 0.009727694521809245
4453 0.009721419789311531
4454 0.009713198266686979
4455 0.00970635657653837
4456 0.00969838073633242
4457 0.009690998323801098
4458 0.009683107403401324
4459 0.009675523484409528
4460 0.009667764888169386
4461 0.009660797855241307
4462 0.009653305887337574
4463 0.009647270513546859
4464 0.009640973653088112
4465 0.009635928177725418
4466 0.009630688303119984
4467 0.009626903425084201
4468 0.009622723772814236
4469 0.009619893962988818
4470 0.009616505571942026
4471 0.009614332557351562
4472 0.009611816635245367
4473 0.009610460895139818
4474 0.009608680577544552
4475 0.009608091849388715
4476 0.009607167989672122
4477 0.009607368840908539
4478 0.009606702451870612
4479 0.009606939318418396
4480 0.009606543132822493
4481 0.009607211463491167
4482 0.009606898666290112
4483 0.009607810366150542
4484 0.00960828459424121
4485 0.009609777694805669
4486 0.009610812289820895
4487 0.009612577134793562
4488 0.009613586320826204
4489 0.009615586779636934
4490 0.009616236483568236
4491 0.009618060561254622
4492 0.009618995353115571
4493 0.009621223679845746
4494 0.009622085948551556
4495 0.009624049406993357
4496 0.009624808202942118
4497 0.009626467913379348
4498 0.009626859675259836
4499 0.009628690645312294
4500 0.009629240050045123
4501 0.00963096350816162
4502 0.009631118443451979
4503 0.009632481443590635
4504 0.00963259237827889
4505 0.009633770702958778
4506 0.009633843771183179
4507 0.009634843883142221
4508 0.009634809270354107
4509 0.009635697128140663
4510 0.009635523474217731
4511 0.00963605390992826
4512 0.009635957934191858
4513 0.009636428177936453
4514 0.009636295955498362
4515 0.009636819826783846
4516 0.0096364549684142
4517 0.009636877340920818
4518 0.009636303187968289
4519 0.009636798195191643
4520 0.009636000038680497
4521 0.009636316838139385
4522 0.009635372465845223
4523 0.009635784569351456
4524 0.009634645508932583
4525 0.0096350415637421
4526 0.009634033279312523
4527 0.009634335696764227
4528 0.009633409426495288
4529 0.009633741667466309
4530 0.009632949184327498
4531 0.009633120493826147
4532 0.009632438946934066
4533 0.009632673341285645
4534 0.009632005749285015
4535 0.009631921093017349
4536 0.009373200251582418
4537 0.009378000107562489
4538 0.009394709823013284
4539 0.009429182561522021
4540 0.009456568328304545
4541 0.00948459583058385
4542 0.009509507831699538
4543 0.009534879296081484
4544 0.009558210637588571
4545 0.009578557367231462
4546 0.009599720558730471
4547 0.009616975664258039
4548 0.009631012784682952
4549 0.009646379312361442
4550 0.009656666885764803
4551 0.009665619734548825
4552 0.009673661231712403
4553 0.009679058385400435
4554 0.009684093869285506
4555 0.009686239266370571
4556 0.009688437691586366
4557 0.009687930497388428
4558 0.009686724728487332
4559 0.009683796567086782
4560 0.009680677759420716
4561 0.009675966747810493
4562 0.009672371884264421
4563 0.009666524339766195
4564 0.009662419350507837
4565 0.009657359072411019
4566 0.009652795371841159
4567 0.009646726420107384
4568 0.009642835008835737
4569 0.009637448313416251
4570 0.009632633703853798
4571 0.009628727721884098
4572 0.009624052218112293
4573 0.009619902290858613
4574 0.009616353363608582
4575 0.009612487484300236
4576 0.009608867134035972
4577 0.009606310912106505
4578 0.009603261907897755
4579 0.009599520608750394
4580 0.009596441591513235
4581 0.009592839170176891
4582 0.009590259675374944
4583 0.009587964606605914
4584 0.009586271412961266
4585 0.00958468344875054
4586 0.00958352800102436
4587 0.009581387549873723
4588 0.009580750380147694
4589 0.009580167027326824
4590 0.009578885732324322
4591 0.00957789339344103
4592 0.009578010764618653
4593 0.009576624743202465
4594 0.009576405057846009
4595 0.009577078625523731
4596 0.009576908599074013
4597 0.009576950266881649
4598 0.009577945292240639
4599 0.009577908994412602
4600 0.009579116058924272
4601 0.009580731675007786
4602 0.009581673181848648
4603 0.009582008701902588
4604 0.009583650664129542
4605 0.00958403533917798
4606 0.00958531847323228
4607 0.009586849136865515
4608 0.009587793891299538
4609 0.009588308087571648
4610 0.009589885003951797
4611 0.009589983462368968
4612 0.009590703922914612
4613 0.009591721270693701
4614 0.009592064271507807
4615 0.009591947292074583
4616 0.00959330458713091
4617 0.009593141985168294
4618 0.009593835337130012
4619 0.009594674947017342
4620 0.009594976577299446
4621 0.009594821137702488
4622 0.009595810592653376
4623 0.009595453946914419
4624 0.009595967036363891
4625 0.009596671225016132
4626 0.009596790984452873
4627 0.009596363278590923
4628 0.00959718199452376
4629 0.009596680446976251
4630 0.009597015554675372
4631 0.0095973838811026
4632 0.00959733487760972
4633 0.009596742568122063
4634 0.009597222029144217
4635 0.009596353852362309
4636 0.00959641554912612
4637 0.009596740567624258
4638 0.009596476143998287
4639 0.009595638320470634
4640 0.009596092122356686
4641 0.009594994079875312
4642 0.009594945053275742
4643 0.009595023644468787
4644 0.009405636087794217
4645 0.009445917785634099
4646 0.009475954897939821
4647 0.009503582683964422
4648 0.009527152032487671
4649 0.009551072737888933
4650 0.009565870089412093
4651 0.009578997938541436
4652 0.009590311164962817
4653 0.0095999595927263
4654 0.009608071124005871
4655 0.009615201886431085
4656 0.009622598388622819
4657 0.009632318163406931
4658 0.009640467966505726
4659 0.009645557156267403
4660 0.009650486899229259
4661 0.009650590263430792
4662 0.009653296928596154
4663 0.009657142662889489
4664 0.009660114450091187
4665 0.009661459757734929
4666 0.00966370540081706
4667 0.009663901069471386
4668 0.009664994263778261
4669 0.009664247224819608
4670 0.009663295999071984
4671 0.009661797577662171
4672 0.009660346946879292
4673 0.009658101742311281
4674 0.009656601020904184
4675 0.00965426901678334
4676 0.009653262148019372
4677 0.00965112157849312
4678 0.009649601536292646
4679 0.009646884591896157
4680 0.009646065094336373
4681 0.00964435683562908
4682 0.009642786376403435
4683 0.009640215490614569
4684 0.009639239851466414
4685 0.009637342310888832
4686 0.009636531238408231
4687 0.009635122548508915
4688 0.009634424605501297
4689 0.00963342822518983
4690 0.009632561396651709
4691 0.009631159153005027
4692 0.009631073264827669
4693 0.009629451446455314
4694 0.009628502705226444
4695 0.009627656023247366
4696 0.009626841384680739
4697 0.009625413586338626
4698 0.009625237498360391
4699 0.009623865665866265
4700 0.009623976180985906
4701 0.009623901958906327
4702 0.009623557112748688
4703 0.009622844861644718
4704 0.009623196483839049
4705 0.009622064451504252
4706 0.009622071152379487
4707 0.00962194081557923
4708 0.009621501870480375
4709 0.009620943024423288
4710 0.009621525105265706
4711 0.009620784567492
4712 0.009621157360966307
4713 0.009621252516135154
4714 0.009621215638423787
4715 0.009621011205336448
4716 0.009622011086495836
4717 0.009621749546889293
4718 0.009622405740793736
4719 0.00962290893753954
4720 0.009623294942215877
4721 0.009623406590699284
4722 0.009624549771300003
4723 0.00962437243350049
4724 0.00962531376882615
4725 0.009626087741350937
4726 0.009626423596372597
4727 0.009626527417617261
4728 0.009627600072700233
4729 0.009627454657792869
4730 0.009628065861570846
4731 0.009628508382559364
4732 0.009628681232150349
4733 0.009628447445359322
4734 0.009629219675532735
4735 0.009628644503951183
4736 0.009629112117938755
4737 0.00962942404547187
4738 0.009629313103768033
4739 0.009629103676864596
4740 0.009629668632727366
4741 0.009628910873662348
4742 0.009629134369661991
4743 0.009629345120914748
4744 0.009629203154480915
4745 0.009628908064448939
4746 0.009629552120557361
4747 0.009628853555912484
4748 0.009629165250709377
4749 0.009629434992713027
4750 0.00962922345160676
4751 0.009628791506813103
4752 0.009629249557321012
4753 0.009628397292351733
4754 0.009628540980003691
4755 0.009628642454697757
4756 0.009628448016804965
4757 0.009627966703127371
4758 0.009628334361086909
4759 0.009627433205668123
4760 0.009627474867191465
4761 0.009627629293568408
4762 0.00962734914963778
4763 0.009626737430198854
4764 0.009627173766632354
4765 0.009626279050757358
4766 0.009626392161992106
4767 0.009626500348770424
4768 0.009626225889453591
4769 0.00962574164275937
4770 0.009626171895060152
4771 0.009625381637863627
4772 0.009625468609366907
4773 0.009408619797532941
4774 0.009480631958113392
4775 0.009527734064229505
4776 0.009563581650089194
4777 0.009586464392333235
4778 0.009614135553682381
4779 0.009632949316194227
4780 0.009650994255821261
4781 0.009663698525097809
4782 0.00967568518902431
4783 0.009684580248026035
4784 0.009695664681087374
4785 0.009703913896944093
4786 0.009710543141679819
4787 0.009716296560052214
4788 0.009722925317006375
4789 0.009726312281925125
4790 0.009732320377075401
4791 0.009736356262694288
4792 0.009741464534074365
4793 0.009744906308963342
4794 0.009749351724687537
4795 0.009752079932227733
4796 0.009756146184010068
4797 0.009758505202905558
4798 0.009762420393491147
4799 0.009764278934018588
4800 0.00976773652848778
4801 0.009769537547861262
4802 0.009773025795461006
4803 0.009774302835839799
4804 0.009777405619009805
4805 0.009778532293004962
4806 0.009780705377519638
4807 0.009782597254401329
4808 0.009784740949605507
4809 0.009785475209925974
4810 0.0097868959945779
4811 0.009786707025466196
4812 0.009788124543240162
4813 0.009788696264160974
4814 0.009790533359492001
4815 0.009791029581283637
4816 0.009792158615020519
4817 0.009792228113191319
4818 0.009793218811699684
4819 0.009792699588100483
4820 0.009793625277570562
4821 0.009793224600221364
4822 0.009793693946452934
4823 0.009793529848470574
4824 0.009794322331708863
4825 0.009793710708090186
4826 0.00979449529417234
4827 0.009794233017869344
4828 0.009795034850161895
4829 0.009794838209295109
4830 0.009796010657785383
4831 0.009796057405444362
4832 0.009797218755669456
4833 0.009797298057053962
4834 0.009798892391028767
4835 0.009798851623407696
4836 0.009800492793795417
4837 0.009801166866765902
4838 0.009802711807194239
4839 0.00980291879983327
4840 0.009804294280253659
4841 0.009804802961829201
4842 0.009806563466923471
4843 0.009806466629955045
4844 0.009807879901418858
4845 0.009808685484104476
4846 0.009810305154332243
4847 0.009810698269274745
4848 0.009812190215195303
4849 0.009812574968474709
4850 0.009813939938773705
4851 0.009814000652349306
4852 0.009815402568388866
4853 0.009815380602215196
4854 0.009816825817600568
4855 0.009816744400342295
4856 0.009817980390450355
4857 0.009817921717546464
4858 0.009818697723946768
4859 0.009818638860357014
4860 0.009819479917803083
4861 0.009819262727974554
4862 0.009820622838994049
4863 0.009820128162982274
4864 0.009821249200365473
4865 0.00982134679801192
4866 0.009822155953667812
4867 0.009822209735237512
4868 0.009823237241367775
4869 0.009822668790503187
4870 0.009823758420948752
4871 0.009823481658866194
4872 0.009823990458870356
4873 0.009823501530054618
4874 0.009824300519596032
4875 0.009823524204630242
4876 0.009824105272772143
4877 0.009823229273572071
4878 0.009823830040466068
4879 0.009823279723346972
4880 0.009823434004508982
4881 0.009822609202823386
4882 0.009823139087020216
4883 0.009822045627660266
4884 0.009822497485089116
4885 0.009821977248176459
4886 0.009822251538949434
4887 0.009821371018827105
4888 0.009821874367171617
4889 0.009820857740952
4890 0.009821435114847116
4891 0.009820936700167884
4892 0.009821239251299373
4893 0.009820602969339044
4894 0.009821156852021014
4895 0.009820447511551126
4896 0.009820816544991654
4897 0.009820173292092855
4898 0.009820727113309745
4899 0.009820028706295619
4900 0.009820595590910064
4901 0.009820060361973958
4902 0.009820338947032636
4903 0.009819835255550191
4904 0.009820273047848488
4905 0.00981977736533207
4906 0.009819726187131677
4907 0.009451430824146342
4908 0.009448111589749369
4909 0.009455469579914446
4910 0.009471164165712118
4911 0.009492703008519851
4912 0.009513510784972354
4913 0.009533175192750572
4914 0.009552866356444093
4915 0.00957046611138559
4916 0.009588810302603661
4917 0.009604984221153896
4918 0.009621997265971389
4919 0.009635566475997424
4920 0.009649260695018475
4921 0.009660528850594834
4922 0.009672647601018217
4923 0.009682158651524999
4924 0.009692013614109424
4925 0.009699501133630125
4926 0.009708306360932145
4927 0.009714123159728969
4928 0.009720284893593324
4929 0.009723757948771028
4930 0.009728268218766632
4931 0.00973057574793275
4932 0.009733772788786657
4933 0.009735085160312091
4934 0.00973753775404863
4935 0.009738130127579481
4936 0.00973908619395396
4937 0.009738174469426137
4938 0.009738366122744549
4939 0.009736609063372982
4940 0.009736046100586818
4941 0.009733450192880171
4942 0.009732743230635868
4943 0.009730365453412252
4944 0.009729627656166738
4945 0.009727368862056739
4946 0.009726512003006234
4947 0.0097242845611922
4948 0.009723558864210826
4949 0.009721485146398874
4950 0.009721012365272378
4951 0.009719304384975744
4952 0.009718884898385072
4953 0.009717439896915011
4954 0.00971734876312076
4955 0.009716061033484354
4956 0.009715962418918964
4957 0.009714708119900635
4958 0.00971481357688824
4959 0.009713736149389187
4960 0.009713897322639671
4961 0.009712910640672066
4962 0.009713310931226534
4963 0.009712174646676354
4964 0.009712072532612543
4965 0.00971146797732411
4966 0.009712011899514508
4967 0.00971130727951872
4968 0.009712155496200629
4969 0.009711984408655399
4970 0.009712505748253896
4971 0.009712229358306408
4972 0.00971305158957993
4973 0.009712617305226229
4974 0.009713544270674583
4975 0.009713361826034725
4976 0.009714073716965062
4977 0.009713634408138959
4978 0.009714702788866342
4979 0.009714108623669181
4980 0.009714967739549532
4981 0.009715093255340215
4982 0.009715716734045338
4983 0.009715395505851383
4984 0.009716356547717133
4985 0.009716066918766943
4986 0.009717012079369744
4987 0.009716674813459374
4988 0.009717423443060438
4989 0.00971726411546305
4990 0.009717928502007088
4991 0.009717457130943146
4992 0.009718111549734936
4993 0.009717597998479195
4994 0.009718395025372082
4995 0.009718249363431151
4996 0.009718904653039808
4997 0.009718315741712866
4998 0.00971915204859135
4999 0.00971875113430477
5000 0.009719605156221896
5001 0.009718922933481979
5002 0.009720104370269118
5003 0.009719260514903813
5004 0.009720442221909747
5005 0.009719487893580115
5006 0.009720644018247454
5007 0.009719847531153762
5008 0.009720841429784438
5009 0.00972010213060253
5010 0.009721115895124361
5011 0.00972054900117037
5012 0.009721555560113726
5013 0.009720989393823378
5014 0.009721946928308457
5015 0.009721248537682657
5016 0.00972212642517536
5017 0.009721479362948399
5018 0.009722436817085775
5019 0.009721720564956229
5020 0.009722883155874216
5021 0.009722020378837617
5022 0.009722945543072103
5023 0.009722140214094663
5024 0.00972320637273837
5025 0.009722257374753789
5026 0.009723045114175205
5027 0.009722297654750007
5028 0.009723264906067843
5029 0.00972241601063238
5030 0.009723205501859242
5031 0.009722191049888451
5032 0.009723114728082136
5033 0.009722217538415028
5034 0.009722853528575546
5035 0.009722161450341878
5036 0.009723024943281646
5037 0.009722394347122626
5038 0.009722742355079984
5039 0.009722316976417506
5040 0.009722756728068336
5041 0.009722314338615956
5042 0.009722752739909848
5043 0.009722235825666519
5044 0.009722856581066957
5045 0.009722104230741477
5046 0.009722565446917172
5047 0.009722139877937413
5048 0.009722359653187759
5049 0.009721844166242794
5050 0.009722441650696592
5051 0.00972144356049358
5052 0.009722028340187433
5053 0.009721596661540283
5054 0.009721948359302146
5055 0.009721418260073814
5056 0.009721812065016747
5057 0.00972126378515141
5058 0.009721584353460825
5059 0.009720986208387532
5060 0.00972145467430729
5061 0.009720862119744269
5062 0.009721401454144478
5063 0.009720544891598707
5064 0.009721090870225622
5065 0.009720736806303589
5066 0.009720921314691955
5067 0.009720396019075546
5068 0.009721045632270909
5069 0.009720160665316759
5070 0.009720789735746981
5071 0.009720251760917446
5072 0.009720774750382247
5073 0.009720381604144443
5074 0.009720925069299027
5075 0.009720321579187743
5076 0.009720748185035996
5077 0.009720380920582613
5078 0.009720861375408806
5079 0.009720326816357998
5080 0.009720793434871949
5081 0.009720422434766169
5082 0.009720850987027685
5083 0.009720326920509482
5084 0.00972083595162878
5085 0.009720413118869691
5086 0.009720897337111321
5087 0.009720362829897761
5088 0.009720835309063699
5089 0.009720482405857087
5090 0.009720925215075419
5091 0.009720370095691856
5092 0.009720951408782387
5093 0.009720513428259792
5094 0.00972114871166759
5095 0.009720373819635971
5096 0.009720927602808398
5097 0.009720663905670309
5098 0.00972098976898106
5099 0.009720507977495676
5100 0.009721169672014109
5101 0.009720401387897971
5102 0.009721031020771497
5103 0.009720581644450658
5104 0.009721137768404432
5105 0.00972070961570223
5106 0.00972134896985901
5107 0.009720613429718831
5108 0.009721232543895127
5109 0.009720968853058558
5110 0.009721270844992863
5111 0.00972075585216038
5112 0.009721596042971632
5113 0.009720528423808961
5114 0.009721522728566858
5115 0.009720941349203791
5116 0.009721127260989676
5117 0.00972075336190493
5118 0.00972152405613865
5119 0.00972049989214812
5120 0.009721247255792943
5121 0.00972047245786359
5122 0.009721183487309245
5123 0.009720519043382508
5124 0.009721323308439934
5125 0.009720177595434202
5126 0.009721291086278212
5127 0.009720620507193033
5128 0.009720992162956771
5129 0.009720625495807211
5130 0.009721496590374001
5131 0.009720239707677379
5132 0.009721155137233943
5133 0.009720476485506818
5134 0.009721372892171355
5135 0.009720536780947666
5136 0.009721336155709644
5137 0.009720446460900097
5138 0.00972134707357614
5139 0.009720427245237863
5140 0.009721339849453298
5141 0.009720445230798468
5142 0.009721342043381851
5143 0.009720341082214874
5144 0.009721122724801443
5145 0.009720424834970471
5146 0.009721077053899217
5147 0.009720309038663487
5148 0.009721219124324896
5149 0.009720053989096311
5150 0.009721115177420166
5151 0.009720271105942365
5152 0.009721311263429165
5153 0.009720385388832027
5154 0.009721329402387001
5155 0.009720433164211941
5156 0.009721304719522546
5157 0.009720409304044947
5158 0.00972129851792692
5159 0.009720396288509256
5160 0.009721291714334944
5161 0.009720395558021058
5162 0.009721353136338373
5163 0.009720317507880612
5164 0.00972110915126854
5165 0.009720442602476238
5166 0.009721033114532214
5167 0.009720234796780421
5168 0.009721212432281275
5169 0.009720056746624951
5170 0.009721149993129726
5171 0.009720290265775061
5172 0.009721288113626199
5173 0.009720386188254104
5174 0.009721389150076068
5175 0.009720470244059046
5176 0.009721356682552819
5177 0.009720366641187131
5178 0.009721220506217239
5179 0.009720541278040947
5180 0.009721080248256839
5181 0.009720277446161767
5182 0.009721265353227189
5183 0.009720186565483959
5184 0.009721118902272915
5185 0.009720412955689721
5186 0.009721191210432739
5187 0.009720410258208899
5188 0.009721347867098747
5189 0.00972027286502461
5190 0.009721248548395374
5191 0.009720506722685788
5192 0.009721279464203461
5193 0.009720317118931111
5194 0.009721295043299997
5195 0.009720171700414372
5196 0.009721077802410837
5197 0.009720384314271085
5198 0.009721228304384754
5199 0.009720381777963862
5200 0.009721364282457824
5201 0.009720270155846956
5202 0.00972128940211657
5203 0.009720279838846692
5204 0.009721148012496118
5205 0.009720389967618984
5206 0.009720993869420401
5207 0.009720115609226469
5208 0.009721185992169463
5209 0.009720000389466861
5210 0.009721018942475167
5211 0.009720213094943557
5212 0.009721239699919497
5213 0.009720328035314463
5214 0.009721353421582877
5215 0.009720317021445416
5216 0.00972126004781225
5217 0.009720449848919035
5218 0.009721329275181274
5219 0.009720336011187583
5220 0.0097212971915178
5221 0.009720238049231458
5222 0.009721103396698001
5223 0.009720438131207459
5224 0.009721101432698493
5225 0.009720248374923786
5226 0.009721283523769627
5227 0.009720151361835747
5228 0.009721134321540221
5229 0.00972035892427423
5230 0.009721250707261627
5231 0.009720451515782788
5232 0.009721422656268202
5233 0.009720436869851485
5234 0.00972127970717265
5235 0.009720385193021585
5236 0.009721330419073077
5237 0.009720287903917518
5238 0.009721272268051643
5239 0.009720186225540429
5240 0.009721080057621118
5241 0.009720315677866074
5242 0.009720976167194079
5243 0.009720148741781499
5244 0.009721186831099592
5245 0.009719980647974989
5246 0.009720972965610227
5247 0.009720195107085943
5248 0.009721338447164439
5249 0.009720291003269004
5250 0.009721229313441295
5251 0.009720331986090283
5252 0.009721202012277479
5253 0.009720295162504696
5254 0.009721343139743268
5255 0.009720353218307751
5256 0.009721317000465964
5257 0.009720289058253066
5258 0.009721184765694769
5259 0.009720402380454778
5260 0.009721094483095065
5261 0.009720251533824342
5262 0.009721264344171908
5263 0.009720247084415261
5264 0.009721283315070633
5265 0.009720227901234595
5266 0.009721075715955966
5267 0.009720427122111146
5268 0.009721125859252505
5269 0.009720271588209563
5270 0.009721312407947035
5271 0.009720182627460485
5272 0.009721210341526633
5273 0.009720437414324958
5274 0.009721299061965318
5275 0.009720509847804511
5276 0.009721414547373538
5277 0.009720459514282329
5278 0.009721322862961455
5279 0.009720495625074274
5280 0.00972146423196027
5281 0.009720490744992573
5282 0.009721247643769613
5283 0.00972040055316235
5284 0.009721345700921515
5285 0.009720302709718878
5286 0.009721304219238894
5287 0.009720205364830547
5288 0.009721120208575339
5289 0.009720329326873974
5290 0.00972100474113155
5291 0.009720163277610726
5292 0.009721199025231404
5293 0.009719987962822748
5294 0.009720990435544937
5295 0.009720181807273028
5296 0.009721332577444805
5297 0.009720305029397497
5298 0.009721243758341165
5299 0.009720349819315025
5300 0.009721191858382307
5301 0.009720331228858311
5302 0.009721312667218741
5303 0.009720388040854448
5304 0.009721326505399018
5305 0.009720291333481986
5306 0.009721161447054576
5307 0.009720427343546277
5308 0.009721052958460664
5309 0.009720236313011835
5310 0.00972123868835224
5311 0.009720156073182213
5312 0.009721163786070297
5313 0.009720256702781011
5314 0.009721017739559532
5315 0.009720234264280255
5316 0.009721244170952109
5317 0.009720195797231945
5318 0.009721157832744708
5319 0.009720436163595008
5320 0.009721142583041525
5321 0.009720254258023931
5322 0.009721287063550263
5323 0.009720219985295106
5324 0.00972120147896626
5325 0.009720453436161122
5326 0.009721291960491258
5327 0.009720490109946304
5328 0.009721467239461181
5329 0.009720341795662966
5330 0.009721315676883271
5331 0.009720431293099721
5332 0.00972137402997241
5333 0.009720434638089625
5334 0.009721232051923392
5335 0.009720415234505351
5336 0.009721307357562443
5337 0.009720348443566406
5338 0.009721152037253131
5339 0.009720300978114393
5340 0.009721214018013791
5341 0.009720187867333242
5342 0.009721090690860154
5343 0.009720248632992841
5344 0.009721075128674098
5345 0.009720152884008843
5346 0.009721165693348121
5347 0.009720222857301924
5348 0.009721193380685092
5349 0.009720154057420121
5350 0.009720979938226248
5351 0.009720296411726816
5352 0.009721040026235139
5353 0.009720186283556002
5354 0.009721190316759158
5355 0.00972013017157365
5356 0.009721096580513773
5357 0.009720363604199669
5358 0.00972125356200775
5359 0.009720474084388586
5360 0.009721429020034924
5361 0.00972046845050281
5362 0.009721283040638658
5363 0.00972041467145769
5364 0.009721418595754684
5365 0.009720352906996521
5366 0.009721327594974516
5367 0.009720295348334115
5368 0.009721101644522221
5369 0.00972037146839435
5370 0.00972107193018147
5371 0.009720254484001219
5372 0.009721282243240955
5373 0.009720055618070713
5374 0.009721043254084773
5375 0.009720289592272273
5376 0.009721273273228656
5377 0.009720283325785197
5378 0.009721319336917889
5379 0.009720183960861127
5380 0.009721130504795644
5381 0.009720392356926639
5382 0.009721200912782635
5383 0.009720414628605806
5384 0.009721351578811412
5385 0.009720418244578
5386 0.009721229165519195
5387 0.009720368202197793
5388 0.009721317049832638
5389 0.00972027938248168
5390 0.009721250854142509
5391 0.00972020028079257
5392 0.009721063067818161
5393 0.009720327384454858
5394 0.009720970734074007
5395 0.009720174509709139
5396 0.00972120451993801
5397 0.009719968844243886
5398 0.009720981150233187
5399 0.009720179371861934
5400 0.009721338490757524
5401 0.009720278425868265
5402 0.009721242212304762
5403 0.009720328146178561
5404 0.009721199297254429
5405 0.00972031831582266
5406 0.009721240341973719
5407 0.009720432652738312
5408 0.009721372936470154
5409 0.009720312645075542
5410 0.009721201821177724
5411 0.009720402279861809
5412 0.009721226183827638
5413 0.009720131309951236
5414 0.009721042116608009
5415 0.009720323580990909
5416 0.009721006969134834
5417 0.00972015908055166
5418 0.009721233695235513
5419 0.009720107602618796
5420 0.00972116345437486
5421 0.009720370176259124
5422 0.009721262685536927
5423 0.009720426732888999
5424 0.009721424880745219
5425 0.009720374045299711
5426 0.009721402321200456
5427 0.009720400540583717
5428 0.00972138046757781
5429 0.009720328962508008
5430 0.009721274672836623
5431 0.009720380662513815
5432 0.009721268679686253
5433 0.009720231867352734
5434 0.009721097533208312
5435 0.009720365576983619
5436 0.009721069157720396
5437 0.009720217046838529
5438 0.00972127295285817
5439 0.009720168507299053
5440 0.00972117709863695
5441 0.009720276156912367
5442 0.009721019723409545
5443 0.009720261238991614
5444 0.009721256138556005
5445 0.009720267687158515
5446 0.00972128588048516
5447 0.00972031878388812
5448 0.009721181243931246
5449 0.009720426886248339
5450 0.009721046251705416
5451 0.009720217768690961
5452 0.009721245705452592
5453 0.00972004586054599
5454 0.009721090954493587
5455 0.009720275891633191
5456 0.009721401705577478
5457 0.009720383192443525
5458 0.009721371341924578
5459 0.009720447721177951
5460 0.009721319037102081
5461 0.009720306432035702
5462 0.009721248331749782
5463 0.009720346397333416
5464 0.009721283758951768
5465 0.009720271989167919
5466 0.009721321844799971
5467 0.009720179524248531
5468 0.009721040698465024
5469 0.009720339846380736
5470 0.009721062295591672
5471 0.00972025663734406
5472 0.009721246121685914
5473 0.009720055442859088
5474 0.0097210827637514
5475 0.009720366979281731
5476 0.009721116848921936
5477 0.009720238696478412
5478 0.009721279830636215
5479 0.009720167639965027
5480 0.009721162953115816
5481 0.009720420994656934
5482 0.009721211281179608
5483 0.009720373255038918
5484 0.009721369310985531
5485 0.009720161915638651
5486 0.009721115907788394
5487 0.009720458090284491
5488 0.009721325063739749
5489 0.009720442153699695
5490 0.009721403970887619
5491 0.009720397466270023
5492 0.009721355475048666
5493 0.009720312327770462
5494 0.009721190296336401
5495 0.009720402390981556
5496 0.009721062484494267
5497 0.009720154400661599
5498 0.009721190856048131
5499 0.00972004950795818
5500 0.009721088429592475
5501 0.009720243439975908
5502 0.0097211414360089
5503 0.009720309560898492
5504 0.009721297428516401
5505 0.00972029545251969
5506 0.009721131624010313
5507 0.009720297433128623
5508 0.00972126355013187
5509 0.009720232853176225
5510 0.009721244829468501
5511 0.009720215837379325
5512 0.00972120917018162
5513 0.009720153527415001
5514 0.009721048656088914
5515 0.009720236859959546
5516 0.009721211256134277
5517 0.009720223195895
5518 0.009721214794638935
5519 0.009720245394210786
5520 0.009721216370142368
5521 0.00972015234669929
5522 0.009720999706752362
5523 0.009720350272342266
5524 0.00972106486603146
5525 0.00972022373855232
5526 0.009721241838553886
5527 0.009720153807535962
5528 0.009721179435121663
5529 0.009720398412886518
5530 0.009721255704531856
5531 0.009720454425225353
5532 0.009721377678387003
5533 0.009720459041507399
5534 0.009721324729798269
5535 0.009720459951531433
5536 0.009721446515355097
5537 0.009720417070947642
5538 0.009721308113848689
5539 0.009720398588855686
5540 0.009721336489994094
5541 0.009720382224067617
5542 0.009721283190861017
5543 0.009720395565113569
5544 0.009721333360012959
5545 0.009720394393446916
5546 0.009721216154994539
5547 0.009720294591709052
5548 0.009721277576225472
5549 0.009720227085354803
5550 0.009721287125213798
5551 0.0097201556166252
5552 0.009721069652070346
5553 0.009720317978952819
5554 0.009721044379934178
5555 0.009720227938406789
5556 0.009721266347447858
5557 0.009720009490963329
5558 0.009721073758154402
5559 0.009720379869821445
5560 0.009721171506539188
5561 0.009720297742958506
5562 0.009721311839935798
5563 0.009720179028038522
5564 0.009721206136208553
5565 0.009720424863730816
5566 0.009721264261071295
5567 0.009720460779488764
5568 0.009721437559323627
5569 0.009720317725034807
5570 0.009721383561707021
5571 0.009720440926955244
5572 0.009721305287134326
5573 0.009720383456946721
5574 0.009721313511862886
5575 0.00972037583030521
5576 0.009721313628972874
5577 0.009720266893445292
5578 0.009721060720557576
5579 0.009720392682700018
5580 0.009720986942687672
5581 0.009720167355896354
5582 0.009721128951574703
5583 0.009720113480917413
5584 0.009721100633223762
5585 0.00972033662366481
5586 0.009721118275368113
5587 0.009720360330059359
5588 0.00972133924137864
5589 0.009720313394199523
5590 0.009721240748646954
5591 0.009720344591711554
5592 0.0097212674506972
5593 0.009720344346448495
5594 0.009721186592009585
5595 0.009720297981824194
5596 0.009721135446034628
5597 0.009720328903683309
5598 0.009721014745865258
5599 0.009720248370886963
5600 0.009721222905649352
5601 0.009720265109548687
5602 0.009721136131731577
5603 0.009720277522097073
5604 0.009721222960933459
5605 0.009720218606293254
5606 0.009721243911089042
5607 0.009720269254499153
5608 0.009721225115436672
5609 0.009720240219589567
5610 0.009721160596828048
5611 0.009720328208318666
5612 0.009721157786959332
5613 0.009720242837159672
5614 0.009721231862647043
5615 0.009720240614943306
5616 0.009721088842986506
5617 0.00972040148006737
5618 0.009721015180579863
5619 0.009720224024010576
5620 0.00972128468695117
5621 0.009720187797211044
5622 0.009721249841172402
5623 0.009720431137795549
5624 0.00972136552721552
5625 0.009720467115234827
5626 0.009721534838151972
5627 0.009720406859247691
5628 0.009721313735163923
5629 0.009720655583906111
5630 0.009721493683369073
5631 0.009720667437756143
5632 0.009721553642813826
5633 0.009720598035039626
5634 0.009721415262189812
5635 0.009720504005872641
5636 0.009721403285730934
5637 0.009720357935985972
5638 0.009721290291162348
5639 0.009720248712342366
5640 0.00972110661744318
5641 0.009720333440589885
5642 0.009721008817849113
5643 0.009720184207488767
5644 0.0097212075066406
5645 0.009719970196157432
5646 0.009720963673505105
5647 0.009720158465815292
5648 0.009721159338115137
5649 0.009720170650179915
5650 0.009721213807496029
5651 0.009720147026596116
5652 0.009721149323075138
5653 0.009720282712407075
5654 0.009721054756911382
5655 0.009720290992586892
5656 0.009721080003670911
5657 0.009379051003923495
5658 0.009382870542585469
5659 0.009402006970085452
5660 0.009425678311396565
5661 0.009457287146668348
5662 0.009482950331957514
5663 0.009513328948639268
5664 0.009539391272717976
5665 0.00956527133379321
5666 0.009588674927311209
5667 0.009609807966346253
5668 0.009629470857208024
5669 0.009647581717691117
5670 0.009665986496224034
5671 0.009682104833342389
5672 0.009696963472761911
5673 0.009709482166511772
5674 0.009720849177137364
5675 0.009729727256948574
5676 0.009738105909977712
5677 0.009743592918290961
5678 0.009748651745097639
5679 0.009751440700431937
5680 0.009754264439756509
5681 0.009754685841925763
5682 0.00975526013576538
5683 0.009753893731076876
5684 0.009753229720829721
5685 0.009750656640325173
5686 0.009748583467593894
5687 0.009745086239634618
5688 0.009742703405305725
5689 0.009738778680344074
5690 0.009735899617636573
5691 0.009731726910195759
5692 0.009728737756711087
5693 0.009724992019662823
5694 0.009722061955569499
5695 0.009718282415244568
5696 0.009716098701449181
5697 0.009712548714628106
5698 0.009710640902655505
5699 0.009707931120051087
5700 0.009706702621078117
5701 0.009704305252812557
5702 0.009703323738949979
5703 0.0097009106697369
5704 0.009700031273719866
5705 0.009698376557800675
5706 0.009697307008276108
5707 0.009694801472762886
5708 0.009694009655279518
5709 0.009692083942930701
5710 0.009691399215386526
5711 0.009689987779902523
5712 0.009689381783880778
5713 0.009688028303852887
5714 0.009687775216287739
5715 0.009686560608944295
5716 0.009686747978561793
5717 0.009685788148239087
5718 0.009685939271965883
5719 0.00968566749362757
5720 0.009686081008383819
5721 0.009685869977763877
5722 0.009686910647846722
5723 0.009686667536294895
5724 0.009687851165433591
5725 0.009688178817860538
5726 0.009688875511692218
5727 0.009688920042512658
5728 0.009690158533155527
5729 0.009689934061914936
5730 0.009691046332959197
5731 0.009691672073559972
5732 0.009692625507060059
5733 0.009692596340996186
5734 0.009693599813619298
5735 0.009693138614594128
5736 0.009694214758344864
5737 0.009694239054558578
5738 0.009694510345079285
5739 0.009694185670095794
5740 0.009694948141602067
5741 0.009694180482732472
5742 0.009694669324098727
5743 0.009694337766570008
5744 0.009694578558202906
5745 0.009694045695873578
5746 0.009694446149974601
5747 0.009693627440451774
5748 0.009694143417678687
5749 0.009693829455424746
5750 0.009693902498355618
5751 0.009693421591134599
5752 0.009694050759566473
5753 0.009693313961824011
5754 0.009693776865358252
5755 0.009693601268325542
5756 0.009693929064049044
5757 0.009693497827487742
5758 0.009694297171838435
5759 0.009693722728780616
5760 0.009694300315071323
5761 0.009694118568316716
5762 0.009694510781773328
5763 0.009694071179870603
5764 0.009694741594762619
5765 0.009694006659188275
5766 0.009694738931580339
5767 0.009694401381839543
5768 0.009695017977361246
5769 0.009694501688816307
5770 0.009695211299141937
5771 0.009694435664842632
5772 0.00969523491923803
5773 0.009694757511388827
5774 0.009695183420843519
5775 0.009694668920926824
5776 0.009695265963245029
5777 0.00969469810005829
5778 0.00969493224529443
5779 0.00969463748801871
5780 0.009695174696480045
5781 0.009694895459079497
5782 0.009694969446825522
5783 0.00934286465573452
5784 0.009363027103726307
5785 0.009403243528323816
5786 0.0094510976391979
5787 0.009507869943871872
5788 0.009559399553995374
5789 0.009607175143369244
5790 0.009649490245750318
5791 0.009688929106778169
5792 0.009723089363402217
5793 0.009751604626579835
5794 0.009778162055188031
5795 0.009801053449552045
5796 0.009822151840912601
5797 0.009837576407344959
5798 0.009850446494316736
5799 0.009858660136158706
5800 0.009864793059562059
5801 0.009867105206891574
5802 0.009868541482468667
5803 0.009865905988365174
5804 0.009863216158727282
5805 0.009857405288986588
5806 0.009853144087322588
5807 0.009845708345557659
5808 0.009838522288877433
5809 0.009829260356472693
5810 0.009822173290397166
5811 0.0098115499607518
5812 0.009802884478565558
5813 0.009793439233159973
5814 0.009784660307631771
5815 0.009775589200345661
5816 0.009768632220329421
5817 0.009760127693687972
5818 0.009753834056220699
5819 0.009746545798636081
5820 0.009740765627915902
5821 0.009734371359338257
5822 0.009729901528614191
5823 0.009724158920664144
5824 0.00972112904090042
5825 0.009717723681088088
5826 0.009715052553637575
5827 0.009712111196056116
5828 0.009711563935545113
5829 0.009709113571869404
5830 0.009708351032020944
5831 0.009707206448263811
5832 0.009706051980319085
5833 0.009704755655849049
5834 0.009704686968051525
5835 0.009703364721654175
5836 0.009703876880432442
5837 0.009703971588997164
5838 0.009704160854198386
5839 0.009704184614027101
5840 0.009705532902394605
5841 0.009705555844573688
5842 0.009707440558231077
5843 0.009708955857422982
5844 0.009710919685194427
5845 0.00971246726985254
5846 0.009715182402193103
5847 0.00971627411547946
5848 0.009719067006781898
5849 0.009720711749994128
5850 0.009722688742489686
5851 0.009724253242371875
5852 0.009727404727467175
5853 0.009728492957211034
5854 0.009730867865537458
5855 0.009732480962611994
5856 0.009734180354957298
5857 0.009735228978092033
5858 0.009737112446615499
5859 0.009737313185883171
5860 0.009738884286719204
5861 0.009739766837708226
5862 0.009740262709958035
5863 0.00974012555774516
5864 0.009741413712925584
5865 0.009740843602696966
5866 0.009741476587671957
5867 0.009741615584408652
5868 0.009741838518588635
5869 0.009741371361499832
5870 0.009741858861304414
5871 0.009740620170818969
5872 0.009741110471011942
5873 0.009740761809012309
5874 0.0097403526964846
5875 0.009739535688645282
5876 0.009740176130370393
5877 0.009738893519502209
5878 0.009739124382583394
5879 0.00973861937914138
5880 0.009738333585246877
5881 0.009737548177156266
5882 0.009737810465484159
5883 0.009736513487355354
5884 0.009736787004696566
5885 0.009736427792336839
5886 0.009735966931691894
5887 0.009735138158216713
5888 0.009735602631941748
5889 0.009734396170998954
5890 0.009734437233728462
5891 0.009733999383694453
5892 0.009733787734197849
5893 0.009733057978778598
5894 0.009733421406048255
5895 0.009732228577662984
5896 0.009732592717897356
5897 0.009732329765270322
5898 0.009731934564165001
5899 0.009731260620034748
5900 0.009731744622225487
5901 0.009730815298362967
5902 0.009731096485615359
5903 0.009730937162798244
5904 0.009731120121914913
5905 0.009730702274781183
5906 0.009731159237059615
5907 0.009730074512864511
5908 0.009730642886355162
5909 0.009730810544434143
5910 0.009730336395986874
5911 0.009730026228068888
5912 0.009730659865649126
5913 0.0097298285129673
5914 0.009730145257567355
5915 0.009730067235718768
5916 0.009472924086691738
5917 0.009475548106620118
5918 0.009494159870121959
5919 0.009524980034202912
5920 0.009552761192618622
5921 0.009580588335399414
5922 0.009608024977398306
5923 0.00963111262850324
5924 0.009653149437565053
5925 0.009672587836285627
5926 0.009690776074294517
5927 0.009707995278008906
5928 0.009723554303603586
5929 0.009734538992121074
5930 0.009746855915538767
5931 0.00975231679474736
5932 0.009760583178179676
5933 0.009766355845149644
5934 0.009770551757079998
5935 0.00977405089871171
5936 0.009775390458781003
5937 0.0097769870851513
5938 0.009777383733250881
5939 0.009776610707314318
5940 0.009773314195002145
5941 0.009769026918504337
5942 0.009767478708265111
5943 0.009763996512307279
5944 0.009759189425182627
5945 0.009754451103918428
5946 0.009749810544936786
5947 0.009744177148691881
5948 0.009741436864286152
5949 0.009735260402458932
5950 0.009730051428807613
5951 0.009725435437444158
5952 0.009721147291960395
5953 0.009716936250048077
5954 0.009713884648679243
5955 0.009709527009986806
5956 0.009705419528952644
5957 0.009701928577782263
5958 0.009697794147030816
5959 0.009693282309133761
5960 0.009691651925752717
5961 0.009688377520347164
5962 0.009685860291243719
5963 0.009684955636437134
5964 0.009683572258300549
5965 0.009680748738746071
5966 0.009680369864001543
5967 0.009678013105902021
5968 0.009677486203441108
5969 0.009676823461949683
5970 0.009676350626169731
5971 0.009674443210356319
5972 0.009674878161798258
5973 0.009673511645458601
5974 0.009673107204121227
5975 0.009673967477767933
5976 0.009674156949780431
5977 0.009673725770702184
5978 0.009674581163341803
5979 0.009673535024266844
5980 0.009674469662738612
5981 0.00967561340828472
5982 0.009675870817596443
5983 0.009676026517533803
5984 0.009677594731312467
5985 0.009677598593482967
5986 0.009678670149114057
5987 0.009680308878363388
5988 0.009681127959905785
5989 0.009681346720473223
5990 0.009682565380679114
5991 0.009682761586365338
5992 0.009683300186121541
5993 0.009684636090885034
5994 0.009685036829913833
5995 0.009684916893321164
5996 0.009686311714489738
5997 0.009686351368470118
5998 0.009687203966949606
5999 0.009687763943471936
6000 0.00968838703738951
6001 0.009688015262602547
6002 0.009689379053134273
6003 0.009689234638660517
6004 0.009689403220556492
6005 0.009690274570015679
6006 0.009690505002444862
6007 0.009689742686598404
6008 0.009690553164888056
6009 0.009689734054139535
6010 0.009690121658684514
6011 0.009690225627991168
6012 0.009690715004954716
6013 0.009689986474507962
6014 0.009690293342461027
6015 0.009689622162370785
6016 0.009689556631924513
6017 0.009689488633654412
6018 0.009688923203771778
6019 0.009688228259141611
6020 0.009688655488060886
6021 0.009687440612895544
6022 0.009687535568880532
6023 0.009687631098160053
6024 0.009687363382031319
6025 0.009686445950308351
6026 0.009686762994205986
6027 0.009685738843102549
6028 0.00968539395421205
6029 0.009685456012414512
6030 0.009685055753124706
6031 0.009683971403178828
6032 0.009684421936333084
6033 0.009683438157116678
6034 0.009683142773312815
6035 0.009683082864527431
6036 0.00948692293035114
6037 0.009528058532049377
6038 0.009556512075689331
6039 0.009587738509876952
6040 0.009604525405376981
6041 0.009627073687266782
6042 0.009643341697497195
6043 0.009659830359565653
6044 0.009670937756424703
6045 0.009683042405340597
6046 0.009694376792654046
6047 0.009703697614957993
6048 0.009713613981946305
6049 0.009720630381337593
6050 0.009728366620706346
6051 0.009734401436128937
6052 0.009740314630972772
6053 0.009744946656993306
6054 0.009749705056587687
6055 0.009751960740613415
6056 0.009755322353753938
6057 0.009757414100912494
6058 0.009758479182855287
6059 0.009760086306165016
6060 0.00976084669658236
6061 0.009760888024640471
6062 0.009761343962132117
6063 0.009759745276201534
6064 0.009759046340380214
6065 0.009757359325071524
6066 0.009755959839969028
6067 0.009754969879467492
6068 0.009754359047144915
6069 0.009752505480732448
6070 0.00975005114818467
6071 0.00974796924802016
6072 0.009746297107965428
6073 0.009743541350968995
6074 0.0097418611822524
6075 0.009740538393657549
6076 0.009738376787566866
6077 0.009737135417960037
6078 0.009736199297069327
6079 0.009734342101597572
6080 0.009732953165838913
6081 0.009731201486627381
6082 0.009730167140814542
6083 0.009728929949501138
6084 0.009726620250696941
6085 0.009724257988212524
6086 0.009723336004460103
6087 0.009722236249371102
6088 0.009721428816197763
6089 0.009721507353506676
6090 0.009721099888016501
6091 0.009720389567572253
6092 0.009720699753379868
6093 0.009719946607795474
6094 0.009718839615272312
6095 0.00971899978261352
6096 0.009718979529844024
6097 0.009718340216198322
6098 0.00971862036162644
6099 0.009717373264037562
6100 0.009717734746881822
6101 0.009717658251490392
6102 0.00971781290874958
6103 0.009717715850338612
6104 0.009718285927262382
6105 0.009718554597045764
6106 0.00971896722364122
6107 0.009719023547560698
6108 0.009720293080417015
6109 0.009720404141041658
6110 0.009721572944947411
6111 0.00972114343144863
6112 0.009721957171759043
6113 0.00972292403980188
6114 0.009723194061706597
6115 0.009723160942355613
6116 0.009724102362518259
6117 0.0097239103226654
6118 0.009724063413802742
6119 0.009724794487619426
6120 0.009725376888054025
6121 0.009725207928702387
6122 0.009725949251333332
6123 0.009726005156642159
6124 0.009726916025644908
6125 0.009727424290741964
6126 0.009727914938532567
6127 0.009727745748063924
6128 0.009728448333247193
6129 0.009728056082656906
6130 0.009728105720858676
6131 0.009728820690502306
6132 0.009728801723902347
6133 0.009728669936327658
6134 0.0097290921292407
6135 0.009728531576933564
6136 0.009728460423815815
6137 0.009728583779829599
6138 0.009728882005826332
6139 0.009728058652999975
6140 0.009728957248452961
6141 0.00972833813082659
6142 0.009728162571229769
6143 0.009728023203256813
6144 0.009728280986879461
6145 0.009727786065538764
6146 0.009727823471874319
6147 0.009727238499144192
6148 0.009727448071057165
6149 0.009727399103641477
6150 0.009727201146643742
6151 0.009726336712583643
6152 0.009727083699972787
6153 0.009726651251582076
6154 0.009726051568896402
6155 0.009725916081515358
6156 0.009726387291246306
6157 0.009725705142692677
6158 0.009726011813457024
6159 0.009725445596387234
6160 0.0097255428169688
6161 0.009501681258162045
6162 0.009563111114186231
6163 0.009609959330205572
6164 0.009644539659225132
6165 0.009664958569263736
6166 0.009689572168151325
6167 0.009707383901576067
6168 0.009725470798600125
6169 0.009739570569509397
6170 0.009760648205060051
6171 0.009775181395743852
6172 0.009787004757517476
6173 0.009795543809848923
6174 0.009803277693613348
6175 0.009808143980241983
6176 0.009813606856591488
6177 0.009818305078720214
6178 0.009823207952853333
6179 0.009830850264894817
6180 0.009836851863787521
6181 0.00983917551484771
6182 0.009842106266386879
6183 0.009844908098216719
6184 0.009848410613073753
6185 0.009851118097689293
6186 0.009853830600887292
6187 0.009855998942947648
6188 0.009859778057408404
6189 0.009862891147475459
6190 0.009864005169240329
6191 0.009865030118055491
6192 0.009866946976747617
6193 0.009868767675520668
6194 0.009870150763348634
6195 0.009872788871701597
6196 0.00987397142900243
6197 0.009875612244818302
6198 0.009876839320852249
6199 0.009878079678102513
6200 0.009879003275535942
6201 0.009880790419585292
6202 0.009881508367297457
6203 0.009882845071769758
6204 0.009883708201193742
6205 0.009884810534387424
6206 0.009885111203693429
6207 0.009885453970075394
6208 0.009887197264301623
6209 0.009888520752272516
6210 0.009888828772162104
6211 0.009888448825343612
6212 0.009890358535226138
6213 0.009890053133874348
6214 0.00989146801591438
6215 0.009891905414794986
6216 0.009893029288610522
6217 0.00989267832628607
6218 0.009893949986461183
6219 0.009893715704503406
6220 0.0098947881059121
6221 0.009894122587857206
6222 0.009894591160318156
6223 0.009895088134898243
6224 0.00989477251494976
6225 0.009895975617134499
6226 0.009896898167997166
6227 0.009896102576384215
6228 0.009897750790894564
6229 0.009897161866001682
6230 0.009898399671910505
6231 0.009898450728020021
6232 0.00989992873387612
6233 0.009899633574729116
6234 0.009901605121637437
6235 0.009901247053556527
6236 0.009902891878011121
6237 0.009904108676781823
6238 0.009905213012869545
6239 0.009904734098541857
6240 0.009906525269262369
6241 0.009907077389006969
6242 0.009908038316793889
6243 0.009908218227454748
6244 0.009909582197458593
6245 0.009909530100470009
6246 0.009910619718437855
6247 0.009911392364234507
6248 0.009912046121562183
6249 0.009912617131915085
6250 0.009913165613862226
6251 0.009913294188895048
6252 0.009915017972736306
6253 0.009915413826204205
6254 0.009916171524524411
6255 0.009916155298381786
6256 0.009917056128502003
6257 0.009916410692538121
6258 0.009917361418432823
6259 0.009916720590784973
6260 0.009917403096379255
6261 0.009917747791420904
6262 0.009917960719994814
6263 0.009917175140303817
6264 0.009918049421358797
6265 0.009917300577628295
6266 0.009917508011850972
6267 0.009917123927181035
6268 0.009917248237641955
6269 0.009916641125515808
6270 0.00991695859521779
6271 0.009916503795801562
6272 0.009916557328245576
6273 0.009916458708933849
6274 0.009916261464839982
6275 0.009915803808266706
6276 0.009916411047931156
6277 0.009915800646503289
6278 0.009915622122735921
6279 0.009915582049672179
6280 0.009538269562331054
6281 0.00952309350690948
6282 0.009528666109858227
6283 0.009536565181930853
6284 0.009556724554711985
6285 0.009576784043412471
6286 0.009600207787125612
6287 0.009622456879671145
6288 0.009644725740704392
6289 0.009664432877642145
6290 0.009682399182163343
6291 0.009698650614246041
6292 0.009714426153271749
6293 0.009728184829871443
6294 0.009741521066266122
6295 0.009752918225107612
6296 0.009764091642363908
6297 0.009772717028641789
6298 0.009781370995788751
6299 0.009788307799379878
6300 0.009795918279889182
6301 0.009800983672030854
6302 0.009805909217469521
6303 0.009809109979120156
6304 0.009812207454085771
6305 0.009814215921288888
6306 0.009816092509371351
6307 0.009816202477259584
6308 0.009816648784987229
6309 0.009816252147860317
6310 0.009815585927094535
6311 0.009815084674361254
6312 0.009814868677437147
6313 0.009813426730573952
6314 0.009812354819329051
6315 0.009810490280282856
6316 0.009808872430784737
6317 0.009806784485964002
6318 0.009805829423129313
6319 0.00980392802247646
6320 0.009802740438261829
6321 0.009801361102687145
6322 0.009800272318814694
6323 0.009798691105895643
6324 0.009797652372311243
6325 0.00979608675656814
6326 0.009795088690035736
6327 0.00979463986304885
6328 0.009794080107275772
6329 0.009793076725776364
6330 0.009793021477639793
6331 0.00979197109315289
6332 0.009791803451619292
6333 0.009791428272462953
6334 0.009791305221331417
6335 0.009790851827773341
6336 0.009791225140329976
6337 0.00979072984435916
6338 0.009790967276579085
6339 0.009791025228469958
6340 0.009791173332929629
6341 0.009790995456555101
6342 0.009791582654888295
6343 0.009791584359819043
6344 0.009792009291537894
6345 0.00979217799879367
6346 0.009792372138478453
6347 0.009792073622340355
6348 0.009792511088374015
6349 0.009792061439201543
6350 0.009792184286404729
6351 0.009792408087624063
6352 0.009792243606571979
6353 0.009792408808455076
6354 0.009792650636091438
6355 0.009792731441768798
6356 0.009792763198876687
6357 0.009793344509875301
6358 0.009793136848717739
6359 0.009793442651137027
6360 0.009794119513222432
6361 0.009794016680017229
6362 0.009793767726921533
6363 0.009793657706668662
6364 0.009793588207782571
6365 0.009793503624287773
6366 0.009794001883168301
6367 0.009794237205059458
6368 0.00979432861371538
6369 0.009794982364945993
6370 0.009795354247314413
6371 0.009795435005619593
6372 0.009795925284869118
6373 0.009795294173414352
6374 0.009795838797159295
6375 0.009796229414548463
6376 0.009795999563377605
6377 0.009795824721182888
6378 0.009796778203747291
6379 0.009796392076045062
6380 0.009796635702259133
6381 0.009796920552374315
6382 0.009797203208667537
6383 0.009797668575310692
6384 0.009798556386946433
6385 0.009798687113590459
6386 0.009799182235854334
6387 0.009799249911667175
6388 0.009799304637253705
6389 0.009799249652233685
6390 0.009799822020251795
6391 0.009799909314730354
6392 0.009800098516550814
6393 0.009800296192873955
6394 0.00980074312646678
6395 0.00980060158623903
6396 0.009800999292404348
6397 0.009801056876365894
6398 0.009801454083986999
6399 0.009801726280566237
6400 0.009801611454771857
6401 0.009801325168689709
6402 0.00980173881255454
6403 0.009801710625789448
6404 0.00980201599192812
6405 0.009802187368129945
6406 0.009802095568101455
6407 0.009463541063606638
6408 0.009464182483312088
6409 0.009484028542091034
6410 0.009504515110596785
6411 0.009536651622273995
6412 0.009561297481840951
6413 0.009592757680898479
6414 0.009621515180884343
6415 0.009649829368258095
6416 0.009674522592740717
6417 0.009698746451694383
6418 0.009719901104832769
6419 0.009740379187318966
6420 0.009758593859254277
6421 0.009775205569400789
6422 0.009789703177780213
6423 0.009802692104940145
6424 0.009815210564549556
6425 0.009825700959220082
6426 0.00983446272728865
6427 0.009841486834303064
6428 0.009846018645711191
6429 0.009849214001835485
6430 0.009851168293256123
6431 0.009851803435923774
6432 0.00985202671990036
6433 0.009850795973824435
6434 0.00984856456270471
6435 0.009845653620909549
6436 0.009842224427544575
6437 0.009837724175922628
6438 0.009833620609083445
6439 0.009828809128071533
6440 0.009824253746420491
6441 0.009819546872473715
6442 0.009815315335220922
6443 0.009811201382312604
6444 0.009807232048429253
6445 0.009803450636379295
6446 0.009800015748495237
6447 0.009796777018148359
6448 0.009793934533660341
6449 0.009790815580997779
6450 0.009788061115061777
6451 0.009785493444073092
6452 0.009783462034337177
6453 0.00978203986939721
6454 0.009780304004268721
6455 0.009778551617160023
6456 0.009777318045346579
6457 0.009776111375060645
6458 0.009775472794326005
6459 0.009774379638607689
6460 0.009773836568047794
6461 0.009773255115983842
6462 0.009773144278619859
6463 0.009772864155722183
6464 0.00977316825458399
6465 0.009773333723563647
6466 0.00977405115864079
6467 0.009774337457213653
6468 0.009774961279992134
6469 0.009775363883495132
6470 0.009776237850938356
6471 0.00977675800557044
6472 0.009777545067166587
6473 0.009778109981657512
6474 0.00977882712317988
6475 0.009779062116418933
6476 0.00977946055661966
6477 0.009779476220315182
6478 0.009779801115374792
6479 0.009779699871726322
6480 0.009779951886466007
6481 0.009780028025237331
6482 0.009780145397305954
6483 0.009779822058146899
6484 0.009779847215109855
6485 0.009779544887087124
6486 0.009779608725370058
6487 0.009779769980961384
6488 0.009779837707890938
6489 0.009779613390996179
6490 0.009779694587517549
6491 0.009779658114217514
6492 0.009779666014677068
6493 0.00977956607553193
6494 0.009779529825724052
6495 0.009779497679879137
6496 0.009779488463275169
6497 0.009779444114611912
6498 0.009779606199629259
6499 0.009779328843164075
6500 0.009779519177293691
6501 0.009779416972473235
6502 0.009779489493325494
6503 0.00977945184499395
6504 0.009779496822266438
6505 0.009779312159257279
6506 0.009779389765702463
6507 0.009779251691047017
6508 0.009779400065557397
6509 0.009779420247026766
6510 0.009779565892028157
6511 0.009779425682793467
6512 0.009779417257439919
6513 0.009779410074960504
6514 0.009779590360744453
6515 0.009779393054897932
6516 0.0097794415211608
6517 0.009779383645464098
6518 0.009779504684537864
6519 0.009779343276551214
6520 0.009779227626525156
6521 0.009779148639684243
6522 0.009779350066411478
6523 0.009779101468968073
6524 0.009779199873173855
6525 0.009779196141214462
6526 0.009779424253927025
6527 0.009779288593824778
6528 0.009779581705695043
6529 0.009779592143206027
6530 0.009779673566548408
6531 0.009779476591450755
6532 0.009779618636378913
6533 0.009779606613334905
6534 0.009779548576777923
6535 0.009779367626521937
6536 0.009779488368760199
6537 0.009779492346985897
6538 0.00977972406658088
6539 0.009779518610605787
6540 0.009779574380158123
6541 0.009779656908489393
6542 0.009779828763150157
6543 0.00977960896888789
6544 0.009779626179515033
6545 0.00977963302778076
6546 0.009431812897028272
6547 0.009437681324362748
6548 0.009474576749132007
6549 0.009520968595538413
6550 0.009579665342379938
6551 0.009633677889334046
6552 0.009684267201405824
6553 0.00972894434067351
6554 0.009769739944938903
6555 0.009808787474537704
6556 0.009841580444657817
6557 0.009870551361547323
6558 0.009892027477974984
6559 0.009913625327680522
6560 0.009929194803458207
6561 0.009942921571364257
6562 0.009952437474764533
6563 0.009957280032793238
6564 0.009960881780778761
6565 0.009963076869139624
6566 0.009961378468128335
6567 0.009958110964325591
6568 0.00995105028665583
6569 0.009943632659672137
6570 0.00993496294263127
6571 0.009926607707617626
6572 0.009917431298779047
6573 0.009907710439034441
6574 0.009898605800138032
6575 0.009889658544414754
6576 0.009879849710628901
6577 0.009871017424734297
6578 0.009861913960585444
6579 0.009853612091459518
6580 0.009845027842849824
6581 0.009837116568656646
6582 0.009829539541503087
6583 0.009822913675279326
6584 0.009816083977569381
6585 0.00981062170000515
6586 0.009805446054913194
6587 0.009801085304897698
6588 0.00979706469495824
6589 0.009793955537115604
6590 0.009791196414693993
6591 0.009789273044729822
6592 0.009787099064499916
6593 0.009785783982738315
6594 0.009783476390403469
6595 0.009782340051425599
6596 0.009781599964814026
6597 0.009781418675688155
6598 0.009781541004141754
6599 0.009782303516067816
6600 0.009782493893709086
6601 0.009783312646247974
6602 0.0097841775707728
6603 0.009785467194532224
6604 0.009785955308803357
6605 0.009787640475592043
6606 0.009789469705021529
6607 0.009791801045575546
6608 0.009793665391200601
6609 0.009795977885329739
6610 0.009798211472076485
6611 0.009800743612664836
6612 0.009802662295455102
6613 0.00980497638883142
6614 0.009806215664071815
6615 0.009808303272793518
6616 0.009810023137733105
6617 0.009812094332650376
6618 0.009813960989417083
6619 0.009816267032263865
6620 0.009817620069233113
6621 0.009819169651454494
6622 0.009820403745607602
6623 0.009821758807063373
6624 0.009822334414394229
6625 0.009823226205655417
6626 0.009823608535032134
6627 0.009824260777324123
6628 0.009824328553174201
6629 0.009824787428591563
6630 0.009825126014636174
6631 0.00982565515329671
6632 0.009825484189099253
6633 0.009825712197567298
6634 0.009825705855474197
6635 0.009825874344731944
6636 0.0098253817158321
6637 0.009825242652997151
6638 0.009824929564004679
6639 0.009824844460160399
6640 0.009824195209096047
6641 0.009823915612501722
6642 0.009823526938723673
6643 0.009823383101626778
6644 0.009822632048287476
6645 0.009822405888670444
6646 0.009821963092802758
6647 0.009821743887432668
6648 0.009820878235104696
6649 0.009820419143024353
6650 0.009819866176892298
6651 0.009819556125400131
6652 0.009818659789721964
6653 0.009818370101623388
6654 0.009817940343177694
6655 0.009817654090690225
6656 0.009817010493181427
6657 0.009816715617270332
6658 0.009816117722848699
6659 0.009816157492294255
6660 0.009815510699317534
6661 0.009815342439431593
6662 0.009814900928140484
6663 0.009814883903889019
6664 0.009814289204981959
6665 0.009814108440516084
6666 0.00981359199790454
6667 0.009814000881670552
6668 0.009813204023549125
6669 0.009813423450003198
6670 0.00981318134706214
6671 0.009813302620173154
6672 0.009812636813406111
6673 0.009812962444081853
6674 0.009812546494107371
6675 0.00981303996807544
6676 0.009812581367733355
6677 0.009812809189428102
6678 0.009812589621193217
6679 0.009812748175622037
6680 0.009812333115667673
6681 0.009812582375141618
6682 0.009812146663468082
6683 0.009812654408481752
6684 0.009811993004801242
6685 0.009812146851954452
6686 0.009812108514356148
6687 0.009523705769484862
6688 0.009503015111624789
6689 0.009502945622552742
6690 0.009521744164207493
6691 0.009542923194386873
6692 0.009572148828086881
6693 0.009601451786672792
6694 0.009631986648237263
6695 0.009662845351231549
6696 0.00969393090366351
6697 0.009724301100277746
6698 0.009751604957968292
6699 0.009777024481510049
6700 0.009800467920138927
6701 0.009820985447008898
6702 0.009838443831982995
6703 0.009852554914545158
6704 0.009863208285020714
6705 0.009870986828382422
6706 0.009875839422815384
6707 0.009878364611994272
6708 0.009878384028452387
6709 0.009876621159702609
6710 0.009869839304723776
6711 0.009862588152274676
6712 0.009854634522377712
6713 0.009846492384539447
6714 0.009838101061757844
6715 0.009830753242846359
6716 0.009824484215867419
6717 0.00981794810052712
6718 0.00981097732581155
6719 0.00980357382725962
6720 0.00979655737434758
6721 0.009789653857641195
6722 0.009783368095284253
6723 0.009777774149909921
6724 0.009772631990846237
6725 0.009768350720953715
6726 0.009764718297325864
6727 0.00976163381624142
6728 0.009758564286029435
6729 0.009756015720029846
6730 0.009754001592613464
6731 0.009752101062839207
6732 0.009750478125550844
6733 0.009749306192909653
6734 0.009748262515978573
6735 0.009747130832692817
6736 0.009746242669451332
6737 0.009745551783305906
6738 0.009745086163778401
6739 0.009745056158580692
6740 0.009745168471596958
6741 0.009745943020808865
6742 0.00974647991034674
6743 0.009747230411715206
6744 0.009747891166694554
6745 0.009748717378968205
6746 0.009749839896345805
6747 0.009750867982005355
6748 0.009752031676185935
6749 0.009753326588925327
6750 0.009754563220835684
6751 0.009755898794174711
6752 0.009757102776648995
6753 0.009758409682501102
6754 0.009759581586901602
6755 0.009760760065854707
6756 0.009761732575026901
6757 0.009762981417909107
6758 0.009763717326012141
6759 0.009764711232203465
6760 0.009765223208778512
6761 0.009766010326606598
6762 0.009766559568203357
6763 0.009767221513226475
6764 0.009767597976319197
6765 0.009768059263396174
6766 0.009768239483648439
6767 0.009768643388241228
6768 0.009768851674915776
6769 0.00976918053196243
6770 0.009769124528007033
6771 0.009769443331358747
6772 0.009769297490321753
6773 0.009769655641376145
6774 0.009769279638921831
6775 0.009769261381988685
6776 0.009768919894053639
6777 0.00976891798943846
6778 0.00976868258255458
6779 0.009768733162111132
6780 0.00976837873289272
6781 0.009768278702406107
6782 0.009768011568534928
6783 0.009767651426980871
6784 0.00976748348573956
6785 0.009767136176344747
6786 0.009766965203943347
6787 0.009766502632015669
6788 0.009765920956180769
6789 0.009765891019801366
6790 0.009765343008990478
6791 0.009764908607304229
6792 0.009764421692793967
6793 0.009764306908363642
6794 0.009763982061995576
6795 0.009763848468035857
6796 0.009763118172935546
6797 0.009762728613395038
6798 0.009762260395638557
6799 0.009761843422755101
6800 0.009761314412921013
6801 0.009761080596880882
6802 0.009760702819162205
6803 0.009760464089122838
6804 0.009760181472770147
6805 0.00975991134662154
6806 0.009759738045946813
6807 0.009759696084974567
6808 0.009549481399261641
6809 0.009583089738153888
6810 0.009597234171844458
6811 0.009617364010409123
6812 0.009626375882075839
6813 0.009641664710451636
6814 0.009652069608114407
6815 0.009666293348691478
6816 0.009679939958190036
6817 0.009692947225650601
6818 0.009707934807099122
6819 0.009723826886727516
6820 0.009740752809400774
6821 0.009758446055661032
6822 0.009774719884269889
6823 0.00978978132393212
6824 0.009803020871047584
6825 0.009815021728758599
6826 0.009824469969568539
6827 0.009832708350402094
6828 0.009838621719339696
6829 0.009843505255408917
6830 0.00984604843193961
6831 0.009848585190959897
6832 0.00984893786639207
6833 0.009848870035152441
6834 0.00984751805821534
6835 0.009845636819053712
6836 0.009842675610440794
6837 0.009839387580102534
6838 0.009835287376458583
6839 0.009830136243204219
6840 0.00982481162926143
6841 0.009819895467468151
6842 0.009814909302944822
6843 0.009810267646488211
6844 0.009805887738281088
6845 0.009801896326088105
6846 0.009798146915872273
6847 0.009794877881026211
6848 0.009791901647754994
6849 0.009789510092776304
6850 0.009787390266367664
6851 0.009785850354275365
6852 0.009784397966953857
6853 0.00978329091798986
6854 0.009781999177924628
6855 0.009781400889247381
6856 0.009780479181229382
6857 0.009780518149602938
6858 0.009779954459356949
6859 0.009780252757864554
6860 0.0097793660281004
6861 0.009779383289698141
6862 0.009778817484193266
6863 0.009779126317634029
6864 0.009779020889223677
6865 0.009779869700407178
6866 0.009779928586378616
6867 0.009780842696637997
6868 0.009781078771938833
6869 0.009782199179523181
6870 0.009782521626076231
6871 0.009783608110967758
6872 0.009783966257706032
6873 0.00978534450885144
6874 0.009785693194630154
6875 0.00978683885753125
6876 0.009787276410282486
6877 0.009788579459991979
6878 0.009789036100447547
6879 0.009790137366082958
6880 0.009790515810693208
6881 0.009791738926547961
6882 0.009792289308391789
6883 0.009793374360007176
6884 0.009793596290832556
6885 0.009794665967996828
6886 0.009794861840862885
6887 0.009795728414331019
6888 0.009795752818089896
6889 0.009796564772527716
6890 0.009796511230945102
6891 0.009797327615548596
6892 0.009797225290416562
6893 0.009798014675102983
6894 0.009797792856794442
6895 0.009798533359487811
6896 0.009798215324047633
6897 0.009798914379528898
6898 0.00979851686345019
6899 0.009798885906869371
6900 0.009798337561925221
6901 0.009798809980736392
6902 0.009798209343903075
6903 0.009798518753999362
6904 0.009797884502429676
6905 0.009798345266885796
6906 0.009797697203683708
6907 0.009797773842062403
6908 0.00979726811306764
6909 0.009797369655796565
6910 0.009796902604543658
6911 0.009797054207283867
6912 0.009796499075559293
6913 0.009796387538493443
6914 0.009795981771208514
6915 0.009795897228331803
6916 0.009795509997978045
6917 0.009795533039701973
6918 0.009795213368768341
6919 0.009795314930806511
6920 0.0097950120982905
6921 0.009794919273088372
6922 0.009577983534976462
6923 0.009659749314382186
6924 0.009703361300130863
6925 0.009747419402812284
6926 0.009769064680393296
6927 0.00979542364485937
6928 0.009811940604090531
6929 0.009831914316334079
6930 0.009847501886143513
6931 0.009860447406091996
6932 0.009872335802406556
6933 0.009879627768379411
6934 0.009888251153045603
6935 0.009893172384947512
6936 0.009899626119879507
6937 0.009906934333701411
6938 0.0099135040374207
6939 0.009919609569227725
6940 0.009924684765290298
6941 0.009929784119110567
6942 0.009936812234014354
6943 0.009941110527186247
6944 0.009942941687168624
6945 0.009945240817807748
6946 0.009948551065225403
6947 0.00995204937809289
6948 0.009950902615056144
6949 0.009951017634984662
6950 0.009951783684606776
6951 0.009952507514112635
6952 0.009954049506101093
6953 0.009956073213955549
6954 0.009956654802826913
6955 0.009956732316487587
6956 0.009957330615738809
6957 0.009958348138708294
6958 0.009959033509570111
6959 0.009960529078828809
6960 0.009960798138555233
6961 0.009962236522098595
6962 0.009962869223581501
6963 0.00996459468621912
6964 0.00996569337240393
6965 0.009966172031429899
6966 0.009967724187142901
6967 0.009969861445083848
6968 0.009971036597529298
6969 0.009973460348006204
6970 0.009973711876951515
6971 0.009975575418088691
6972 0.009976137713250083
6973 0.009977833099168198
6974 0.009977612803348889
6975 0.009979313782417291
6976 0.009978880200318833
6977 0.009979635967096424
6978 0.009979732844713807
6979 0.009980990770431181
6980 0.009981048989188961
6981 0.009981130095959379
6982 0.009980670654678432
6983 0.009981326108232614
6984 0.009980840987440639
6985 0.009981418715948162
6986 0.009981717693584831
6987 0.009982772993889624
6988 0.00998325597195732
6989 0.009984296732322567
6990 0.009985343072564086
6991 0.009986798907882998
6992 0.009987594315739149
6993 0.009987812776848026
6994 0.009988430980864474
6995 0.009989030041555588
6996 0.009989404837138982
6997 0.00998976570710158
6998 0.009990466984169903
6999 0.009990943750224014
7000 0.009991684795784734
7001 0.009992462188891988
7002 0.009993292045357049
7003 0.009994535173941714
7004 0.009995524093061627
7005 0.0099961076402224
7006 0.009997235080314502
7007 0.009998061803379837
7008 0.009998815828726583
7009 0.009999334286476889
7010 0.01000021717309184
7011 0.01000091316474434
7012 0.01000168037599932
7013 0.01000218224511356
7014 0.01000236614734479
7015 0.01000301936327408
7016 0.01000320210432803
7017 0.01000376387685536
7018 0.01000355199038606
7019 0.01000415847517789
7020 0.01000410489008656
7021 0.01000453994216662
7022 0.01000433682109521
7023 0.01000476718983869
7024 0.01000430081958656
7025 0.01000485675929754
7026 0.01000434843472272
7027 0.0100047918484652
7028 0.0100044718868252
7029 0.01000475028668187
7030 0.01000425851668431
7031 0.01000478701501352
7032 0.01000407929180814
7033 0.01000457751448409
7034 0.01000398899287388
7035 0.01000424928667754
7036 0.01000370316967883
7037 0.01000409704782654
7038 0.01000329771847819
7039 0.01000380756705572
7040 0.01000301630841854
7041 0.01000351287865568
7042 0.01000282483940517
7043 0.01000313993449211
7044 0.01000244633625771
7045 0.01000288310238245
7046 0.01000223879729125
7047 0.01000273426240504
7048 0.01000207998487999
7049 0.01000235524132876
7050 0.0100020861801742
7051 0.01000229044873865
7052 0.01000187893128028
7053 0.01000200469207813
7054 0.01000166331246779
7055 0.01000177046854504
7056 0.01000155312095908
7057 0.0100016454785503
7058 0.01000144927174702
7059 0.01000152179228165
7060 0.01000140437304685
7061 0.0100014648728298
7062 0.01000135858021724
7063 0.01000143171933034
7064 0.01000135371194779
7065 0.01000137939115515
7066 0.009636198154289594
7067 0.009628698259924743
7068 0.009635485926939797
7069 0.009647009152198705
7070 0.009668741534682588
7071 0.009689629284820755
7072 0.009711002795645091
7073 0.00973065872074479
7074 0.009750005660527366
7075 0.009767547077855258
7076 0.00978430383645929
7077 0.009798447994287727
7078 0.009812065308124632
7079 0.009823986240644473
7080 0.009834184197166822
7081 0.009843721763256043
7082 0.009852105129762697
7083 0.009860567732742596
7084 0.00986801165051047
7085 0.009873405669540203
7086 0.009878443504704359
7087 0.009883040391608802
7088 0.009886862659204909
7089 0.009889865920329494
7090 0.00989160390703653
7091 0.009893935757465866
7092 0.009894380404032848
7093 0.009895437808668804
7094 0.009895911980338745
7095 0.009894622327159477
7096 0.009893724121477543
7097 0.009892732381774929
7098 0.009891071158638251
7099 0.009889244361655451
7100 0.009886200146703789
7101 0.009884604257163582
7102 0.009882485062372229
7103 0.009880675733969679
7104 0.00987815828341798
7105 0.009877015034340025
7106 0.009875611165922542
7107 0.009875154885774637
7108 0.009874119525540218
7109 0.009873323284195448
7110 0.009871855825792577
7111 0.009871542799690406
7112 0.009871008895025624
7113 0.009869755724942144
7114 0.009869783460066001
7115 0.009869039953453404
7116 0.009868342940337019
7117 0.00986787623187739
7118 0.009867633887192289
7119 0.009867269394279342
7120 0.009868095945660559
7121 0.009867091776388641
7122 0.009867763724724777
7123 0.009867232458632453
7124 0.009868139838949625
7125 0.009867197225634462
7126 0.009868211719950481
7127 0.009867601156775546
7128 0.009868344739525504
7129 0.009867658221890969
7130 0.009868119481196347
7131 0.009867413782520965
7132 0.00986832327210348
7133 0.009867771978780842
7134 0.009868764604713778
7135 0.009868075089519002
7136 0.009868957958464443
7137 0.009868332917530006
7138 0.009869095750025925
7139 0.009868329808571828
7140 0.009868794144604925
7141 0.009868218389585912
7142 0.00986861524078627
7143 0.009868484910001713
7144 0.009868461933930947
7145 0.009868330509513107
7146 0.009868462241526203
7147 0.009868547934259675
7148 0.009868741926106504
7149 0.009868784772053883
7150 0.009868734136677977
7151 0.009869018561068378
7152 0.009869116259218968
7153 0.009869688573663302
7154 0.009869796368509565
7155 0.009870024679846285
7156 0.009869843194496413
7157 0.009870523903969999
7158 0.009870544640093808
7159 0.009871035724649773
7160 0.009871581620189791
7161 0.009872042698620664
7162 0.00987265279383537
7163 0.009873011998148067
7164 0.009873376001874667
7165 0.009873575399316579
7166 0.009874274212605076
7167 0.009874478073324616
7168 0.009875198575251255
7169 0.009875334763275592
7170 0.009876050951072175
7171 0.009876025445692944
7172 0.009876711302954861
7173 0.009876390308427522
7174 0.009877181204577373
7175 0.009876729649022878
7176 0.009877434680357478
7177 0.009876821858530796
7178 0.009877671823481537
7179 0.009876974674980778
7180 0.009877917193537112
7181 0.009877029848689763
7182 0.009877980412100073
7183 0.009876964706480008
7184 0.009877990539551761
7185 0.009876918701843471
7186 0.009877905079863645
7187 0.009876822062584653
7188 0.009877759093093866
7189 0.0098767409006091
7190 0.009877613131141562
7191 0.009876587680320898
7192 0.009877294325813241
7193 0.009876343091261992
7194 0.009876830312990345
7195 0.009876027742850419
7196 0.00987635815786117
7197 0.009875756467881967
7198 0.009876147440211029
7199 0.009875737721434918
7200 0.009876150020336868
7201 0.00987594955754947
7202 0.009876234308461183
7203 0.009876139294733353
7204 0.009876288361229307
7205 0.009876425320451118
7206 0.009876737020040103
7207 0.009876741848624157
7208 0.009876905403138186
7209 0.009877127633864238
7210 0.00987751949666738
7211 0.00987768653555238
7212 0.009877950815354088
7213 0.009877956102036281
7214 0.009878513529246994
7215 0.009878444079292236
7216 0.009879023931919991
7217 0.009878810359824599
7218 0.009879549444490316
7219 0.009879232090462303
7220 0.009879849128060151
7221 0.009879313158314399
7222 0.009879837398459516
7223 0.009879239242818694
7224 0.009879614121728138
7225 0.009878895462783147
7226 0.009879215105706893
7227 0.009878621236543664
7228 0.009878860912760789
7229 0.009878235433504662
7230 0.009878553318476202
7231 0.009877687214772151
7232 0.009878042120934643
7233 0.009877166630769272
7234 0.009877656614197971
7235 0.00987665988831705
7236 0.009877222386754545
7237 0.009876364329561661
7238 0.009876887477065572
7239 0.009875879814934426
7240 0.009876598597325141
7241 0.009875436610121876
7242 0.009876231772897077
7243 0.009875145139547509
7244 0.009875859604171219
7245 0.009874724807163162
7246 0.009875399474156381
7247 0.009874293513131792
7248 0.009874793835256071
7249 0.009873828699315709
7250 0.00987401410430218
7251 0.00987333315464425
7252 0.009873641539962541
7253 0.009873074664101146
7254 0.009873453634255316
7255 0.009873097874948656
7256 0.009873466999840652
7257 0.009873180522043491
7258 0.009873576007023443
7259 0.009873476852148616
7260 0.009873981713588564
7261 0.009873821196972318
7262 0.009874398007333234
7263 0.009874295410762254
7264 0.009874907665436446
7265 0.009874868925804886
7266 0.009534824960638845
7267 0.009528958385725138
7268 0.009550146670770381
7269 0.009573050573224186
7270 0.009609352781189661
7271 0.009639509811108501
7272 0.009673842952737438
7273 0.009700181708207673
7274 0.009727395500915656
7275 0.009751818460787461
7276 0.009773554875389084
7277 0.009794747814695517
7278 0.009814328083877104
7279 0.009831941204669691
7280 0.009848407581573505
7281 0.009862357137545411
7282 0.009875289534447209
7283 0.009885441391367307
7284 0.009894909692146387
7285 0.009901761460714092
7286 0.009907682900427935
7287 0.009910949207602247
7288 0.009912699010020815
7289 0.009913350266314668
7290 0.009914173158144187
7291 0.009913273548093838
7292 0.009912834465574255
7293 0.009910680017832617
7294 0.009908746154883149
7295 0.009905807803879832
7296 0.009903155171929089
7297 0.009900268586845505
7298 0.009896602366452543
7299 0.00989240030023994
7300 0.009889118280506207
7301 0.00988581532746027
7302 0.009882474553547179
7303 0.009878264580668372
7304 0.009875136097367124
7305 0.009872080086134846
7306 0.009870025863539321
7307 0.009866928829530823
7308 0.009864317615693428
7309 0.009861649144428782
7310 0.009860502015918709
7311 0.009857388945107265
7312 0.009856107607904147
7313 0.009853440305161113
7314 0.009853492166652055
7315 0.009850052689104953
7316 0.009850288988531245
7317 0.009847721389020458
7318 0.009847463376851674
7319 0.009844940163481997
7320 0.009844895316707186
7321 0.009843572144271255
7322 0.00984429791900239
7323 0.009842581336534319
7324 0.009844143150585103
7325 0.009842936545909673
7326 0.009844444273745175
7327 0.009843863508364232
7328 0.00984496444148225
7329 0.009844544459097665
7330 0.00984605246115036
7331 0.009845856553903824
7332 0.009846923766970592
7333 0.009846570895523789
7334 0.00984798005402244
7335 0.009847358063885637
7336 0.009848480498234887
7337 0.009848096879008093
7338 0.00984912290752096
7339 0.009848490376030087
7340 0.00984932705245726
7341 0.009848867080883063
7342 0.009849601114591039
7343 0.009848777793976098
7344 0.009849298449600221
7345 0.009848875685067125
7346 0.00984965621039946
7347 0.009849032070408893
7348 0.009849530037046894
7349 0.009849189908979957
7350 0.009849718040354767
7351 0.009848768389164165
7352 0.009849174915915136
7353 0.009848652040504804
7354 0.009849221705552724
7355 0.009848289646067728
7356 0.009848658227979881
7357 0.009848274805869663
7358 0.009848680926752344
7359 0.009847899291683157
7360 0.009848289644493672
7361 0.009847803488188136
7362 0.009848610001270191
7363 0.009847463960557298
7364 0.009848272935428117
7365 0.009847506160097788
7366 0.009848537848028594
7367 0.00984726454265321
7368 0.00984813748935497
7369 0.009847195700446849
7370 0.00984821708194256
7371 0.009846981213951181
7372 0.009847666843568813
7373 0.009846563240736139
7374 0.009847906258030371
7375 0.009846683366274861
7376 0.00984801546965906
7377 0.009847208419803768
7378 0.009848631347248334
7379 0.00984735630569334
7380 0.009848674302709593
7381 0.00984768536771999
7382 0.009848979471972394
7383 0.009847612833507314
7384 0.00984886426107489
7385 0.009847766068029803
7386 0.009849078085726951
7387 0.009847592308851292
7388 0.009848752796471546
7389 0.009847632158010832
7390 0.009848806240572402
7391 0.009847547402936335
7392 0.009848518893396066
7393 0.009847704735353952
7394 0.009848627978178698
7395 0.009847366931109193
7396 0.009848175809142792
7397 0.009847437074324814
7398 0.009848273783760087
7399 0.009847141458175192
7400 0.009847926890630328
7401 0.00984722425477047
7402 0.009848028869771474
7403 0.00984690242748326
7404 0.009847589630674012
7405 0.009846934340634628
7406 0.009847720053706535
7407 0.009846720074073551
7408 0.009847424862909711
7409 0.009846812467977483
7410 0.009847530144668298
7411 0.009846585659139977
7412 0.009847281719460263
7413 0.009846687106404984
7414 0.009847436299275812
7415 0.00984647894925733
7416 0.009847171217578263
7417 0.009846632775707308
7418 0.009847339316787891
7419 0.009846414826275195
7420 0.00984724936817909
7421 0.009846590255741933
7422 0.009847540622542053
7423 0.009846423403347834
7424 0.009847475584280344
7425 0.009846697707935824
7426 0.009847783329574393
7427 0.009846581608375959
7428 0.009847712693831268
7429 0.009846845814315528
7430 0.009848004461629926
7431 0.009846706531277014
7432 0.009847878046900077
7433 0.009846944534071114
7434 0.009848173441794575
7435 0.009846855208536337
7436 0.009848005701537842
7437 0.009847050759275999
7438 0.009848273066212906
7439 0.009846878843038989
7440 0.009848075834735256
7441 0.009846997383830066
7442 0.009848287720165267
7443 0.009846893613074432
7444 0.009848077865534254
7445 0.009847029429915713
7446 0.009848293433791467
7447 0.009846837383535808
7448 0.009848074703382132
7449 0.009847059806612119
7450 0.009848246971777993
7451 0.009846939659696336
7452 0.009847964825626618
7453 0.00984720149946406
7454 0.009848246118969145
7455 0.009847012013283021
7456 0.009847875190381092
7457 0.009847131329563847
7458 0.009847994874454482
7459 0.009846950602100673
7460 0.009847809667967189
7461 0.009847191680419252
7462 0.009848069914269408
7463 0.009847111493409857
7464 0.009847875129568346
7465 0.009847278001032307
7466 0.009848082116456314
7467 0.009847135092677956
7468 0.009847865396766275
7469 0.00984726104798506
7470 0.009848087536109112
7471 0.009847109420399481
7472 0.009847877251946312
7473 0.009847239959856369
7474 0.009848066919443647
7475 0.009847146648672535
7476 0.009847832490753598
7477 0.009847219196765563
7478 0.009848021068366559
7479 0.009847035789245995
7480 0.009847820145534395
7481 0.009847151894492007
7482 0.009848059472306299
7483 0.009846998296134531
7484 0.009847974116216671
7485 0.009847083417876453
7486 0.009848100174931351
7487 0.009846956485058274
7488 0.009847890552649155
7489 0.009847056596322082
7490 0.009848161926415151
7491 0.009846905838809537
7492 0.009848027531250865
7493 0.009847035071187674
7494 0.009848189335891841
7495 0.009846892669483305
7496 0.009848058458824655
7497 0.009846999665435101
7498 0.009848294021282121
7499 0.009846839512018375
7500 0.009848121403602972
7501 0.009847045189131622
7502 0.009848298530381982
7503 0.009846885704557693
7504 0.009848077864393033
7505 0.009847043185052105
7506 0.009848289333886833
7507 0.009846812187091115
7508 0.009848077232219424
7509 0.009847071525955349
7510 0.009848341898199608
7511 0.00984689258579991
7512 0.00984799561185864
7513 0.009847174747904008
7514 0.009848237113021963
7515 0.009847066079513895
7516 0.009847974056777562
7517 0.009847151799321427
7518 0.009848106430229523
7519 0.009847046156108654
7520 0.009847887510780213
7521 0.009847172604725726
7522 0.009848036521055054
7523 0.009847102124913933
7524 0.009847899212086859
7525 0.009847275113173969
7526 0.009848121738085079
7527 0.009847187099720536
7528 0.009847938427989898
7529 0.009847336073427337
7530 0.00984815003104675
7531 0.009847199132933552
7532 0.009847891142657775
7533 0.009847320854125822
7534 0.009848103703850412
7535 0.009847199063427991
7536 0.009847908742657221
7537 0.009847366714387715
7538 0.009848090874827098
7539 0.009847213354725987
7540 0.009847894945400615
7541 0.009847358152360933
7542 0.009848153147153151
7543 0.009847139310209932
7544 0.009847967458126546
7545 0.009847240609651463
7546 0.009848305467296906
7547 0.009847082151039794
7548 0.009847980561783832
7549 0.009847159181632681
7550 0.009848253414613132
7551 0.009847083712566486
7552 0.00984806296724886
7553 0.009847186080302479
7554 0.009848298535040311
7555 0.009847006826349777
7556 0.009848123697477083
7557 0.009847110191074053
7558 0.00984835104706412
7559 0.009847054344258855
7560 0.00984817312163376
7561 0.009847119400908625
7562 0.009848394316214095
7563 0.009846973138796858
7564 0.009848203726302301
7565 0.009847136252375136
7566 0.00984846338559746
7567 0.00984700221901961
7568 0.009848172005215422
7569 0.009847111550368106
7570 0.009848356088917896
7571 0.009846902951731032
7572 0.009848154457580818
7573 0.009847151488760241
7574 0.009848286348980545
7575 0.009847078465439451
7576 0.009848028754829451
7577 0.009847242371349972
7578 0.009848233092800526
7579 0.009847066220167084
7580 0.009847940133934528
7581 0.009847254036686135
7582 0.009848139514745856
7583 0.009847120478995015
7584 0.009847906197370131
7585 0.009847288677606959
7586 0.009848148584230269
7587 0.009847216839919338
7588 0.009847992056346035
7589 0.009847388477971833
7590 0.009848156415568564
7591 0.009847195457652931
7592 0.009847936063066057
7593 0.00984737241045119
7594 0.009848088235804303
7595 0.009847146345913221
7596 0.009847917252750058
7597 0.009847337279194504
7598 0.009848171852463167
7599 0.009847255637900119
7600 0.009847879991882254
7601 0.009847375708420076
7602 0.00984817745872746
7603 0.009847301789692285
7604 0.009847937398134356
7605 0.009847229221629941
7606 0.009848324381606287
7607 0.00984717547500156
7608 0.009848128956197589
7609 0.009847283707275551
7610 0.009848294311509296
7611 0.009847001771421376
7612 0.00984801424542507
7613 0.009847099828910348
7614 0.009848246739511731
7615 0.009846939977339266
7616 0.009848128408714572
7617 0.009847198728041316
7618 0.009848372246841012
7619 0.009846968328466155
7620 0.009848138000813089
7621 0.009847155993122235
7622 0.009848376952027423
7623 0.009846991244500964
7624 0.009848220267507028
7625 0.009847090458879453
7626 0.009848417683956098
7627 0.009846900872682847
7628 0.009848171720843518
7629 0.009847074651875809
7630 0.009848421618650002
7631 0.009846947370313112
7632 0.009848211179261959
7633 0.009847177611246859
7634 0.009848303736075811
7635 0.009847054880799752
7636 0.009848077025981053
7637 0.009847274033800967
7638 0.009848228153378899
7639 0.009846997796057964
7640 0.009847943662921009
7641 0.009847282429056303
7642 0.009848211913224913
7643 0.009847119845525706
7644 0.009847980705052838
7645 0.009847326292603946
7646 0.009848190889244544
7647 0.009847197783933788
7648 0.009847885419369378
7649 0.009847347280449857
7650 0.009848166142923718
7651 0.009847088950259549
7652 0.009847688409733997
7653 0.009847109212913964
7654 0.009847931547040865
7655 0.0098470553928202
7656 0.009847787632684851
7657 0.009847350681509147
7658 0.009848063527513235
7659 0.00984715822156221
7660 0.009847879622989381
7661 0.009847403207672804
7662 0.009848107697289814
7663 0.009847158192944499
7664 0.009847713964748933
7665 0.00984697464338718
7666 0.009847927937770017
7667 0.009846899834905377
7668 0.009847971117740849
7669 0.009847164464134263
7670 0.009848097996594972
7671 0.009846945928636794
7672 0.009847972719528026
7673 0.009847112403245855
7674 0.009848294813403708
7675 0.009846934104156029
7676 0.009848083704364767
7677 0.009847124155166337
7678 0.009848341278320124
7679 0.009847053176828362
7680 0.009848141287300691
7681 0.009847186589476557
7682 0.009848373991195165
7683 0.009846935476630405
7684 0.009848215364576821
7685 0.009847149924035894
7686 0.009848435650898718
7687 0.009846947845704637
7688 0.009848131143646981
7689 0.0098470602629209
7690 0.009848350159044231
7691 0.009846975992007165
7692 0.009848212145604067
7693 0.00984709524500941
7694 0.00984834272376791
7695 0.009847025700650394
7696 0.009848074300871722
7697 0.009847242555259974
7698 0.009848288007386265
7699 0.009847148388719517
7700 0.009848111224280729
7701 0.009847241459491693
7702 0.009848247276829283
7703 0.009847141964004581
7704 0.009848034006846144
7705 0.009847323152584936
7706 0.009848200223323608
7707 0.009847159388743249
7708 0.009848007264247208
7709 0.009847297493911332
7710 0.009848214801239133
7711 0.009847193816245072
7712 0.009848002045402557
7713 0.009847360326217804
7714 0.009848152785156663
7715 0.009847264857986664
7716 0.009847947905226294
7717 0.00984738076790675
7718 0.009848191459137741
7719 0.009847289790821721
7720 0.009847925813882266
7721 0.009847365374886775
7722 0.00984811582368793
7723 0.00984719586223296
7724 0.009847668398832153
7725 0.009847083328263975
7726 0.00984794517119403
7727 0.00984692471826305
7728 0.009847714723552867
7729 0.009846888568749068
7730 0.009847991252502141
7731 0.009846826143941027
7732 0.009847828977842437
7733 0.009847008494756362
7734 0.009848183089134816
7735 0.009846943841421414
7736 0.009848003756661509
7737 0.009847051441417102
7738 0.009848356633536457
7739 0.009847003702026409
7740 0.009848146784424019
7741 0.009847125878418187
7742 0.009848402798866545
7743 0.009846939384190964
7744 0.009848181433599066
7745 0.009847120517266082
7746 0.009848346834145864
7747 0.009846878782980059
7748 0.009848177525092667
7749 0.009847103782434471
7750 0.009848386247938599
7751 0.009846905843106903
7752 0.009848113929629124
7753 0.009847092399701649
7754 0.009848313057138092
7755 0.009846902789385898
7756 0.009848106039567778
7757 0.009847250022974596
7758 0.009848306377303094
7759 0.009847151508348907
7760 0.009848050590265701
7761 0.009847176903281143
7762 0.009848150409184834
7763 0.009847129592343176
7764 0.009848031614244822
7765 0.009847282883423861
7766 0.009848144863608407
7767 0.009847199275345487
7768 0.009848011737762312
7769 0.009847375104622734
7770 0.009848217767859135
7771 0.009847255962657018
7772 0.00984798551960833
7773 0.009847436651638064
7774 0.009848215445875864
7775 0.009847295153793012
7776 0.009847958500640649
7777 0.009847432935646456
7778 0.009848157264817328
7779 0.009847247327777158
7780 0.009847919617180519
7781 0.009847401357276034
7782 0.009848105511884562
7783 0.009847243667827322
7784 0.00984791867985352
7785 0.009847375945487132
7786 0.009848179967013551
7787 0.0098472747046965
7788 0.009848021833450127
7789 0.009847133849656534
7790 0.009848222614023924
7791 0.009847060625466031
7792 0.009847986121972149
7793 0.009847141062088741
7794 0.009848255602370881
7795 0.009846996360471198
7796 0.009848075026859653
7797 0.009847107878100074
7798 0.009848311639908158
7799 0.009846983313186643
7800 0.009848138333894051
7801 0.009847168454432922
7802 0.00984841060403417
7803 0.00984699262742824
7804 0.009848198654094404
7805 0.009847142597643887
7806 0.009848358744819341
7807 0.009846968501207594
7808 0.009848188258137673
7809 0.009847080480857402
7810 0.009848364068948918
7811 0.00984690518897454
7812 0.009848162618073386
7813 0.009847144965014969
7814 0.009848424543353919
7815 0.009846927835782299
7816 0.009848153241381545
7817 0.009847169963216463
7818 0.009848272795869917
7819 0.009847062505289149
7820 0.009848020090949485
7821 0.009847213800633293
7822 0.009848163007979629
7823 0.00984703760355011
7824 0.009847950704169529
7825 0.009847326741757744
7826 0.009848199081059546
7827 0.009847087638854399
7828 0.00984791772668637
7829 0.009847317577618194
7830 0.00984816829241123
7831 0.009847236911687743
7832 0.009847956068911987
7833 0.009847389636837489
7834 0.009848180965485306
7835 0.009847204429032674
7836 0.00984791973699755
7837 0.009847368204418474
7838 0.009848129831403851
7839 0.009847212344524589
7840 0.009847920890818519
7841 0.009847371622800381
7842 0.009848115968085101
7843 0.0098471582570247
7844 0.009847677482296899
7845 0.00984707687310114
7846 0.009847911400798579
7847 0.00984697706228322
7848 0.00984763008757375
7849 0.009847055619692655
7850 0.009848146952562972
7851 0.009847022291465677
7852 0.009847996108894549
7853 0.009847225295770428
7854 0.009848213038270286
7855 0.009846947751129055
7856 0.009848079512423851
7857 0.009847154729342446
7858 0.009848288501069479
7859 0.009846955565185847
7860 0.009848146105801286
7861 0.009847157808779925
7862 0.009848335166796703
7863 0.00984694439007488
7864 0.009848145099790971
7865 0.009847168782496404
7866 0.009848351766896902
7867 0.009846918178931739
7868 0.009848210314174962
7869 0.009847092447585717
7870 0.009848424388754898
7871 0.009846953577109172
7872 0.009848183079006523
7873 0.009847107551526225
7874 0.009848328987055665
7875 0.009846930286339877
7876 0.009848131728593912
7877 0.009847105262213827
7878 0.0098483287499839
7879 0.009847094879764502
7880 0.009848051004144112
7881 0.009847296562346513
7882 0.009848309523087226
7883 0.009847085795311088
7884 0.009847985912388219
7885 0.009847286526508689
7886 0.0098482110523865
7887 0.00984711004348178
7888 0.009847947944664535
7889 0.009847369927043562
7890 0.009848194534947246
7891 0.009847227828100649
7892 0.009847983389120617
7893 0.009847393559409206
7894 0.009848218717926349
7895 0.009847280789059169
7896 0.009847988245505153
7897 0.009847407129088246
7898 0.009848169917357945
7899 0.009847224595337756
7900 0.009847953895980883
7901 0.00984739830969977
7902 0.009848117047859435
7903 0.009847205794873779
7904 0.009847895234256018
7905 0.009847380093930656
7906 0.009848111486857509
7907 0.009847181949515192
7908 0.009847744075311523
7909 0.009846978010236717
7910 0.009847984708203295
7911 0.009846929040863138
7912 0.009847917110430336
7913 0.009847131493941331
7914 0.009848199756260213
7915 0.009846981487799583
7916 0.009848025574214696
7917 0.009847118525176541
7918 0.009848334882476108
7919 0.009846991483828511
7920 0.009848121712950129
7921 0.009847141153112854
7922 0.009848291571055295
7923 0.009846947392057361
7924 0.009848171552294407
7925 0.009847149684758198
7926 0.009848356495595042
7927 0.009846942245209966
7928 0.009848204328038235
7929 0.009847136077377718
7930 0.009848373886384737
7931 0.009846945370191157
7932 0.009848195400911862
7933 0.00984710091622827
7934 0.009848384496392295
7935 0.009846918313174429
7936 0.009848109960403563
7937 0.009847071059572917
7938 0.009848310267627877
7939 0.009847027415098332
7940 0.009848083341878996
7941 0.009847251288630243
7942 0.009848324783475047
7943 0.009847066622250017
7944 0.009848018661856328
7945 0.00984725768494415
7946 0.009848156565393118
7947 0.009847129649630502
7948 0.009847968914692124
7949 0.009847273748102582
7950 0.009848162193844724
7951 0.009847177638024592
7952 0.009847977207390933
7953 0.009847361851583535
7954 0.009848205239049357
7955 0.009847218281486646
7956 0.009847970671623902
7957 0.009847388743172964
7958 0.009848182937774019
7959 0.009847227879848191
7960 0.009847953379647681
7961 0.009847396900662584
7962 0.00984810857306522
7963 0.009847219525439653
7964 0.00984788234813652
7965 0.009847394129518357
7966 0.009848110678457639
7967 0.009847176550600568
7968 0.009847747831503289
7969 0.009847164478597762
7970 0.009847939503434343
7971 0.009846937260336848
7972 0.009847785824299932
7973 0.009847003146897956
7974 0.00984804002269031
7975 0.009846911855968523
7976 0.009847900211162566
7977 0.009847085824459071
7978 0.009848223715897926
7979 0.0098469395470509
7980 0.009848000645505355
7981 0.00984711338626313
7982 0.009848344356697399
7983 0.009847022208504187
7984 0.009848131566391
7985 0.009847140060139785
7986 0.009848404856617251
7987 0.009846992713525741
7988 0.009848193607750405
7989 0.009847127416805055
7990 0.009848423024281322
7991 0.009846967345973744
7992 0.00984818258350947
7993 0.009847101705437357
7994 0.009848401063583688
7995 0.009846926584258529
7996 0.009848177531619977
7997 0.009847078583617505
7998 0.009848367413128903
7999 0.009846963988109966
8000 0.009848084711599819
8001 0.009847221554288028
8002 0.009848263092777474
8003 0.009847097166579798
8004 0.009848061340918621
8005 0.009847212271806103
8006 0.009848202687097504
8007 0.009847152133400799
8008 0.0098480016525703
8009 0.009847332257412866
8010 0.009848166265835345
8011 0.009847189673708266
8012 0.009847961293217669
8013 0.009847365817736728
8014 0.009848167288478071
8015 0.009847261102178029
