"C_l_NACA_0012_final_30-rfile"
"Iteration" "C_l_NACA_0012_final_30"
("Iteration" "C_l_NACA_0012_final_30")
518 0.2426942536389995
519 0.242693874487918
520 0.2431791732178875
521 0.2436520683340724
522 0.2438766277608045
523 0.2440869373186115
524 0.2442019160748904
525 0.2442997122599204
526 0.2443669618640078
527 0.2444184752530714
528 0.2444551576339375
529 0.2444899953816282
530 0.2445326586130711
531 0.2445832749620432
532 0.2446373823491999
533 0.2447009552932017
534 0.2447744732500115
535 0.244857333029834
536 0.2449531481092419
537 0.2450462963963467
538 0.2451465520368149
539 0.245241794385694
540 0.2453355208638363
541 0.2454361772347953
542 0.2455321281556208
543 0.2456199592306799
544 0.2457076826519796
545 0.2457881616551173
546 0.2458584894494379
547 0.2459245252500695
548 0.2459843806156289
549 0.2460380333232014
550 0.2460841619910457
551 0.2461245163406302
552 0.2461588846056486
553 0.2461875085831167
554 0.2462094826091973
555 0.2462276594861736
556 0.246240820398478
557 0.2462497096794167
558 0.2462537032699378
559 0.2462549409519386
560 0.2462521557369914
561 0.2462468677190603
562 0.2462393558976479
563 0.2462299047746634
564 0.2462179891798537
565 0.2462055102495757
566 0.2461904809274132
567 0.2461754152380624
568 0.2461593666678773
569 0.2461427692190962
570 0.2461259424706713
571 0.2461087750294099
572 0.2460917762059962
573 0.2460745847375919
574 0.2460577725951696
575 0.2460416482160459
576 0.246025941687374
577 0.2460107092013921
578 0.2459956964299047
579 0.2459815517330629
580 0.2459679361128896
581 0.2459553108391463
582 0.2459428395577608
583 0.2459313430208728
584 0.2459195069559094
585 0.2459088661424223
586 0.245898800214206
587 0.2458888168679204
588 0.2458797243357981
589 0.2458703708194493
590 0.2458616934429897
591 0.2458531581297033
592 0.2458452040180014
593 0.2458374322980315
594 0.2458296023097531
595 0.2458219032530834
596 0.2458143562860381
597 0.2458076929774134
598 0.2458001906980968
599 0.2457937142302673
600 0.2457867188279845
601 0.2457804161050302
602 0.2457737312520409
603 0.2457675042091363
604 0.2457609393242364
605 0.2457552955102941
606 0.2457486568346396
607 0.2457431475172324
608 0.2457367538835307
609 0.2457317329184831
610 0.2457262381657824
611 0.2457205932816646
612 0.245715807903269
613 0.2457113274643357
614 0.2457071687192188
615 0.2457017056424956
616 0.2456977518621796
617 0.2456931217260419
618 0.2456890901289863
619 0.245684022513042
620 0.2456796845252563
621 0.2456770374158128
622 0.2456731388549073
623 0.2456711339741846
624 0.2456685005882328
625 0.2456666766663703
626 0.2456644829790975
627 0.2456631567886342
628 0.2456612893379678
629 0.2465145337833832
630 0.2471056606915064
631 0.2474110517236247
632 0.2476531244853425
633 0.2477988299230178
634 0.2479001337325757
635 0.2479603476461698
636 0.2480071220996755
637 0.2480452955016997
638 0.2480810687766103
639 0.2481236957370378
640 0.248174553230269
641 0.2482387632410326
642 0.2483095269470086
643 0.2483813636970671
644 0.2484624268361768
645 0.24854718468926
646 0.2486399211371786
647 0.2487310144040306
648 0.2488184851879384
649 0.2489065640795758
650 0.248990521872626
651 0.2490710856535086
652 0.2491453328786896
653 0.24921687655773
654 0.2492797687077306
655 0.24933461972038
656 0.2493829999595437
657 0.2494248435667979
658 0.2494600849162646
659 0.2494896747540517
660 0.2495124623150584
661 0.2495284216143789
662 0.2495388534099577
663 0.2495419736913448
664 0.2495419596978445
665 0.2495361645424282
666 0.2495258435360871
667 0.2495128460272442
668 0.249495328729886
669 0.2494764433869967
670 0.2494540907421355
671 0.2494315497411616
672 0.2494052215927951
673 0.2493803392694286
674 0.2493522605132134
675 0.2493254041029341
676 0.2492957924362194
677 0.2492683931175853
678 0.2492387238929288
679 0.2492108089731799
680 0.2491823702008721
681 0.2491558171095363
682 0.2491289839359775
683 0.2491037179485003
684 0.2490786158542166
685 0.2490545719155243
686 0.2490319909372107
687 0.2490094922860449
688 0.2489889131941806
689 0.2489679262324285
690 0.248948662443727
691 0.2489293928748809
692 0.2489122474062745
693 0.2488944594518862
694 0.2488786127380612
695 0.2488630462356455
696 0.2488487766069738
697 0.2488352851725575
698 0.2488211336246243
699 0.2488092049917727
700 0.2487966029307516
701 0.2487859978667329
702 0.2487748066806845
703 0.2487657539523614
704 0.2487559314858961
705 0.2487479263096874
706 0.2487391752088151
707 0.2487322927224868
708 0.2487254167862838
709 0.2487189893125737
710 0.2487139142918628
711 0.2487087711497537
712 0.2487052205544271
713 0.2487015203277041
714 0.2486986813328955
715 0.2486963214056669
716 0.24869477088217
717 0.2486935217632104
718 0.2504706525162719
719 0.2512485396251159
720 0.2517616103970226
721 0.2521560509040383
722 0.2524080501435166
723 0.2525854320986997
724 0.2527153723939864
725 0.2528083486122576
726 0.2528939443997282
727 0.2529802763107118
728 0.2530758774226348
729 0.2531819647602225
730 0.2532987905453866
731 0.2534251891463592
732 0.2535603417562461
733 0.2536970080219591
734 0.2538251030936835
735 0.2539540434586211
736 0.2540843576175247
737 0.2542067069659419
738 0.2543251430059951
739 0.2544360044731361
740 0.2545409868199814
741 0.2546352230384359
742 0.2547213627845588
743 0.254798071066731
744 0.2548654065107007
745 0.2549244347323281
746 0.2549748087273283
747 0.2550177105423881
748 0.2550512247583646
749 0.2550777693503254
750 0.2550977036778426
751 0.2551125866251778
752 0.2551208144820436
753 0.2551252832416347
754 0.2551238092512191
755 0.2551192381858375
756 0.2551103802681092
757 0.2550982858684482
758 0.2550841013145719
759 0.2550667012342374
760 0.255048727559562
761 0.2550281650073217
762 0.2550075288430948
763 0.2549855209570852
764 0.2549644898072665
765 0.2549423884357137
766 0.2549207688458216
767 0.2548995511042229
768 0.2548792527375293
769 0.2548600412463022
770 0.2548405065916496
771 0.2548235068506013
772 0.2548060664779777
773 0.25479100335711
774 0.2547758185422
775 0.2547630018154264
776 0.2547498193680995
777 0.2547387305862119
778 0.2547274372213261
779 0.2547179536520366
780 0.2547083876565209
781 0.254700075300933
782 0.2546932867084902
783 0.2546855655887408
784 0.2546799427071768
785 0.2546737251610419
786 0.2546691906032879
787 0.2546643631669624
788 0.2546606123667461
789 0.254656482708292
790 0.2546530941334821
791 0.2546498038656677
792 0.2546468020545223
793 0.2546444669230328
794 0.2546418377416699
795 0.2546404523804384
796 0.2546375839247055
797 0.254636138098965
798 0.2567496606264033
799 0.2575732019184764
800 0.2582352001693941
801 0.2586993477035331
802 0.2590438082982192
803 0.2592894857395361
804 0.2594769792661189
805 0.2596102587087069
806 0.2597289923293737
807 0.2598313528915526
808 0.2599379424347126
809 0.2600384846797145
810 0.2601505318659288
811 0.2602578223800995
812 0.2603656526955024
813 0.2604778798161653
814 0.2605823016805006
815 0.2606837209315783
816 0.2607759023403931
817 0.2608648330570555
818 0.2609433319472717
819 0.2610159073623041
820 0.2610790080335973
821 0.2611331472560345
822 0.2611784540638543
823 0.2612173841613988
824 0.2612470207960346
825 0.2612740946174519
826 0.2612919033897363
827 0.2613046496157043
828 0.2613144329344627
829 0.2613207403428777
830 0.2613256056516878
831 0.2613253783054257
832 0.2613248782125943
833 0.261319643135105
834 0.2613149040136537
835 0.2613079706976092
836 0.2613003104558977
837 0.2612904789909748
838 0.2612800432069102
839 0.2612693186122503
840 0.2612575735213125
841 0.2612463610598809
842 0.261233775666933
843 0.261222286611346
844 0.2612103493452522
845 0.261199420529315
846 0.2611871055455191
847 0.261176230492158
848 0.2611648834145429
849 0.2611544842019248
850 0.2611447009563698
851 0.2611348657955703
852 0.2611271552315153
853 0.2611187369059553
854 0.2611115444170194
855 0.2611043195254502
856 0.2610994466393997
857 0.2610928511509134
858 0.2610884829065125
859 0.2610839781630906
860 0.2610805844462305
861 0.2610771658233279
862 0.261074191774532
863 0.2610723875000015
864 0.2610700535090133
865 0.2610691548139408
866 0.2637359740227632
867 0.2648715486334024
868 0.2658543953852432
869 0.2665189447475412
870 0.2670628745455603
871 0.2674628776758885
872 0.2677669488729375
873 0.267999496449083
874 0.2681890933395876
875 0.2683489083433817
876 0.2684897245042562
877 0.2686198129189946
878 0.2687399745532094
879 0.2688623706935146
880 0.2689708603245419
881 0.2690766489341042
882 0.26917361040002
883 0.2692574185753037
884 0.2693325850544674
885 0.2693965952609103
886 0.2694504885040226
887 0.2694963684874948
888 0.2695325724213791
889 0.2695622312447227
890 0.2695847631576045
891 0.2696011726318891
892 0.2696123553355002
893 0.269618551012445
894 0.2696213136407594
895 0.26962130318526
896 0.2696180336820378
897 0.2696135854975552
898 0.269607180657118
899 0.269599817687824
900 0.2695923636575291
901 0.2695833769798531
902 0.2695751032413244
903 0.269565299023141
904 0.2695568815513392
905 0.2695475134166107
906 0.2695388336672355
907 0.2695302168281855
908 0.2695216056387891
909 0.2695149598349227
910 0.2695084533044788
911 0.2695022833362999
912 0.2694966111169181
913 0.2694909227045566
914 0.2694854880364543
915 0.2694805130999955
916 0.2694750323926605
917 0.2694707385932821
918 0.2694654395578467
919 0.269460657236435
920 0.2694556862916933
921 0.2694502791324919
922 0.2694461341987381
923 0.2694398786769243
924 0.269435072239092
925 0.2694294761666713
926 0.2694240273259108
927 0.2694184632046834
928 0.2694123580173777
929 0.2694066028245627
930 0.2694008824178935
931 0.2693946894617855
932 0.269389045388392
933 0.2693831930719591
934 0.2693773731840809
935 0.2693725202385334
936 0.2693665777321271
937 0.2693621515743758
938 0.2693564148820567
939 0.2693519880875993
940 0.2693469539268165
941 0.2693426614046477
942 0.2693382610564318
943 0.2693332556677238
944 0.269329551723119
945 0.2693253691643724
946 0.2693221057358215
947 0.2693186041516692
948 0.269315296126927
949 0.2693118086607924
950 0.2693095093864397
951 0.269306106670375
952 0.2693042872310945
953 0.2717818384096706
954 0.273056948918264
955 0.2740991631790632
956 0.2748262610780765
957 0.275407486666885
958 0.2758384366200655
959 0.2761737513143181
960 0.2764348614100341
961 0.2766387648181234
962 0.2768117704315398
963 0.2769601983332433
964 0.2770959312980839
965 0.277218695589303
966 0.2773329263910935
967 0.2774390266676295
968 0.277536949860134
969 0.2776322320090113
970 0.2777144379190608
971 0.2777854173456103
972 0.2778482052622043
973 0.2778995766967517
974 0.2779438149778676
975 0.2779789380158276
976 0.2780074725749971
977 0.2780274074967867
978 0.2780429818140097
979 0.27805170360514
980 0.2780583660139641
981 0.2780598389618827
982 0.2780607549607876
983 0.2780582997053581
984 0.2780545793921951
985 0.2780489005010615
986 0.2780425214719904
987 0.2780357845467381
988 0.2780281388898798
989 0.2780200609626001
990 0.2780114512376948
991 0.2780026181232587
992 0.2779935979109834
993 0.2779846318201791
994 0.2779751066399435
995 0.2779644625184337
996 0.277955317801774
997 0.2779451404550479
998 0.2779358646006215
999 0.2779243652198688
1000 0.2779145172528406
1001 0.2779042292425232
1002 0.2778954502567481
1003 0.2778851222203563
1004 0.2778770008764327
1005 0.2778669392575498
1006 0.2778590146708712
1007 0.2778493351903825
1008 0.2778410587900106
1009 0.2778319115275236
1010 0.2778233269909287
1011 0.2778139274461549
1012 0.2778050014620435
1013 0.2777955605582758
1014 0.2777863829512557
1015 0.2777761473462338
1016 0.2777662153423094
1017 0.2777562134483881
1018 0.2777458583960382
1019 0.2777352479200462
1020 0.2777248488511479
1021 0.2777133625819304
1022 0.277703145562143
1023 0.2776915247098963
1024 0.2776809438992083
1025 0.2776694053462602
1026 0.2776593817030089
1027 0.2776483298720399
1028 0.2776383532917985
1029 0.2776276931729335
1030 0.2776181763661372
1031 0.277608550592562
1032 0.2775987664494453
1033 0.2775901232267635
1034 0.2775813338272169
1035 0.2775734152847724
1036 0.2775649543417162
1037 0.2775575769451999
1038 0.2775498029713713
1039 0.277543074882704
1040 0.2775361753143326
1041 0.2775299859112814
1042 0.2775237721190973
1043 0.2775185588535709
1044 0.2775131932862538
1045 0.2775079195869075
1046 0.2775037790474526
1047 0.2774987926848747
1048 0.2774952021919759
1049 0.2774907609724611
1050 0.2774876125805486
1051 0.2774838237117967
1052 0.2774809581611586
1053 0.2774775994371183
1054 0.2774752980582691
1055 0.2793027922936105
1056 0.2805912393322136
1057 0.281449131568126
1058 0.282098031514031
1059 0.2825587001457298
1060 0.2828997913650281
1061 0.2831455811061914
1062 0.2833034982916938
1063 0.2834302708288992
1064 0.2835340085979703
1065 0.2836323213946667
1066 0.2837255332255144
1067 0.2838204687054819
1068 0.2839158942620227
1069 0.2840164130686899
1070 0.2841184080522198
1071 0.2842195198096986
1072 0.2843259989448862
1073 0.2844256271191337
1074 0.2845281269222561
1075 0.2846199084952126
1076 0.2847140174310633
1077 0.2847911740405801
1078 0.2848723905408105
1079 0.2849384064119744
1080 0.2849979949207607
1081 0.2850462380751421
1082 0.2850884132135126
1083 0.2851198537498884
1084 0.2851449482738724
1085 0.2851571859093792
1086 0.2851689099214682
1087 0.2851705979988755
1088 0.2851668536321563
1089 0.2851567290272684
1090 0.2851389390911856
1091 0.2851211870579026
1092 0.2850966530494576
1093 0.2850683956705588
1094 0.2850397535787721
1095 0.2850084001360766
1096 0.2849732142267347
1097 0.2849390534305202
1098 0.2849033442910386
1099 0.2848685340694809
1100 0.2848334048693997
1101 0.2847990451952386
1102 0.2847655641252814
1103 0.2847326649282456
1104 0.2847006835201647
1105 0.2846700486881886
1106 0.2846405534109717
1107 0.2846117180867593
1108 0.2845869394893499
1109 0.2845606931100732
1110 0.2845396326758572
1111 0.2845154729982325
1112 0.2844974050156743
1113 0.2844763989179422
1114 0.2844618590838196
1115 0.2844447266150341
1116 0.2844335920668294
1117 0.2844198338319363
1118 0.2844114540713372
1119 0.2844033169194849
1120 0.2843960050178492
1121 0.2843887541128148
1122 0.2843854092936727
1123 0.2843810291894208
1124 0.2843799835284428
1125 0.2843774378164524
1126 0.2843776130198002
1127 0.2843774472454946
1128 0.2843750852269582
1129 0.2843740080351559
1130 0.284373002637406
1131 0.2843717453182565
1132 0.2843708415991874
1133 0.2843691913674408
1134 0.2843691451865236
1135 0.2843656319913115
1136 0.284364659499597
1137 0.2843626790947676
1138 0.2843620510201774
1139 0.2843588905537658
1140 0.2843578111467561
1141 0.2843546098632528
1142 0.2843533512936016
1143 0.2843492611942486
1144 0.2843484148342563
1145 0.2843461999084932
1146 0.284343713288356
1147 0.2843428788724141
1148 0.2843405241472146
1149 0.2843398524901998
1150 0.284338754205432
1151 0.2860182232554359
1152 0.2871620896714175
1153 0.2878424815225684
1154 0.2883527839246674
1155 0.2886736757493462
1156 0.2888876529963711
1157 0.2890228423578486
1158 0.2891212180208214
1159 0.2891948577898634
1160 0.2892600611337844
1161 0.2893263809302479
1162 0.289402030515551
1163 0.2894855929393941
1164 0.2895855241112113
1165 0.2896942761497739
1166 0.2898131848977725
1167 0.289935952594055
1168 0.2900642044988497
1169 0.2901938151195897
1170 0.2903215767752987
1171 0.290442677619867
1172 0.2905567147792378
1173 0.2906617348309733
1174 0.2907578399071579
1175 0.2908420392272652
1176 0.2909123714919373
1177 0.29097105634672
1178 0.2910156832618198
1179 0.291050230827767
1180 0.2910715993027067
1181 0.2910844613894698
1182 0.2910860917654668
1183 0.2910808735926893
1184 0.2910669712345665
1185 0.2910472851815845
1186 0.2910211390967369
1187 0.2909909418500596
1188 0.2909567684318997
1189 0.2909195432124986
1190 0.2908812242830945
1191 0.2908404031870837
1192 0.2908002123877954
1193 0.2907583705759755
1194 0.2907192722980756
1195 0.2906763106728061
1196 0.2906362753196665
1197 0.2905958347696257
1198 0.29055879753971
1199 0.2905216938669636
1200 0.2904882312475821
1201 0.2904548303030485
1202 0.290422299707347
1203 0.2903922800117373
1204 0.2903634795414989
1205 0.2903384445430933
1206 0.2903140992027989
1207 0.2902937180807493
1208 0.2902736479736099
1209 0.2902577323932018
1210 0.2902423216408986
1211 0.2902307005930747
1212 0.2902198271025996
1213 0.2902124231579716
1214 0.2902060398475962
1215 0.2902018917285252
1216 0.2901991415674032
1217 0.2901979564268889
1218 0.2901986024631322
1219 0.290199452445139
1220 0.2902009954287088
1221 0.2902031238867616
1222 0.2902066206658868
1223 0.2902092927553562
1224 0.2902122463572614
1225 0.2902153527310024
1226 0.2902180965000755
1227 0.2902209386836716
1228 0.290223745275644
1229 0.290227631317116
1230 0.2902290086107835
1231 0.2902329468274168
1232 0.2902345478444258
1233 0.2923336600440903
1234 0.2933977956110485
1235 0.2940877773482736
1236 0.2945866372251582
1237 0.2949335069623846
1238 0.295163251243006
1239 0.2953223486971885
1240 0.2954345746204878
1241 0.295526738388707
1242 0.295611261840846
1243 0.2956987337040937
1244 0.2957953449332383
1245 0.2958990665095744
1246 0.2960142776995418
1247 0.2961331108650381
1248 0.2962605638554089
1249 0.2963877694270486
1250 0.2965175768928119
1251 0.2966406657721952
1252 0.2967596649738252
1253 0.2968665979388404
1254 0.2969704932358048
1255 0.297059683774487
1256 0.2971383487569107
1257 0.2972029703791059
1258 0.297252552527551
1259 0.297292117115773
1260 0.2973195399567276
1261 0.2973419288246118
1262 0.2973513092656673
1263 0.2973525076616693
1264 0.2973440944032485
1265 0.297332129509696
1266 0.2973099773929833
1267 0.2972865785978265
1268 0.2972556830273064
1269 0.2972208056168434
1270 0.2971843742112021
1271 0.2971473822558288
1272 0.2971062577309415
1273 0.2970707760231988
1274 0.2970321511459918
1275 0.2969949873950039
1276 0.2969563333243906
1277 0.2969197999181709
1278 0.2968843924810009
1279 0.296844474180607
1280 0.2968123705186488
1281 0.2967755588499115
1282 0.2967450128412163
1283 0.2967140061017353
1284 0.2966871327865713
1285 0.2966622630771261
1286 0.2966374757328367
1287 0.2966178055171778
1288 0.2965968992472374
1289 0.2965821188141935
1290 0.2965653528940057
1291 0.2965553575510735
1292 0.2965430093552512
1293 0.2965376440054844
1294 0.2965293064799971
1295 0.2965277312618754
1296 0.2965258386598147
1297 0.2965242473472297
1298 0.2965258279232308
1299 0.2965263389360496
1300 0.2965310843096642
1301 0.2965332813804832
1302 0.2965401305019219
1303 0.296543573018765
1304 0.2965523604372869
1305 0.2965561999194858
1306 0.2965657537623016
1307 0.2965700138396882
1308 0.2965800453271598
1309 0.2965847234150575
1310 0.2965942715839201
1311 0.2965990671425977
1312 0.2966076539707559
1313 0.2966129203729127
1314 0.2966199937512395
1315 0.2966255709537258
1316 0.2966318144713974
1317 0.2966374486694286
1318 0.2966432463503725
1319 0.2966485221361796
1320 0.2966537436692528
1321 0.2966608111780809
1322 0.2966648677614631
1323 0.2966691366162632
1324 0.2966727357407448
1325 0.2966762398041513
1326 0.2966786532425769
1327 0.2966818068113236
1328 0.296684582831698
1329 0.2966876770229329
1330 0.2966906111509564
1331 0.2966925183864255
1332 0.2966964957492646
1333 0.2966982026679358
1334 0.296702855857163
1335 0.2967041031075292
1336 0.296708690273713
1337 0.2967094818041446
1338 0.296713404322869
1339 0.296714021179955
1340 0.296717057920473
1341 0.2967180043192532
1342 0.2967200099845365
1343 0.2967208694794455
1344 0.296722502777864
1345 0.2967236762072304
1346 0.2967245827264931
1347 0.2967261257101219
1348 0.2967263284302206
1349 0.2967282110559396
1350 0.2967270065611932
1351 0.2989100990503834
1352 0.2998087677568073
1353 0.3005750104334415
1354 0.3011092034191442
1355 0.3015520864196602
1356 0.3018700632630039
1357 0.3021104115374803
1358 0.3022938639692825
1359 0.3024395562457686
1360 0.3025590534406762
1361 0.3026542027539424
1362 0.3027369716145186
1363 0.3028104212533466
1364 0.3028681059967053
1365 0.3029231774336094
1366 0.3029635861894359
1367 0.3030043836038314
1368 0.3030304380721197
1369 0.3030524458252151
1370 0.3030772261498457
1371 0.3030919044693534
1372 0.3031022565970055
1373 0.3031097837294857
1374 0.3031117285792065
1375 0.3031120267800173
1376 0.3031109583741007
1377 0.3031123915482161
1378 0.3031109588676752
1379 0.3031198777448713
1380 0.3031164046440815
1381 0.3031209665478737
1382 0.3031288984831608
1383 0.3031383457845228
1384 0.3031415323367272
1385 0.303150864275837
1386 0.303165913601009
1387 0.3031754682625825
1388 0.3031929923808654
1389 0.3032096837710663
1390 0.303224161270334
1391 0.3032414594374752
1392 0.3032602892672119
1393 0.3032801976836889
1394 0.3033046822763606
1395 0.3033272784414757
1396 0.3033460432284603
1397 0.3033657427975043
1398 0.3033881641525658
1399 0.3034073276045737
1400 0.3034237631511519
1401 0.3034365030866765
1402 0.3034483598280494
1403 0.3034601470177781
1404 0.3034709293620836
1405 0.3034810776507142
1406 0.3034869914083601
1407 0.3034912240870224
1408 0.3034924238481296
1409 0.3034982627960776
1410 0.3034982871638127
1411 0.3034998541557368
1412 0.3034978037299366
1413 0.3034967849053851
1414 0.3034909549401156
1415 0.3034888549599182
1416 0.3034821764459857
1417 0.3034782546977954
1418 0.3034730805821703
1419 0.3034649314331239
1420 0.3034598894998355
1421 0.3034511485858423
1422 0.3034445133548678
1423 0.3034388635845467
1424 0.3034313122249842
1425 0.3034267213342315
1426 0.303420145233228
1427 0.3034169575042696
1428 0.303411376785518
1429 0.3034098113119605
1430 0.3034067575465604
1431 0.3034050203994149
1432 0.3034025744505408
1433 0.3034034964247621
1434 0.3034026026160152
1435 0.3034059379793216
1436 0.3034058544100045
1437 0.3034106155365197
1438 0.3034113732058519
1439 0.3034166302541074
1440 0.3034176986339094
1441 0.3034216058272113
1442 0.3034257834209833
1443 0.3034290841658099
1444 0.3034321135576347
1445 0.3034369527474594
1446 0.3034410437507142
1447 0.3034441631697223
1448 0.3034474054087781
1449 0.3034497497894599
1450 0.3034522970075437
1451 0.3034541423048921
1452 0.3034550705741782
1453 0.3034560292978539
1454 0.3034576563973231
1455 0.3034579864741032
1456 0.3034576544944242
1457 0.3034596124188864
1458 0.3034581752187817
1459 0.3034596577861094
1460 0.3034581295417628
1461 0.3034596502485826
1462 0.3034582220209893
1463 0.3034597421947657
1464 0.3034584127612201
1465 0.3034599898413531
1466 0.3034591480559672
1467 0.3034602552776376
1468 0.3034602755055245
1469 0.3034612544248147
1470 0.3034606894601855
1471 0.3034607136078156
1472 0.303460374981651
1473 0.3034606900382971
1474 0.303460442838283
1475 0.3034605165714027
1476 0.3034598770195834
1477 0.3034597946329526
1478 0.3034594004172098
1479 0.3034587035409287
1480 0.3034581925262663
1481 0.3034575915765435
1482 0.3034568934909967
1483 0.3034572401743713
1484 0.3034555764428956
1485 0.3034561338802192
1486 0.303454255577959
1487 0.3034553496973449
1488 0.3034528907864315
1489 0.3034541196084364
1490 0.3034520140558309
1491 0.303452700349045
1492 0.3034509737425638
1493 0.3034514191583086
1494 0.3034497342308072
1495 0.3034499901413691
1496 0.3034493630474167
1497 0.3034489227419143
1498 0.3034483126853604
1499 0.3034477061640054
1500 0.3034475355645974
1501 0.3034467940432871
1502 0.3034470958060838
1503 0.3034462693615634
1504 0.3034463435795337
1505 0.303445795036649
1506 0.3034458201254717
1507 0.3034455571619049
1508 0.3034453958997179
1509 0.3034456920353029
1510 0.3034447683456423
1511 0.3034454632720527
1512 0.303443932460244
1513 0.303445332210703
1514 0.3034439709018507
1515 0.3034455135553125
1516 0.303444319295731
1517 0.3034457305735371
1518 0.30344480601808
1519 0.3034461826806611
1520 0.3034455384576183
1521 0.3034467596299862
1522 0.303446272822562
1523 0.3034470563455475
1524 0.303446868165481
1525 0.3034476231722572
1526 0.3034477734965847
1527 0.3034482144363438
1528 0.3034484580608549
1529 0.3034484029641745
1530 0.3034490940065128
1531 0.3034487986192662
1532 0.3034494873700909
1533 0.3034490326096372
1534 0.3034495802513361
1535 0.3034496609071641
1536 0.3034494458938924
1537 0.3034496099954361
1538 0.3034494679845801
1539 0.3034497705263753
1540 0.3034490031503411
1541 0.3034496506320459
1542 0.303448839219769
1543 0.3034502312151296
1544 0.3034484167264099
1545 0.3034493157584895
1546 0.3034483654516033
1547 0.3034494574586679
1548 0.303448149056917
1549 0.3034487344556201
1550 0.3034482165506809
1551 0.303448616452091
1552 0.3034482505251858
1553 0.3034485133497895
1554 0.303448426021907
1555 0.3034483735059034
1556 0.303448435191127
1557 0.3034482322381361
1558 0.3034482152840854
1559 0.3034479845469464
1560 0.3034479796611345
1561 0.3034477025132996
1562 0.3034474775845868
1563 0.3034477228439473
1564 0.3034468470228229
1565 0.3034476780819017
1566 0.3034468706202992
1567 0.3034476137938254
1568 0.3034463658846933
1569 0.3034476396316726
1570 0.3034462579067929
1571 0.3034475202080986
1572 0.303446047429936
1573 0.3034473533527942
1574 0.3034463485432399
1575 0.3034476508689748
1576 0.3034466359907083
1577 0.3034476406048021
1578 0.3034469641757273
1579 0.3034475432271607
1580 0.3034473044957475
1581 0.3034472142778727
1582 0.3034475321593647
1583 0.3034474751995861
1584 0.305604395026586
1585 0.3065224102983333
1586 0.3073921763211143
1587 0.3079805275641691
1588 0.3084820867780719
1589 0.3088461020313841
1590 0.3091364726588893
1591 0.3093508145669343
1592 0.3095112731656103
1593 0.3096259942477878
1594 0.3097044277107798
1595 0.3097583987420621
1596 0.3097857509595942
1597 0.3097946765814016
1598 0.3097852670681641
1599 0.3097611182647812
1600 0.3097234066398554
1601 0.3096754528586729
1602 0.3096193850721217
1603 0.309558965406019
1604 0.3094955638266013
1605 0.3094309652882969
1606 0.3093688977566373
1607 0.3093164026625365
1608 0.3092644730119112
1609 0.3092246380013036
1610 0.3091834681005109
1611 0.3091573956569129
1612 0.3091280361762318
1613 0.3091194646165749
1614 0.3091065799431978
1615 0.3091119348809713
1616 0.3091198280667233
1617 0.3091297423945082
1618 0.309151707189096
1619 0.3091745817562543
1620 0.3091952357359587
1621 0.3092273458465528
1622 0.309255931834078
1623 0.3092870028865752
1624 0.309313222953326
1625 0.3093444952491643
1626 0.3093693412571444
1627 0.3093984812179145
1628 0.3094213075699007
1629 0.309447736917832
1630 0.3094702614864865
1631 0.3094881360482625
1632 0.3095056622714003
1633 0.3095203084090346
1634 0.3095339347541524
1635 0.309544264544906
1636 0.3095564662051918
1637 0.3095621893165498
1638 0.3095676280195162
1639 0.3095731127019904
1640 0.3095758143346274
1641 0.3095783864944092
1642 0.3095766796339215
1643 0.3095761431154938
1644 0.3095701853525454
1645 0.3095653438115855
1646 0.3095580016770476
1647 0.3095492346043294
1648 0.3095385200594574
1649 0.3095297248571575
1650 0.3095171132984038
1651 0.3095050139358255
1652 0.3094928826511988
1653 0.3094805674925366
1654 0.3094700083794213
1655 0.3094582932470346
1656 0.3094481355940187
1657 0.3094375143292289
1658 0.3094288652698147
1659 0.3094201542124241
1660 0.3094144314452165
1661 0.3094076850053694
1662 0.3094036966998114
1663 0.3093984067383144
1664 0.3093954225224207
1665 0.3093928552087749
1666 0.3093904313016752
1667 0.3093880775696392
1668 0.3093856871867586
1669 0.3093862724802832
1670 0.3093857669933238
1671 0.3093866486705605
1672 0.3093855403634644
1673 0.3121637063145258
1674 0.3136725294922502
1675 0.3149010388021849
1676 0.3157699224344198
1677 0.3164496727688437
1678 0.3169478810185931
1679 0.3173283506792761
1680 0.3176094664075505
1681 0.3178290886728176
1682 0.3179939386663375
1683 0.31810765399241
1684 0.3182058296964597
1685 0.3182652403553048
1686 0.3183139422535484
1687 0.3183529821373475
1688 0.3183761583346529
1689 0.3183823911199315
1690 0.31839113962638
1691 0.3183820102453215
1692 0.3183709481435456
1693 0.3183519162531714
1694 0.3183340716736707
1695 0.3183102178758269
1696 0.3182795959500297
1697 0.3182529905558469
1698 0.3182153342025377
1699 0.3181810531516496
1700 0.318149838694071
1701 0.318117134933425
1702 0.3180863467251983
1703 0.3180518488023978
1704 0.3180280771244069
1705 0.3180021760621957
1706 0.3179801155218507
1707 0.3179532611077364
1708 0.317933504440516
1709 0.317918720659676
1710 0.3179000062743362
1711 0.3178882557967816
1712 0.317871244875947
1713 0.317863011143052
1714 0.3178495658120558
1715 0.3178430026184652
1716 0.3178330953771779
1717 0.3178264331735914
1718 0.3178195456808919
1719 0.3178128524151834
1720 0.3178052881253723
1721 0.3177934179891657
1722 0.3177826895866218
1723 0.3177733565790238
1724 0.3177585945847819
1725 0.3177456974054365
1726 0.3177306743270017
1727 0.3177128312981921
1728 0.3176906123362032
1729 0.3176693595964254
1730 0.3176471278123829
1731 0.3176191934889113
1732 0.3175955879584372
1733 0.3175669310554559
1734 0.3175394140289906
1735 0.317508771574353
1736 0.3174769811229513
1737 0.3174457330370778
1738 0.3174140697488291
1739 0.3173787174749537
1740 0.3173470987666123
1741 0.3173104644087861
1742 0.3172768018391395
1743 0.3172449109109802
1744 0.3172130452916967
1745 0.3171826165753517
1746 0.317152288765094
1747 0.3171231741690827
1748 0.3170950978832582
1749 0.3170693670010901
1750 0.3170440803355128
1751 0.3170224656081562
1752 0.316999804573358
1753 0.3169803025505179
1754 0.3169621831843943
1755 0.3169457753160575
1756 0.3169322979217152
1757 0.3169187177052444
1758 0.3169083683217503
1759 0.3168975670710168
1760 0.3168896147929972
1761 0.3168811065923867
1762 0.3168768630814311
1763 0.3168702112822041
1764 0.3168684960680269
1765 0.3168647465011072
1766 0.3168643464760086
1767 0.3168619488995951
1768 0.3179753205013296
1769 0.31903864036536
1770 0.3196633806958414
1771 0.3201553860350373
1772 0.3204728901888577
1773 0.3207072196556688
1774 0.3208664037183931
1775 0.3209870375864273
1776 0.3210801961232925
1777 0.3211644872270286
1778 0.321248723823527
1779 0.3213368726382912
1780 0.3214381862763685
1781 0.3215495579907364
1782 0.3216714327304914
1783 0.321802254634577
1784 0.3219371272327758
1785 0.3220760280636573
1786 0.322216241667479
1787 0.322352899091886
1788 0.3224868907307422
1789 0.3226122400872748
1790 0.3227304902369132
1791 0.3228390334127989
1792 0.3229375353895866
1793 0.3230228544832885
1794 0.3230982111102219
1795 0.3231601613294883
1796 0.3232126949378689
1797 0.3232527364432979
1798 0.3232824795621851
1799 0.3233015006773514
1800 0.3233086526833858
1801 0.3233085556672564
1802 0.3233010969433636
1803 0.3232866905463604
1804 0.323266707505228
1805 0.3232411498805679
1806 0.323211706216667
1807 0.3231777116815084
1808 0.323142598222173
1809 0.3231039413093575
1810 0.3230659557850936
1811 0.3230255490763234
1812 0.3229869382533082
1813 0.3229470491125098
1814 0.3229088146318093
1815 0.3228704326172659
1816 0.3228352238606653
1817 0.3227986755389304
1818 0.3227655412771345
1819 0.3227318754094761
1820 0.3227020385792924
1821 0.3226723858803157
1822 0.3226455562879546
1823 0.3226203938822632
1824 0.3225971148386182
1825 0.3225752979461629
1826 0.3225546369448876
1827 0.3225363011544921
1828 0.3225196805039753
1829 0.322506066945589
1830 0.3224935674120133
1831 0.3224840619831521
1832 0.3224757507486132
1833 0.3224699536446802
1834 0.3224657769968641
1835 0.3224629837294045
1836 0.3224620316160877
1837 0.3224614355512249
1838 0.322463364035897
1839 0.3224641239230812
1840 0.3224675211448725
1841 0.3224689734134563
1842 0.3224723868242443
1843 0.3224733940623402
1844 0.3224760042635107
1845 0.322474364653828
1846 0.322474542928571
1847 0.3224732064973168
1848 0.3224727025052903
1849 0.3224709281498852
1850 0.3224690520364986
1851 0.3224663117011614
1852 0.3224626175659204
1853 0.3224599149995785
1854 0.3224553003343541
1855 0.3224512017533656
1856 0.3224453638892506
1857 0.3224402288082884
1858 0.3224341041027861
1859 0.3224292071715005
1860 0.3224233839365461
1861 0.3224184138842421
1862 0.3224134052183186
1863 0.3224087988298041
1864 0.3224043657277913
1865 0.3223997540548577
1866 0.3223968440984126
1867 0.3223930597564822
1868 0.3223903160409193
1869 0.3223869410206183
1870 0.3223855474079011
1871 0.3223828348100437
1872 0.3223819007117037
1873 0.3223795910209661
1874 0.3223791862204514
1875 0.3231180093932773
1876 0.3238052472277331
1877 0.3241204601911849
1878 0.3243664504654261
1879 0.3244757066122782
1880 0.3245321859816982
1881 0.3245406262746739
1882 0.3245406449277268
1883 0.3245360349886438
1884 0.3245412994769726
1885 0.32456158311825
1886 0.3245959584839041
1887 0.324652049234688
1888 0.3247262984362203
1889 0.3248207028136854
1890 0.3249289069300835
1891 0.3250472088115429
1892 0.3251720875537807
1893 0.3252996463293956
1894 0.3254290006639293
1895 0.3255535969224797
1896 0.3256727913535069
1897 0.3257827098904018
1898 0.3258829028101252
1899 0.3259730948471893
1900 0.3260535270532998
1901 0.3261223223967238
1902 0.3261801224720564
1903 0.3262274763912384
1904 0.3262631523617449
1905 0.326288851386647
1906 0.3263033617772034
1907 0.3263089707424991
1908 0.326303814388631
1909 0.3262925762077492
1910 0.3262705865789112
1911 0.326244260555329
1912 0.3262118818994169
1913 0.3261768984134703
1914 0.3261370986646859
1915 0.3260953568622577
1916 0.326050016004098
1917 0.3260030244447603
1918 0.3259553660069564
1919 0.3259051324245951
1920 0.3258564845994875
1921 0.3258063959953625
1922 0.3257576600246938
1923 0.3257086086341705
1924 0.3256622007927986
1925 0.3256146088981027
1926 0.325569882727418
1927 0.3255235345477159
1928 0.3254814491396773
1929 0.3254418580949236
1930 0.3254064090050515
1931 0.3253724445977454
1932 0.3253430326401316
1933 0.3253182402578907
1934 0.3252953366498287
1935 0.3252776255165539
1936 0.3252630141358653
1937 0.3252516927704837
1938 0.3252427844910522
1939 0.325238034196247
1940 0.3252348131497256
1941 0.3252343673834117
1942 0.3252373067547317
1943 0.3252411784694697
1944 0.3252486659364894
1945 0.3252562560752735
1946 0.3252674915488331
1947 0.325278097246301
1948 0.3252920238536799
1949 0.325304540443496
1950 0.325320663379337
1951 0.3253342871994524
1952 0.3253508987640171
1953 0.3253647052827205
1954 0.3253813376554535
1955 0.3253950710525713
1956 0.3254101201448634
1957 0.3254238857631659
1958 0.3254375109391795
1959 0.325450422168203
1960 0.3254625808718228
1961 0.3254744126801679
1962 0.3254849465056324
1963 0.3254946276113032
1964 0.3255036249936599
1965 0.3255119636584802
1966 0.3255192478455772
1967 0.325525881071228
1968 0.3255318736664856
1969 0.3255361360938278
1970 0.3255411966605257
1971 0.3255433784607101
1972 0.3269776616498332
1973 0.3277218902358019
1974 0.3281979891923354
1975 0.3285050939817262
1976 0.3286956042704886
1977 0.3288221971146978
1978 0.32890177186821
1979 0.328958794548709
1980 0.3290026525045801
1981 0.3290397187632612
1982 0.3290845629365758
1983 0.3291333540638505
1984 0.3291954097396841
1985 0.3292666767846902
1986 0.3293469869325631
1987 0.3294364395229383
1988 0.3295273343572974
1989 0.3296206659866909
1990 0.32971350563638
1991 0.3298043946670788
1992 0.3298930392603153
1993 0.3299768584791089
1994 0.3300515247608979
1995 0.3301200958604688
1996 0.3301790646803437
1997 0.3302317701292855
1998 0.3302754441720883
1999 0.3303108192045398
2000 0.3303385096958331
2001 0.3303579923086272
2002 0.3303724431158711
2003 0.3303784576197907
2004 0.3303812638437321
2005 0.3303774406103951
2006 0.3303721642917818
2007 0.3303598384631048
2008 0.3303468260623667
2009 0.3303271994243737
2010 0.330308056826506
2011 0.3302835679722426
2012 0.3302582621066006
2013 0.3302293789167089
2014 0.3301980611363354
2015 0.3301660693970603
2016 0.3301312882808645
2017 0.3300977448104178
2018 0.3300624143552597
2019 0.3300311313367672
2020 0.3299975643951003
2021 0.3299656026659895
2022 0.3299316788844802
2023 0.3299003628148424
2024 0.3298693676444919
2025 0.3298417220883967
2026 0.3298134726432758
2027 0.3297890024723199
2028 0.3297663318885282
2029 0.329745861474964
2030 0.3297291093869034
2031 0.329714041474188
2032 0.3297030153122906
2033 0.3296919659117709
2034 0.329685517670403
2035 0.3296779949009029
2036 0.3296748495003869
2037 0.3296696690294867
2038 0.3296678692604955
2039 0.3296642437690129
2040 0.329664086393522
2041 0.3296618409697711
2042 0.3296605126263358
2043 0.3296601195095021
2044 0.3296606284383359
2045 0.329663094448841
2046 0.329665763105067
2047 0.3296711644633953
2048 0.3296753075758574
2049 0.3296819948014338
2050 0.3296877905901501
2051 0.329695645604516
2052 0.3297025284022403
2053 0.3297110191136705
2054 0.3297194019100383
2055 0.3297286214831955
2056 0.329738458800549
2057 0.3297473172151628
2058 0.3297579938600143
2059 0.329767203263521
2060 0.329778506628649
2061 0.3297874635419727
2062 0.32979901810066
2063 0.3298075558499918
2064 0.3298190966336882
2065 0.3298268254664792
2066 0.3298377036456749
2067 0.3298446031449677
2068 0.3298540975371594
2069 0.3298600284031613
2070 0.3298676512411834
2071 0.3298729662969512
2072 0.3298786991651999
2073 0.3298832662746572
2074 0.3298873562166196
2075 0.329891713899733
2076 0.3298941023919628
2077 0.3298971637685941
2078 0.3298984646177777
2079 0.3299010178672553
2080 0.3299015704185465
2081 0.3299024499873294
2082 0.3312895615017369
2083 0.3318895518086536
2084 0.3324670254749651
2085 0.3328610568130772
2086 0.333213596651688
2087 0.3334794531343388
2088 0.333703197476434
2089 0.3338747979660301
2090 0.3340114489103054
2091 0.3341132162571871
2092 0.3341878439213902
2093 0.3342426469868363
2094 0.3342701077205436
2095 0.3342759084930922
2096 0.3342713476506601
2097 0.3342483377370901
2098 0.3342136583191719
2099 0.3341719234148119
2100 0.3341357634580436
2101 0.3340938964181177
2102 0.3340539590728879
2103 0.3340100441054451
2104 0.3339715708780569
2105 0.3339374009823842
2106 0.3339115826496494
2107 0.3338895827388142
2108 0.3338670148515972
2109 0.3338597693217891
2110 0.3338503754413578
2111 0.333855480336482
2112 0.3338667425774698
2113 0.3338893781128227
2114 0.3339091204744603
2115 0.3339408039250772
2116 0.3339737794564999
2117 0.3340067020797122
2118 0.3340491875158641
2119 0.3340898595852436
2120 0.3341329211381846
2121 0.3341779890624593
2122 0.334221989744953
2123 0.3342652973779985
2124 0.334310846504595
2125 0.3343550263407443
2126 0.3343961670631101
2127 0.3344378569478789
2128 0.3344740416402917
2129 0.3345110223200355
2130 0.3345403928241969
2131 0.3345719119309103
2132 0.3345938433717121
2133 0.3346192223820256
2134 0.3346342133784408
2135 0.3346536823677925
2136 0.3346640903899255
2137 0.3346786001126924
2138 0.3346836297634778
2139 0.3346928624505349
2140 0.3346930819743079
2141 0.3346962415487074
2142 0.3346919181029535
2143 0.3346905315419906
2144 0.3346833501655143
2145 0.3346777747504948
2146 0.3346689487595234
2147 0.3346619781193561
2148 0.3346540023597679
2149 0.3346405386315721
2150 0.3346320019965935
2151 0.33461693609633
2152 0.3346055133687112
2153 0.3345931442668545
2154 0.3345801160975335
2155 0.3345682145241226
2156 0.3345549880976709
2157 0.3345433522054059
2158 0.3345317004408555
2159 0.3345208150009869
2160 0.3345086661548603
2161 0.3345000523387753
2162 0.3344909256444237
2163 0.33448252359592
2164 0.3344759630620986
2165 0.3344704522396643
2166 0.3344636848690847
2167 0.3344609318022066
2168 0.3344575620458411
2169 0.3344558458580655
2170 0.334456095386201
2171 0.3344573108917514
2172 0.33446001016963
2173 0.3344629124754054
2174 0.3344692232408554
2175 0.3344736267129715
2176 0.3344802617800518
2177 0.3344851178523554
2178 0.3344927177441127
2179 0.3344991589419511
2180 0.3345062090176442
2181 0.3345125360808838
2182 0.3345201817871913
2183 0.3345254073707966
2184 0.3345328185888307
2185 0.3345383876408004
2186 0.3345439384440543
2187 0.3345499622508472
2188 0.3345552891632982
2189 0.3345602964340237
2190 0.3345646107794243
2191 0.3345693102810271
2192 0.3345724641386297
2193 0.334576335058952
2194 0.3345792236547723
2195 0.3345825034743077
2196 0.3345853362872365
2197 0.334587401373547
2198 0.3345901105288501
2199 0.3345920911455865
2200 0.3345945905465916
2201 0.3364538993488308
2202 0.3373192984932225
2203 0.3381707536963101
2204 0.3387178013751347
2205 0.3391947189936733
2206 0.3395437726600996
2207 0.3398236600877688
2208 0.3400363986264004
2209 0.3401922751819131
2210 0.340301867657102
2211 0.3403668740164085
2212 0.3404055945343732
2213 0.3404150527157031
2214 0.3404004645895939
2215 0.3403595123094598
2216 0.3403031767569732
2217 0.3402297398561618
2218 0.3401452235222535
2219 0.3400534736741717
2220 0.3399580251849091
2221 0.3398643082060652
2222 0.3397716724291409
2223 0.3396881967246625
2224 0.339606865454094
2225 0.3395354455731222
2226 0.3394698509905127
2227 0.3394185705049126
2228 0.339374702610056
2229 0.3393383106652808
2230 0.3393123817578191
2231 0.339294365090885
2232 0.339287877744548
2233 0.3392871478370221
2234 0.3393011769330392
2235 0.3393162249294428
2236 0.3393373493420045
2237 0.3393614467402436
2238 0.3393887049348351
2239 0.3394199820780829
2240 0.3394555777904142
2241 0.3394886691265517
2242 0.3395278263841789
2243 0.3395644074942624
2244 0.3395985798289778
2245 0.3396308206541135
2246 0.3396636869137074
2247 0.3396958503603143
2248 0.3397243569666007
2249 0.3397523391742527
2250 0.3397774221629558
2251 0.3398004614716885
2252 0.3398195209987658
2253 0.3398346219243776
2254 0.3398495867033997
2255 0.3398567723255591
2256 0.3398625917302615
2257 0.3398607970383659
2258 0.3398597912563408
2259 0.3398517516213731
2260 0.3398432437333753
2261 0.3398308997210837
2262 0.3398168965335248
2263 0.3398009702055698
2264 0.3397826697440482
2265 0.3397645164851665
2266 0.3397436964573559
2267 0.3397246369215294
2268 0.3397050323174876
2269 0.3396830867635092
2270 0.3396618255079374
2271 0.3396415785350675
2272 0.3396212213207811
2273 0.3395998260352407
2274 0.3395805548906757
2275 0.3395614744342502
2276 0.3395439274350237
2277 0.3395265900714785
2278 0.3395121528958485
2279 0.3394965968307265
2280 0.3394853403750798
2281 0.3394722277328951
2282 0.3394626973334422
2283 0.3394525832044705
2284 0.3394458955437582
2285 0.3394386935864473
2286 0.3394355359310342
2287 0.339431894504055
2288 0.3394300442167618
2289 0.3394288508838236
2290 0.3394288590248978
2291 0.3414215454263394
2292 0.3426609284732096
2293 0.3436519528175325
2294 0.344359727303594
2295 0.3449162282590045
2296 0.3453319379094921
2297 0.3456518483932434
2298 0.3458908404672523
2299 0.3460808136267072
2300 0.3462230653534064
2301 0.3463357904278821
2302 0.3464135211647026
2303 0.3464819480571415
2304 0.3465280395034215
2305 0.3465571812329767
2306 0.346574235294021
2307 0.3465711507435968
2308 0.3465711183455918
2309 0.3465496273200626
2310 0.3465304125737895
2311 0.3465026856328596
2312 0.3464675873292646
2313 0.3464217491755542
2314 0.3463774008678384
2315 0.346332575181963
2316 0.3462901116823267
2317 0.3462418700525103
2318 0.3462035344538389
2319 0.3461598387414931
2320 0.3461323666900892
2321 0.3460973239371624
2322 0.3460695144189394
2323 0.3460471075478804
2324 0.3460274630954583
2325 0.3460095734784312
2326 0.3459988179123962
2327 0.3459874620956566
2328 0.3459886810011872
2329 0.3459826772557889
2330 0.345982291781553
2331 0.3459896953706419
2332 0.3459907782504625
2333 0.3459983197941891
2334 0.3459999867762827
2335 0.34600351280029
2336 0.3460064878633733
2337 0.3460075175629777
2338 0.3460050325773522
2339 0.3460036767522204
2340 0.3459973645682187
2341 0.3459897324272475
2342 0.3459805859156944
2343 0.345967108015864
2344 0.3459476036401157
2345 0.3459280719635691
2346 0.3459037208164767
2347 0.3458770179711401
2348 0.3458461178745278
2349 0.3458140288685647
2350 0.3457815267068829
2351 0.3457460534837093
2352 0.3457082674908963
2353 0.3456702750405127
2354 0.3456314147036993
2355 0.345590996727638
2356 0.3455498008376409
2357 0.3455077550905197
2358 0.3454672488796318
2359 0.3454259649102763
2360 0.3453865443838735
2361 0.345346370670602
2362 0.3453085103511416
2363 0.3452717713284253
2364 0.3452359085684947
2365 0.3452023151886338
2366 0.3451711770106944
2367 0.3451421506929249
2368 0.3451160056352084
2369 0.345092294221994
2370 0.3450711308931152
2371 0.3450524101707485
2372 0.345035589609226
2373 0.3450214316126941
2374 0.3450087621698347
2375 0.3449990323757844
2376 0.3449911707756391
2377 0.3449860813665254
2378 0.3449831364059435
2379 0.3449813629891171
2380 0.3449815421659572
2381 0.3449829866890832
2382 0.344986662015416
2383 0.3449907438566859
2384 0.34499745570444
2385 0.345003485746837
2386 0.3450121332039834
2387 0.3450196963065503
2388 0.3450299531876847
2389 0.345038432920015
2390 0.3450494337628803
2391 0.3450587163305143
2392 0.3450696363400892
2393 0.3450790533613275
2394 0.3450897260468603
2395 0.3450993455732244
2396 0.3451096710199214
2397 0.3451186760425696
2398 0.345128056988533
2399 0.3451371088071539
2400 0.3451454673162703
2401 0.3451536512769233
2402 0.3451609672913988
2403 0.3451682996416779
2404 0.3451747586065249
2405 0.3451810549573742
2406 0.3451867909173474
2407 0.3451921477058953
2408 0.3451976585546656
2409 0.3452015898706032
2410 0.3452068099705473
2411 0.3452104727068619
2412 0.3452146452693803
2413 0.3452174431395459
2414 0.3456817686091718
2415 0.3464454263826905
2416 0.3468184889403276
2417 0.3471202843923112
2418 0.3472835271573281
2419 0.3473977741371483
2420 0.3474638658416977
2421 0.3475096218598279
2422 0.3475523937760945
2423 0.3475949416540866
2424 0.3476452899228826
2425 0.3477069335360002
2426 0.3477840223559406
2427 0.3478752356495825
2428 0.3479801672603295
2429 0.3480963636786442
2430 0.3482183715043176
2431 0.3483499514243329
2432 0.3484850253463755
2433 0.3486224979033672
2434 0.3487578381965072
2435 0.3488883999972734
2436 0.3490125363749844
2437 0.3491272650684387
2438 0.3492326827431219
2439 0.3493259495274957
2440 0.3494065204793653
2441 0.3494722002223715
2442 0.3495256823603733
2443 0.3495650453397444
2444 0.3495918631133198
2445 0.3496057694545543
2446 0.3496094906806922
2447 0.3496025312026487
2448 0.3495866281543539
2449 0.3495625684583767
2450 0.3495320069927632
2451 0.3494964444319217
2452 0.3494563551740567
2453 0.3494129327722628
2454 0.3493661081357356
2455 0.3493172165516673
2456 0.3492678510240647
2457 0.3492180498178662
2458 0.3491693593865665
2459 0.349123329182788
2460 0.3490777569415788
2461 0.3490311614252949
2462 0.3489878234072877
2463 0.3489453948760101
2464 0.348903493390004
2465 0.3488630771455376
2466 0.348829917224924
2467 0.3487983165676257
2468 0.348772807005508
2469 0.3487493976816881
2470 0.3487309868523266
2471 0.3487142675276887
2472 0.3487016062075103
2473 0.3486901554331385
2474 0.3486811879813503
2475 0.3486744893127763
2476 0.3486690642130156
2477 0.3486652108010135
2478 0.3486630464492961
2479 0.3486614222639209
2480 0.348660549124071
2481 0.3486600762551428
2482 0.3486600975145757
2483 0.3486601309067144
2484 0.3486600559471306
2485 0.3486591110601713
2486 0.3486593311330046
2487 0.3486582213351473
2488 0.3486587670162407
2489 0.3486569820060534
2490 0.3486574578499739
2491 0.3486557140373472
2492 0.3486553353305727
2493 0.3486529836714508
2494 0.3486523052921296
2495 0.3486495871768395
2496 0.3486484209136947
2497 0.3486459062829713
2498 0.3486450638284622
2499 0.3486436299495276
2500 0.348642268776864
2501 0.3486408784440059
2502 0.3486398570060433
2503 0.3486389764221505
2504 0.3486377176776619
2505 0.3489693633108175
2506 0.349446448943067
2507 0.3495940333901611
2508 0.3497331670912415
2509 0.3497439203086315
2510 0.3497386855800194
2511 0.3496938030868929
2512 0.3496513532730132
2513 0.3496098979426733
2514 0.3495862250239085
2515 0.3495805781551682
2516 0.3495963087608494
2517 0.3496356090422578
2518 0.3496963032300173
2519 0.3497732691252184
2520 0.3498649567169742
2521 0.3499680422181476
2522 0.3500804575248191
2523 0.3501975964055208
2524 0.3503156305047164
2525 0.3504325429605147
2526 0.3505441597263989
2527 0.3506480013732349
2528 0.350741902173643
2529 0.3508254663500734
2530 0.350897042569842
2531 0.3509580315699579
2532 0.3510050636709054
2533 0.3510403181266376
2534 0.3510669468211196
2535 0.3510801021515461
2536 0.3510847259635115
2537 0.3510761816851831
2538 0.3510619363564156
2539 0.3510388289085558
2540 0.3510105576834597
2541 0.3509739915734336
2542 0.3509361158791606
2543 0.3508929098601901
2544 0.3508499889259508
2545 0.3508011154375522
2546 0.3507541214808111
2547 0.3507054891436267
2548 0.3506602324166505
2549 0.3506130993068317
2550 0.3505697728858198
2551 0.3505277013487518
2552 0.3504882445894065
2553 0.3504498952523983
2554 0.3504181047403327
2555 0.3503875037457378
2556 0.3503582950763998
2557 0.3503317216980267
2558 0.3503073970711091
2559 0.3502851650590874
2560 0.3502638096590537
2561 0.3502451059784299
2562 0.3502285764533469
2563 0.350214301944124
2564 0.350201255686079
2565 0.3501905736400484
2566 0.3501833321439603
2567 0.3501751278426652
2568 0.3501713817634949
2569 0.3501669354108776
2570 0.3501657120500773
2571 0.3501636870702502
2572 0.3501648430608738
2573 0.3501639071453396
2574 0.3501655250888909
2575 0.3501656362540707
2576 0.3501702375211619
2577 0.3501736585852158
2578 0.3501801720228649
2579 0.3501869990052976
2580 0.3501941748809733
2581 0.350201521656597
2582 0.3502080782973906
2583 0.3502141449376389
2584 0.3502195021465648
2585 0.3502242990724168
2586 0.3502279266381255
2587 0.3502322367693115
2588 0.3502352826113029
2589 0.3502386008130412
2590 0.3502416138433404
2591 0.3502439504581517
2592 0.3502467332541546
2593 0.3502476359966882
2594 0.3502500661333925
2595 0.3502495024458015
2596 0.3502510254619164
2597 0.3502494387419346
2598 0.3502503520160104
2599 0.3513029478322545
2600 0.3518241976525208
2601 0.3521588936989662
2602 0.3523831671038775
2603 0.3524998137420107
2604 0.3525814575140961
2605 0.3526342383260713
2606 0.352674734320249
2607 0.3527179857024837
2608 0.3527722807351223
2609 0.3528211712187515
2610 0.3528873421871334
2611 0.3529586900488569
2612 0.3530382802213827
2613 0.3531276574206199
2614 0.3532215343692457
2615 0.3533224598220223
2616 0.353425641140996
2617 0.3535374331298263
2618 0.3536378115553499
2619 0.3537386592491409
2620 0.353829690699307
2621 0.3539145816474102
2622 0.3539906111366155
2623 0.3540601984070238
2624 0.3541191998245508
2625 0.3541663399450953
2626 0.3542087241794536
2627 0.354236673589412
2628 0.3542582348808397
2629 0.3542664255421676
2630 0.3542696483196124
2631 0.3542604965948763
2632 0.3542484680970902
2633 0.3542280755836669
2634 0.3542068033388299
2635 0.3541763814647282
2636 0.3541463831399598
2637 0.354111950266144
2638 0.3540779325822047
2639 0.3540407653492162
2640 0.3540053479566441
2641 0.3539711564128296
2642 0.3539371792405096
2643 0.3539061098690185
2644 0.3538742370748408
2645 0.353845723963287
2646 0.3538175338541237
2647 0.3537946948999183
2648 0.353767377104423
2649 0.3537437683314269
2650 0.3537189859525505
2651 0.3536967041852168
2652 0.3536740819990752
2653 0.3536503311695359
2654 0.3536278009229847
2655 0.353605521944512
2656 0.353585161783972
2657 0.3535642992668609
2658 0.35354793478022
2659 0.3535318176936764
2660 0.3535215892354536
2661 0.3535116725231073
2662 0.3535088538771259
2663 0.3535050908009829
2664 0.353506229259784
2665 0.353506794977564
2666 0.3535112432893994
2667 0.3535153419944589
2668 0.3535220952329909
2669 0.3535279771853226
2670 0.3535351980136355
2671 0.3535433404619809
2672 0.3535510373434506
2673 0.3535597234067019
2674 0.3535671668385117
2675 0.3535753728525999
2676 0.3535821225757076
2677 0.3535890600482643
2678 0.3535947704286429
2679 0.353600705363727
2680 0.3536059960508113
2681 0.3536111628427439
2682 0.3536166359228464
2683 0.3536210130249335
2684 0.3536261112152361
2685 0.3536300478067366
2686 0.353636489458091
2687 0.3536398720030151
2688 0.3536468878308917
2689 0.3536500914812457
2690 0.3536568126914538
2691 0.3536605909875125
2692 0.3536670544497855
2693 0.353669989436933
2694 0.3536763348562748
2695 0.3536799603752497
2696 0.3536853959295901
2697 0.3536893465818152
2698 0.353694873121676
2699 0.3536990280300706
2700 0.3537035022922598
2701 0.3537081242099627
2702 0.3537120068635399
2703 0.3537174384456846
2704 0.3537207762787108
2705 0.3537251981135217
2706 0.3537277835003071
2707 0.3537318493340296
2708 0.353733303758525
2709 0.3537358871429362
2710 0.3550287039634854
2711 0.3556283967985492
2712 0.3562509074937751
2713 0.3566251385346454
2714 0.3569768768999497
2715 0.3572458006382959
2716 0.3574691015981853
2717 0.3576422917682566
2718 0.3577865877859772
2719 0.3578963262014458
2720 0.3579776637532308
2721 0.3580305273672507
2722 0.3580661545013012
2723 0.3580683153406472
2724 0.3580611453847141
2725 0.358025443788274
2726 0.3579819930120348
2727 0.3579240686856122
2728 0.3578678999836615
2729 0.3577958738678046
2730 0.3577334010670499
2731 0.3576628406517028
2732 0.3576050659029349
2733 0.3575427713924808
2734 0.3574991221811811
2735 0.3574551689812094
2736 0.357424835932725
2737 0.3574098047924431
2738 0.3574030704103207
2739 0.3574050382043966
2740 0.3574128585299903
2741 0.3574304484818681
2742 0.357455733091732
2743 0.3574840288158337
2744 0.3575234633462048
2745 0.3575622264653183
2746 0.3576066289899969
2747 0.3576503490348578
2748 0.357697572834542
2749 0.3577400775136565
2750 0.3577843811106923
2751 0.3578266833106965
2752 0.3578711355035158
2753 0.3579103235822956
2754 0.3579486132943297
2755 0.357983069746898
2756 0.3580164211971103
2757 0.3580462896022868
2758 0.3580735458977696
2759 0.3580984688031766
2760 0.3581204467034216
2761 0.3581393730856691
2762 0.3581593686671556
2763 0.3581741590738157
2764 0.358189586481213
2765 0.3582009968280052
2766 0.3582117393215318
2767 0.3582200551797911
2768 0.3582277130195283
2769 0.3582322445328042
2770 0.358237808093141
2771 0.3582397451772098
2772 0.3582396741097636
2773 0.3582361467224021
2774 0.3582319337985455
2775 0.3582241100460025
2776 0.3582166934385486
2777 0.3582053899284888
2778 0.3581950190712018
2779 0.3581816085996697
2780 0.3581684406141288
2781 0.3581531656473209
2782 0.3581387891273624
2783 0.3581234833185931
2784 0.3581086009167633
2785 0.3580937832274657
2786 0.3580806538154009
2787 0.3580674248334961
2788 0.3580559609685397
2789 0.3580446860806777
2790 0.3580365314837812
2791 0.3580276863037768
2792 0.3580224040008952
2793 0.3580162268212066
2794 0.3580137682581856
2795 0.3580096344633996
2796 0.3580091711964162
2797 0.3580066018280227
2798 0.3580078056805226
2799 0.3580069148572532
2800 0.3580093116090945
2801 0.3580097679669215
2802 0.3580137009843729
2803 0.3580162697540816
2804 0.358021303425392
2805 0.3580250764733893
2806 0.3580308065124094
2807 0.3580358437665024
2808 0.3580414309548304
2809 0.3580470718385672
2810 0.3580529165074443
2811 0.3580590317961575
2812 0.3580653649555093
2813 0.3580710161551551
2814 0.3580774234198792
2815 0.3580827319809586
2816 0.3580897420540593
2817 0.3580943532503955
2818 0.3581014086828591
2819 0.3581055107663309
2820 0.358112115561417
2821 0.3581155614008389
2822 0.3581221043244994
2823 0.3581250561020904
2824 0.358130946659844
2825 0.35813385269169
2826 0.3596559903777189
2827 0.3604605664205931
2828 0.3612611466950574
2829 0.3617735052316272
2830 0.3622278518006554
2831 0.362549905930814
2832 0.3628144629032371
2833 0.3630019304803944
2834 0.3631427710108577
2835 0.3632362842129412
2836 0.3632919627216776
2837 0.3633159537655111
2838 0.3633045421762447
2839 0.3632716072993895
2840 0.3632183251739694
2841 0.3631496944084791
2842 0.3630685412530952
2843 0.3629754325719815
2844 0.3628767007139034
2845 0.3627725915370134
2846 0.3626677430223023
2847 0.3625618461887642
2848 0.3624551068697655
2849 0.3623574871066814
2850 0.3622637999652684
2851 0.3621838556986743
2852 0.3621080055057507
2853 0.3620507638130338
2854 0.3619971317511481
2855 0.3619600817578376
2856 0.3619342084926355
2857 0.3619238630988779
2858 0.3619197707215954
2859 0.361920699177462
2860 0.3619314860445024
2861 0.3619470132027943
2862 0.3619706911397708
2863 0.3619896347938003
2864 0.3620156000283196
2865 0.362044040311305
2866 0.3620684548555458
2867 0.3620924511287654
2868 0.3621186642115737
2869 0.3621463115362916
2870 0.3621739844323011
2871 0.362197983485447
2872 0.362221205991394
2873 0.3622392476687769
2874 0.362256148201794
2875 0.3622671343494789
2876 0.3622768084872285
2877 0.3622779236230992
2878 0.3622771451724173
2879 0.3622719998800305
2880 0.3622651578155039
2881 0.3622521591519925
2882 0.3622385945891721
2883 0.3622221231364873
2884 0.3622043630519101
2885 0.3621827269055257
2886 0.3621600693978309
2887 0.362133781454607
2888 0.3621085826019541
2889 0.3620782968010597
2890 0.3620498354800595
2891 0.3620167184220858
2892 0.3619849792362166
2893 0.3619508050724096
2894 0.3619189639907703
2895 0.3618848231924389
2896 0.3618532012342727
2897 0.3618201498074893
2898 0.3617907109471613
2899 0.3617601485960501
2900 0.361732159769037
2901 0.3617045930077017
2902 0.3616795806895654
2903 0.3616559689298942
2904 0.3616342123714428
2905 0.3616144297876812
2906 0.3615971833151099
2907 0.3615817831765369
2908 0.3615684682222406
2909 0.3615562004180738
2910 0.361546799432003
2911 0.3615382252675835
2912 0.3615329044767147
2913 0.361526824932141
2914 0.3615247841227353
2915 0.361522062657469
2916 0.3615230718240286
2917 0.3615230035942046
2918 0.3615266303200015
2919 0.3615287598733427
2920 0.3615338393426285
2921 0.3615374424033339
2922 0.3615429200681207
2923 0.3615475322317708
2924 0.3615537695050168
2925 0.3615591210544276
2926 0.3615654549567821
2927 0.361571864549565
2928 0.3615787186244225
2929 0.3615852588702411
2930 0.3615924060875887
2931 0.3615995908956577
2932 0.3616068904612192
2933 0.3616132940710893
2934 0.3616201199482922
2935 0.3616255559696178
2936 0.3616320872704509
2937 0.3616360191482831
2938 0.3616419200443066
2939 0.3616450550418369
2940 0.3627835963110096
2941 0.3637606964244772
2942 0.3644465806135672
2943 0.3649507144964235
2944 0.3653157751274879
2945 0.3655858423848617
2946 0.3657833007248286
2947 0.3659450952013484
2948 0.3660616572355178
2949 0.3661640417004027
2950 0.3662380776608533
2951 0.3663116812830927
2952 0.3663642809956763
2953 0.3664242802421291
2954 0.366471893308879
2955 0.3665295106714667
2956 0.3665820798623158
2957 0.3666301721063516
2958 0.3666850934698032
2959 0.3667342986733051
2960 0.3667801384646404
2961 0.3668296904562722
2962 0.3668765669143619
2963 0.3669216727119144
2964 0.3669610329113306
2965 0.3669990215356794
2966 0.3670310487633821
2967 0.3670588774948213
2968 0.3670830201218007
2969 0.3671007738377606
2970 0.3671150127950976
2971 0.3671220665439847
2972 0.3671250311378849
2973 0.3671201025792005
2974 0.3671109401412522
2975 0.367095797429765
2976 0.3670770958888251
2977 0.367054019643808
2978 0.3670301807489117
2979 0.3670036451685297
2980 0.3669754598923495
2981 0.366945876428186
2982 0.3669162983000492
2983 0.3668848573610529
2984 0.3668538356092685
2985 0.3668222482306723
2986 0.3667907228424962
2987 0.3667584455967345
2988 0.366731544795747
2989 0.3667059290954411
2990 0.3666822956858297
2991 0.3666577449600896
2992 0.3666361281372363
2993 0.366613105112324
2994 0.3665930788011529
2995 0.366571162294822
2996 0.3665511413329131
2997 0.3665288505916147
2998 0.3665081730053673
2999 0.366484768077132
3000 0.3664626160843436
3001 0.3664389764914668
3002 0.3664161825478016
3003 0.3663917428272754
3004 0.3663678058979035
3005 0.3663417908061052
3006 0.3663162867975977
3007 0.3662891614464917
3008 0.366263058313327
3009 0.3662356339430665
3010 0.3662088576364319
3011 0.3661821451973803
3012 0.3661566530276172
3013 0.3661310868871307
3014 0.3661092183406683
3015 0.3660870433007339
3016 0.3660660150990364
3017 0.3660452116825254
3018 0.3660282052922652
3019 0.3660111173647843
3020 0.3659971264611991
3021 0.3659818323570299
3022 0.3659697442420997
3023 0.3659560996628128
3024 0.3659453104484
3025 0.3659329454780792
3026 0.3659232012841228
3027 0.3659124520738159
3028 0.3659037271930846
3029 0.3658942046268793
3030 0.3658868482327036
3031 0.3658789907651308
3032 0.3658732808335204
3033 0.3658670069501521
3034 0.3658629910801013
3035 0.365859183709733
3036 0.365857378352059
3037 0.3658547032171767
3038 0.3658548132281251
3039 0.3658547987525454
3040 0.3658572347105736
3041 0.3660400893505555
3042 0.3666345148035444
3043 0.3668450036110277
3044 0.3670502673593073
3045 0.3671110483000564
3046 0.3671540883523942
3047 0.3671477389983027
3048 0.3671357931132941
3049 0.3671190011268795
3050 0.3671149601152284
3051 0.3671246998269065
3052 0.3671527492110858
3053 0.3671995418604629
3054 0.3672671486010942
3055 0.3673543262963361
3056 0.3674630115490992
3057 0.3675855278524086
3058 0.3677187791008199
3059 0.3678569344220466
3060 0.3679984413029084
3061 0.3681379816552682
3062 0.3682758219746443
3063 0.3684063313618161
3064 0.3685297476914076
3065 0.3686409320965544
3066 0.3687420958849145
3067 0.3688288432921944
3068 0.3689037292354399
3069 0.3689626794768828
3070 0.3690098685540329
3071 0.36904191070335
3072 0.3690658561654364
3073 0.3690751690822791
3074 0.3690754664087441
3075 0.3690650375191735
3076 0.3690474653565395
3077 0.3690224227929806
3078 0.3689926392134036
3079 0.3689574918638758
3080 0.3689186465639792
3081 0.3688766664516919
3082 0.3688326422819289
3083 0.3687867734016394
3084 0.3687401348312638
3085 0.3686927323392064
3086 0.3686477249456983
3087 0.3686014408089961
3088 0.3685553226021924
3089 0.3685083476610329
3090 0.3684638627863983
3091 0.368420201994364
3092 0.368379585692452
3093 0.3683388055477613
3094 0.36830284310429
3095 0.36826795486022
3096 0.3682372234186268
3097 0.3682070413088
3098 0.3681821003623116
3099 0.3681584239173803
3100 0.3681394461385655
3101 0.3681222510829806
3102 0.368109177878324
3103 0.3680981529769182
3104 0.3680907476040376
3105 0.3680850278134435
3106 0.3680817302566354
3107 0.3680796146001011
3108 0.3680794578596582
3109 0.368079896540664
3110 0.3680848316587133
3111 0.3680900640606541
3112 0.3680967531432727
3113 0.3681023496766395
3114 0.3681104591690699
3115 0.3681168109342763
3116 0.3681257228092336
3117 0.3681318814165815
3118 0.3681404717577839
3119 0.3681464664386935
3120 0.3681537522313747
3121 0.368157970094582
3122 0.3681635397187574
3123 0.368165439992846
3124 0.3681682406087008
3125 0.3681691896758459
3126 0.3681704951077848
3127 0.3681704939264278
3128 0.3681699168966904
3129 0.3681682774875198
3130 0.3681665510647567
3131 0.3681643003434368
3132 0.3681617749621486
3133 0.3681586492897844
3134 0.3681557826562561
3135 0.3681527071439199
3136 0.3681502223376359
3137 0.3681465910701133
3138 0.3681444722470814
3139 0.3684013270495443
3140 0.3688153396521095
3141 0.3688819500441219
3142 0.3689397084965123
3143 0.3688976908939373
3144 0.3688338778507389
3145 0.368753501109238
3146 0.3686786350628006
3147 0.3686204376619739
3148 0.3685843826105532
3149 0.3685747062972464
3150 0.3685934848271942
3151 0.3686387410388281
3152 0.3687103094688117
3153 0.368804674351897
3154 0.3689163604641667
3155 0.3690414205157169
3156 0.3691742254928663
3157 0.3693114629393521
3158 0.3694474364250044
3159 0.369577625535883
3160 0.3696995783055882
3161 0.369807983630117
3162 0.3699055333249145
3163 0.3699891601382692
3164 0.3700627995687166
3165 0.3701190904994008
3166 0.3701631662423212
3167 0.3701910114999212
3168 0.3702071121600168
3169 0.3702064662788716
3170 0.370197273718422
3171 0.3701758517625827
3172 0.3701471033946492
3173 0.3701118769017335
3174 0.3700699338001371
3175 0.3700208048145009
3176 0.369967551477148
3177 0.369909977446963
3178 0.3698506176749157
3179 0.3697901254902838
3180 0.3697293995205842
3181 0.3696700692805057
3182 0.3696124162065438
3183 0.369557674555453
3184 0.3695048444815235
3185 0.3694555114445049
3186 0.3694094948446519
3187 0.3693708679803758
3188 0.3693332384188586
3189 0.3692929962685179
3190 0.3692607756172072
3191 0.3692303814701088
3192 0.3692027919294407
3193 0.3691746168801667
3194 0.3691521924730446
3195 0.3691299791508473
3196 0.3691129476461609
3197 0.3690952462177957
3198 0.3690823119364314
3199 0.3690695080049
3200 0.3690598258508099
3201 0.3690504979965173
3202 0.3690442118868729
3203 0.3690395556636035
3204 0.3690381288432447
3205 0.3690381844340287
3206 0.3690404142757354
3207 0.3690449998356069
3208 0.3690505632850414
3209 0.3690580254967371
3210 0.3690656671230657
3211 0.3690754339243602
3212 0.3690846318803314
3213 0.369094896224868
3214 0.3691063198512921
3215 0.3691165962935941
3216 0.3691279876813608
3217 0.3691388517069867
3218 0.3691538765213147
3219 0.369167411618521
3220 0.3691840968436984
3221 0.3691983901999544
3222 0.3692158202325452
3223 0.3692296811045052
3224 0.3692454580231319
3225 0.3692571945357502
3226 0.3692699979986786
3227 0.3692798587648393
3228 0.3692897657679222
3229 0.3692971787696759
3230 0.3693035995120802
3231 0.3693086205344806
3232 0.3693120614277723
3233 0.3693146337091388
3234 0.3693159431848517
3235 0.3693173453857101
3236 0.3693174133793603
3237 0.3693175648452539
3238 0.3693172001175782
3239 0.3693167923882228
3240 0.3693158322061182
3241 0.369314340918409
3242 0.3693133120636919
3243 0.3693106992263109
3244 0.3701176382517767
3245 0.3705256537486266
3246 0.3708519519161804
3247 0.3710423120198426
3248 0.3712008652546319
3249 0.3713148846007461
3250 0.3714065893906653
3251 0.3714789937690523
3252 0.3715483975745664
3253 0.3716042710576999
3254 0.3716658225407088
3255 0.3717177081410555
3256 0.3717683141777594
3257 0.3718179220436659
3258 0.3718637317720853
3259 0.3719077081698834
3260 0.3719468345371193
3261 0.3719811447348524
3262 0.3720156597024252
3263 0.3720473601063281
3264 0.3720756969352033
3265 0.3721064815315628
3266 0.3721365261543809
3267 0.3721668939232157
3268 0.3721916512741327
3269 0.3722173568369139
3270 0.3722413919380456
3271 0.3722686414954856
3272 0.3722909232634923
3273 0.3723143315219645
3274 0.3723325846608483
3275 0.3723508540716572
3276 0.3723678612384836
3277 0.3723804609182859
3278 0.3723920565406914
3279 0.3724010788700834
3280 0.3724092678831479
3281 0.3724141291036939
3282 0.372416353853515
3283 0.3724166047303492
3284 0.3724172899707864
3285 0.3724107939886108
3286 0.3724087020448831
3287 0.3724028134086634
3288 0.3723954924942608
3289 0.3723862018959706
3290 0.372372975681504
3291 0.3723611709065731
3292 0.3723499218898011
3293 0.3723389841754725
3294 0.3723254658179947
3295 0.37231487626302
3296 0.3723028039139086
3297 0.3722935477501069
3298 0.372281756359367
3299 0.372272237543758
3300 0.3722611309478837
3301 0.3722501484513696
3302 0.3722393764342787
3303 0.3722276118522735
3304 0.3722184034818317
3305 0.3722076765697274
3306 0.3722009020886309
3307 0.3721921934169011
3308 0.3721882291940777
3309 0.3721820615067998
3310 0.3721816956886619
3311 0.3721782144388031
3312 0.3721793064285466
3313 0.3721767114097061
3314 0.3721787892597367
3315 0.3721786391387916
3316 0.3721811803941061
3317 0.3721829382904869
3318 0.3721865573285079
3319 0.3721907112608365
3320 0.3721949245274436
3321 0.3722001114398707
3322 0.3722052174609332
3323 0.3722114910922753
3324 0.3722173229517837
3325 0.372224328518415
3326 0.3722308174764835
3327 0.3722389615241508
3328 0.3722461265050713
3329 0.3722531758140469
3330 0.3722614721032145
3331 0.3722680774655016
3332 0.3722773011843315
3333 0.3722834590894154
3334 0.3722917198617515
3335 0.3722971309639782
3336 0.3723054749105598
3337 0.3723089573065528
3338 0.3723166450131692
3339 0.3723198872196471
3340 0.3723257865924187
3341 0.372327445686256
3342 0.3723330565220428
3343 0.3723351394388847
3344 0.3723385628976597
3345 0.3723398548090374
3346 0.3723420089278333
3347 0.3723432901695654
3348 0.372344615480196
3349 0.3723452575061446
3350 0.3723458807065357
3351 0.3723463182335727
3352 0.3723463901392028
3353 0.3723464430538106
3354 0.3723459901192543
3355 0.3723461410653935
3356 0.3723450840570904
3357 0.3723434583067783
3358 0.3734087895193482
3359 0.3739454636589997
3360 0.3745385706073091
3361 0.3748882124931918
3362 0.3752219352309107
3363 0.3754676293394485
3364 0.3756794155255364
3365 0.3758404245636228
3366 0.3759710031720037
3367 0.3760596149796309
3368 0.3761208406467209
3369 0.3761528144080775
3370 0.3761609850420835
3371 0.3761386777122541
3372 0.3761010130937498
3373 0.3760425586034761
3374 0.3759800963840812
3375 0.3759051870504535
3376 0.3758304646340778
3377 0.3757488802695908
3378 0.3756688609903167
3379 0.3755984281205336
3380 0.3755315722905973
3381 0.3754675007641123
3382 0.3754139082024132
3383 0.375374661015996
3384 0.3753379876817662
3385 0.3753107701770573
3386 0.3752998791325418
3387 0.3752883403614387
3388 0.3752945428429899
3389 0.3752991501451272
3390 0.3753216437416639
3391 0.3753408224982419
3392 0.375370918462623
3393 0.3754004606213217
3394 0.3754408555271682
3395 0.3754790149202014
3396 0.3755172934488969
3397 0.3755599693547815
3398 0.3756006820347774
3399 0.3756419584850508
3400 0.3756851556156076
3401 0.3757244419488446
3402 0.3757595809971819
3403 0.3757935825539165
3404 0.3758266872176567
3405 0.3758539664115084
3406 0.3758811438733778
3407 0.375903386067331
3408 0.3759245794402727
3409 0.3759412567661253
3410 0.375959038851428
3411 0.3759732548004219
3412 0.375986878160808
3413 0.3759958832648143
3414 0.3760056895878157
3415 0.3760087353551787
3416 0.3760111040247901
3417 0.3760075306186057
3418 0.3760034270579467
3419 0.3759943230334645
3420 0.3759851421178022
3421 0.3759723136300605
3422 0.3759594295977732
3423 0.3759443987536543
3424 0.3759296272122502
3425 0.3759124128677013
3426 0.3758967858838877
3427 0.3758812533935477
3428 0.3758675634043623
3429 0.3758538678717355
3430 0.3758427491811893
3431 0.3758299037590016
3432 0.3758201971801521
3433 0.3758080009798146
3434 0.3757992514920442
3435 0.3757889930127145
3436 0.3757823627468645
3437 0.3757735741553224
3438 0.3757693882257825
3439 0.3757636843356702
3440 0.3757622305876042
3441 0.3757591586123223
3442 0.3757598226032891
3443 0.3757595427377885
3444 0.3757620374285844
3445 0.375763252180628
3446 0.3757673253520635
3447 0.3757705032277396
3448 0.3757752270364998
3449 0.3757791247663147
3450 0.3757844236706061
3451 0.3757895308802799
3452 0.3757953385268208
3453 0.3758006527966809
3454 0.3758069386187026
3455 0.3758123296885599
3456 0.3758191062015549
3457 0.3758235996950033
3458 0.3758305185735714
3459 0.3758350210410119
3460 0.3758417493942821
3461 0.3758453995193201
3462 0.3772392270518907
3463 0.3780538303145761
3464 0.3788508660081516
3465 0.3793570441902976
3466 0.3798066127076156
3467 0.3801296929528226
3468 0.3803880500890581
3469 0.3805740836358011
3470 0.3807038668718351
3471 0.3807815240267584
3472 0.3808129117626375
3473 0.3808098209133798
3474 0.3807715000775024
3475 0.3807076138636009
3476 0.3806212016255629
3477 0.3805171538187764
3478 0.3804028567921696
3479 0.3802786719336992
3480 0.3801478618283449
3481 0.3800171974637874
3482 0.3798925335062095
3483 0.3797677803560963
3484 0.379658505766058
3485 0.3795523692046724
3486 0.3794680894869459
3487 0.3793928654706019
3488 0.3793386752549498
3489 0.3792888299572026
3490 0.3792556906608924
3491 0.3792349282719031
3492 0.3792229676444128
3493 0.3792176154569443
3494 0.3792205162995504
3495 0.3792285455745956
3496 0.3792448210369643
3497 0.3792631009088758
3498 0.3792813465589326
3499 0.3793029631747149
3500 0.3793250815837662
3501 0.379345927803831
3502 0.3793671330399865
3503 0.3793856644848505
3504 0.3794042406661802
3505 0.3794208459676694
3506 0.379433256887711
3507 0.3794401690645077
3508 0.3794475956302639
3509 0.3794451203820557
3510 0.379438940451566
3511 0.3794266208068788
3512 0.3794109080888679
3513 0.3793869575730727
3514 0.3793627026442988
3515 0.379332285954189
3516 0.3793019166278584
3517 0.3792646109420275
3518 0.3792268059672239
3519 0.3791840963624897
3520 0.3791414269569055
3521 0.3790958590734619
3522 0.3790507519006925
3523 0.3790047443410602
3524 0.3789605787028881
3525 0.3789158745941289
3526 0.3788745900604717
3527 0.3788337426948871
3528 0.3787967658010924
3529 0.3787611245625279
3530 0.3787297282755284
3531 0.3786975874144305
3532 0.3786699678907742
3533 0.3786419384672944
3534 0.3786189817023559
3535 0.3785955503940718
3536 0.3785771921758392
3537 0.3785581299331114
3538 0.3785448203358707
3539 0.3785310695347416
3540 0.3785218140505843
3541 0.3785117105807965
3542 0.3785060982899202
3543 0.3785009667683792
3544 0.3784985638897744
3545 0.3784968374772544
3546 0.378497353324669
3547 0.3784983910408095
3548 0.3785003762755166
3549 0.3785027409847613
3550 0.3785072214512896
3551 0.3785118453510917
3552 0.3785181984393479
3553 0.378523915234117
3554 0.3785319917054873
3555 0.378538606938448
3556 0.3785472438730965
3557 0.3785537296440389
3558 0.3785631478263815
3559 0.3785698869612164
3560 0.3785795716937637
3561 0.3785861375163846
3562 0.3785958725341827
3563 0.3786028963018228
3564 0.3786124759118379
3565 0.3786192485309739
3566 0.3786284276848388
3567 0.3786356612951823
3568 0.3786439606470467
3569 0.3786506623043744
3570 0.378658428889382
3571 0.3786648315063867
3572 0.3786715601699525
3573 0.3786769285742514
3574 0.37868298861581
3575 0.378687754166563
3576 0.3786928063235825
3577 0.3786961010230174
3578 0.3787003963721357
3579 0.3787026821660957
3580 0.3792591103435981
3581 0.3800392381208949
3582 0.3805280958134974
3583 0.3809093209427907
3584 0.3811697057501132
3585 0.3813652977184581
3586 0.3815100725459596
3587 0.3816197271927412
3588 0.3817093755347007
3589 0.3817830547577557
3590 0.3818522550554274
3591 0.3819160489277746
3592 0.3819812995128294
3593 0.3820453503236926
3594 0.3821109314542867
3595 0.3821815734585746
3596 0.3822515724409182
3597 0.3823259835885436
3598 0.3823980911805493
3599 0.3824740353742471
3600 0.3825446958471657
3601 0.3826161439280431
3602 0.3826801736827339
3603 0.3827449169036108
3604 0.3828027166960055
3605 0.3828581613306791
3606 0.3829045062162401
3607 0.3829462490784859
3608 0.3829774026590753
3609 0.3830033532177702
3610 0.3830201518089748
3611 0.383032642594412
3612 0.3830394862123671
3613 0.3830363320798574
3614 0.3830322545837782
3615 0.3830199092704638
3616 0.3830071805000601
3617 0.382988604605887
3618 0.3829685730007961
3619 0.3829446165893505
3620 0.3829207351233437
3621 0.3828949782655701
3622 0.3828702398344739
3623 0.3828442230442936
3624 0.3828200761643381
3625 0.3827934697409598
3626 0.3827698031336852
3627 0.3827440333433396
3628 0.3827214916636053
3629 0.3826957073505035
3630 0.3826736332352337
3631 0.3826493758630659
3632 0.3826282573153337
3633 0.3826060716494609
3634 0.382587190603444
3635 0.3825674269693318
3636 0.3825506630954655
3637 0.3825332112636425
3638 0.3825185546901705
3639 0.3825032455289964
3640 0.3824902028054041
3641 0.3824762450106422
3642 0.3824644662001346
3643 0.3824517845779168
3644 0.3824400644373406
3645 0.3824261738457316
3646 0.3824138992551993
3647 0.3823996002426743
3648 0.3823870931754334
3649 0.3823718402554652
3650 0.3823591027072508
3651 0.3823438682242631
3652 0.3823298646355995
3653 0.3823131638463446
3654 0.3822988939611087
3655 0.3822819668367911
3656 0.3822670756044155
3657 0.3822498181552477
3658 0.3822347005310903
3659 0.3822177206151402
3660 0.3822028475049114
3661 0.3821865421260144
3662 0.3821729006234372
3663 0.3821583234708495
3664 0.3821460858399741
3665 0.3821327124557262
3666 0.3821220619630363
3667 0.382110523163495
3668 0.3821010707042681
3669 0.3820904739053916
3670 0.3820824279178553
3671 0.3820735315665139
3672 0.3820668592801133
3673 0.3820589543857229
3674 0.3820538597193867
3675 0.3820474587008895
3676 0.3820436997853029
3677 0.3820695856126324
3678 0.3825339011391083
3679 0.3826403056713635
3680 0.3827607009782657
3681 0.3827586303499998
3682 0.3827601935949296
3683 0.3827244972807282
3684 0.3826918702341786
3685 0.3826658116899363
3686 0.3826578152155309
3687 0.3826662441744452
3688 0.3826934860162872
3689 0.3827418536464108
3690 0.3828060685770142
3691 0.3828845235928815
3692 0.3829774129489278
3693 0.3830808929497107
3694 0.3831943755234954
3695 0.3833110096671646
3696 0.3834318981665987
3697 0.3835489455995749
3698 0.3836650899428317
3699 0.3837727248760184
3700 0.3838783304227376
3701 0.3839705365090125
3702 0.3840541866447889
3703 0.3841243240572539
3704 0.3841841401211639
3705 0.3842300782370946
3706 0.3842667630521817
3707 0.3842902803880374
3708 0.3843050384721654
3709 0.3843080539663953
3710 0.3843043652476758
3711 0.3842908274162188
3712 0.3842721794088297
3713 0.3842451516018208
3714 0.3842155619779393
3715 0.3841788558050317
3716 0.3841396471006443
3717 0.3840942900648932
3718 0.3840492070377411
3719 0.3840002606491222
3720 0.3839514083859714
3721 0.383899813445412
3722 0.3838518138084661
3723 0.3838026893975828
3724 0.3837569138823816
3725 0.38371247899219
3726 0.3836713860158792
3727 0.3836287444888051
3728 0.383590326213875
3729 0.3835511001680407
3730 0.3835181703221794
3731 0.3834852934880612
3732 0.3834566720731735
3733 0.3834289771967589
3734 0.3834049800810618
3735 0.383383189705945
3736 0.383365807234207
3737 0.3833507863562157
3738 0.3833412105335305
3739 0.3833334536243319
3740 0.3833304776044237
3741 0.3833283947712485
3742 0.3833311293687982
3743 0.3833337889086357
3744 0.383340845161712
3745 0.3833470625539204
3746 0.3833575167534396
3747 0.3833662687890079
3748 0.3833786518585421
3749 0.3833890346084842
3750 0.3834018066315378
3751 0.3834128245283908
3752 0.3834251244755517
3753 0.3834351825178203
3754 0.3834466387436051
3755 0.3834566141303005
3756 0.3834667020981584
3757 0.3834738852435708
3758 0.38348158052499
3759 0.3834866655334048
3760 0.3834920263136592
3761 0.3834945395467536
3762 0.3834986459017233
3763 0.3834998449993791
3764 0.3835023515093078
3765 0.3835014415200634
3766 0.3835030688247546
3767 0.3835011956538007
3768 0.383501463881657
3769 0.3834984170098003
3770 0.3834981866861029
3771 0.3834947953893541
3772 0.3834934723364189
3773 0.3834893072478711
3774 0.3834880923068337
3775 0.3834844207938052
3776 0.3834827641039893
3777 0.383478469316381
3778 0.3834767991952284
3779 0.3834729416567744
3780 0.3834711915748089
3781 0.3834669194670518
3782 0.3834656778807205
3783 0.3834622206693065
3784 0.3834613027840497
3785 0.3834576699663863
3786 0.3834572270461153
3787 0.3834542686009966
3788 0.3834540432200307
3789 0.3834511976509234
3790 0.3834517494332528
3791 0.3834498293718115
3792 0.383450509333091
3793 0.3834486790815881
3794 0.3834497430879982
3795 0.3834485475601521
3796 0.3834492426041848
3797 0.3834482706712805
3798 0.3834494132071937
3799 0.3834487911054935
3800 0.3834495447557142
3801 0.3834487759494146
3802 0.3834495052971829
3803 0.3834486954769386
3804 0.3834490389650023
3805 0.3834479939056525
3806 0.3834488885790034
3807 0.3834478800329887
3808 0.3834485871468258
3809 0.3834472031802275
3810 0.3834483067859377
3811 0.3834466795518935
3812 0.3834477864539465
3813 0.3834458497528943
3814 0.3834471002346947
3815 0.3834453945333646
3816 0.3834465212853084
3817 0.3834446226760724
3818 0.3834455022819876
3819 0.3834437194625756
3820 0.3834443836843932
3821 0.3834425625593803
3822 0.383442987047676
3823 0.3834414581462538
3824 0.383441960463369
3825 0.3834400888841598
3826 0.3834406351265612
3827 0.3834391396620527
3828 0.383439819981539
3829 0.3834378655610528
3830 0.3834386896548858
3831 0.3834370479781162
3832 0.3834378642591401
3833 0.3834356451346926
3834 0.3834366720553168
3835 0.3834347756223159
3836 0.3834354872000231
3837 0.3834337488781204
3838 0.3834346188648211
3839 0.383433141050923
3840 0.3834337940082203
3841 0.3834323386396324
3842 0.3834330319535165
3843 0.383431791411571
3844 0.3834321115910726
3845 0.3834307448269774
3846 0.3834309012882436
3847 0.383429589480316
3848 0.3834296345833777
3849 0.3834279154340256
3850 0.3834278144237039
3851 0.383425766585242
3852 0.3834254038156658
3853 0.3834232624220054
3854 0.3834229165805437
3855 0.3834205571529184
3856 0.3834206893887702
3857 0.3834180324357693
3858 0.3834189022498765
3859 0.3834171192921118
3860 0.3834183487548561
3861 0.3834168676795705
3862 0.3834187868140111
3863 0.3834181382858688
3864 0.3834201776190957
3865 0.3834194845296922
3866 0.3834218104047458
3867 0.3834217392876982
3868 0.3834235223903423
3869 0.3834233689909324
3870 0.383425243641007
3871 0.3834251322185528
3872 0.3834268079309966
3873 0.3834263199664902
3874 0.3834280731659799
3875 0.3834275180761895
3876 0.383429154220434
3877 0.383428096701391
3878 0.3834299318175864
3879 0.3834290124023921
3880 0.3834306202204951
3881 0.3834291558401986
3882 0.3834309710400825
3883 0.3834298264859349
3884 0.3834311400617255
3885 0.3834295007690169
3886 0.3834310075259336
3887 0.3834299139637467
3888 0.3834309571083581
3889 0.3834296258069504
3890 0.3834306831225532
3891 0.3834299450971594
3892 0.3834304613383908
3893 0.3834296287582691
3894 0.3834302788254095
3895 0.3834298105700759
3896 0.383430428589531
3897 0.3834297420098454
3898 0.3834305347996249
3899 0.3834299161523984
3900 0.3834307257445287
3901 0.3834296023121418
3902 0.3834306122629624
3903 0.3834297778624698
3904 0.3834306768624275
3905 0.3834294234942108
3906 0.3834306188814144
3907 0.3834298200855866
3908 0.3834306323772264
3909 0.3834294789334107
3910 0.3834304557136828
3911 0.3834297564643434
3912 0.3834304779693885
3913 0.3834294989398019
3914 0.3834303873977871
3915 0.3834296927346734
3916 0.383430184797645
3917 0.3834292984348164
3918 0.3834300109463384
3919 0.3834292519283539
3920 0.3834298754002481
3921 0.3834290056268886
3922 0.3834298891158842
3923 0.3834288751398051
3924 0.3834296030884823
3925 0.38342817343531
3926 0.3834294660266256
3927 0.3834280296185935
3928 0.3834292665904341
3929 0.3834276206809719
3930 0.3834290235332192
3931 0.383427735612807
3932 0.3834289251348371
3933 0.383427507147015
3934 0.383428673613962
3935 0.3834276325290652
3936 0.3834287582170814
3937 0.3834275688537303
3938 0.3834286352925367
3939 0.3834278814030069
3940 0.3834286857227119
3941 0.3834275739552966
3942 0.3834286761086554
3943 0.3834277881974693
3944 0.3834288884331959
3945 0.3834277901653881
3946 0.3834291583462392
3947 0.3834280570339008
3948 0.3834292358834437
3949 0.3834278781466733
3950 0.3834292689416401
3951 0.3834281038095917
3952 0.383429494935169
3953 0.3834280576138975
3954 0.3834293417170405
3955 0.3834281971098706
3956 0.3834292252979878
3957 0.3834281230960203
3958 0.3834288648521787
3959 0.3834282465507259
3960 0.3834288287997796
3961 0.3834282304270631
3962 0.38342873738372
3963 0.3834284219072496
3964 0.3834288293700298
3965 0.3834281246171947
3966 0.3834287206303008
3967 0.3834282682673809
3968 0.3834289157480552
3969 0.3834279392797192
3970 0.3834287404742031
3971 0.3834280581271257
3972 0.3834289853678425
3973 0.38342767615857
3974 0.3834288915454784
3975 0.3834279050130411
3976 0.3834288355565703
3977 0.3834277450760051
3978 0.3834286609399822
3979 0.3834280460701378
3980 0.3834287629284729
3981 0.3834280706116801
3982 0.3834288031628558
3983 0.3834284777274327
3984 0.3834291376836062
3985 0.3834284613469158
3986 0.3834291523516002
3987 0.383428827636963
3988 0.3834293960842449
3989 0.3834285638777847
3990 0.3834291783337317
3991 0.3834286191064789
3992 0.3834294760208616
3993 0.3834282801221102
3994 0.3834293680804681
3995 0.3834283289063206
3996 0.3834294992395031
3997 0.3834279214127009
3998 0.3834293966882047
3999 0.3834282257537618
4000 0.3834294189894074
4001 0.3834278348027969
4002 0.3834292599196665
4003 0.3834283172447845
4004 0.3834291444894306
4005 0.3834279355329167
4006 0.3834287768589021
4007 0.3834282443261136
4008 0.3834286630686939
4009 0.3834280064466546
4010 0.3834285942567826
4011 0.3834282746673051
4012 0.3834286752958734
4013 0.3834279933555113
4014 0.3834286070964768
4015 0.3834281168071704
4016 0.3834289258627804
4017 0.3834279504030503
4018 0.3834289411050628
4019 0.3834281690186127
4020 0.3834290139198107
4021 0.3834280354465454
4022 0.3834289622691782
4023 0.3834282863801988
4024 0.3834291489534395
4025 0.3834283450548137
4026 0.3834290904514845
4027 0.3834285370505069
4028 0.3834291473360673
4029 0.3834283952258081
4030 0.3834289819528918
4031 0.3834286504852271
4032 0.3834290509038272
4033 0.3834284357440197
4034 0.3834291250154477
4035 0.3834285665783198
4036 0.383428937976298
4037 0.3834280721121534
4038 0.3834288419054522
4039 0.3834280203299358
4040 0.3834288996545272
4041 0.3834277077603876
4042 0.3834290162000495
4043 0.3834277423768643
4044 0.3834290392316368
4045 0.3834275307531966
4046 0.3834289667827763
4047 0.3834278062214774
4048 0.383429109959002
4049 0.3834277228352949
4050 0.3834290261001341
4051 0.3834280323314961
4052 0.3834290383940052
4053 0.3834278677730678
4054 0.3834288654349387
4055 0.3834281763642859
4056 0.3834291599929275
4057 0.3834280408840914
4058 0.3834291412815681
4059 0.3834283295868254
4060 0.3834293976091173
4061 0.3834280520720859
4062 0.3834292754530198
4063 0.3834282746032149
4064 0.3834296026649295
4065 0.3834280139085794
4066 0.3834295116418513
4067 0.3834282486191323
4068 0.3834294754619838
4069 0.38342792971315
4070 0.3834291981690935
4071 0.3834280917383628
4072 0.3834291518733506
4073 0.383427832155927
4074 0.3834290001545917
4075 0.3834281363446879
4076 0.3834288261045311
4077 0.3834277120046558
4078 0.3834285349964355
4079 0.3834278603832473
4080 0.3834288183135115
4081 0.3834275661101439
4082 0.3834287840102582
4083 0.3834279486774419
4084 0.3834291118203607
4085 0.3834278059079481
4086 0.3834290552053709
4087 0.3834281412616238
4088 0.3834294466032495
4089 0.3834280504248645
4090 0.3834295494117366
4091 0.3834284102098133
4092 0.3834296069664408
4093 0.3834280662467957
4094 0.3834294887159884
4095 0.3834284637410197
4096 0.3834293730419602
4097 0.3834280574934867
4098 0.3834290266842336
4099 0.3834284463590509
4100 0.3834287872841352
4101 0.3834281162027697
4102 0.3834285669633762
4103 0.3834282033871284
4104 0.3834286599757496
4105 0.3834280292721016
4106 0.3834287131592333
4107 0.3834281806043245
4108 0.3834287051345549
4109 0.3834278791442162
4110 0.3834288190826136
4111 0.3834279636274087
4112 0.3834289983967163
4113 0.3834278304850582
4114 0.3834288942635165
4115 0.3834281815898041
4116 0.3834288741922358
4117 0.3834279099212338
4118 0.3834287635204791
4119 0.3834283466134635
4120 0.3834289761503872
4121 0.3834282262627139
4122 0.3834290497122286
4123 0.3834286750796553
4124 0.3834290428773681
4125 0.3834284476428952
4126 0.38342908399074
4127 0.3834286607283014
4128 0.3834291204583368
4129 0.3834283889786398
4130 0.3834291968963862
4131 0.3834284125563575
4132 0.3834290508846831
4133 0.3834278752775967
4134 0.3834290327348615
4135 0.383427790076648
4136 0.383429116095074
4137 0.3834275972589696
4138 0.3834290735288637
4139 0.3834278019562349
4140 0.3834290599312382
4141 0.3834277012916882
4142 0.3834288862064547
4143 0.3834278494245227
4144 0.3834289626427325
4145 0.3834278842746467
4146 0.3834287713432208
4147 0.3834281226094426
4148 0.3834289009420517
4149 0.3834277621586858
4150 0.383428751639971
4151 0.3834279888158746
4152 0.383429134819379
4153 0.3834278437679924
4154 0.3834291455070054
4155 0.3834281316456721
4156 0.3834293236234279
4157 0.3834277609866858
4158 0.3834292556749885
4159 0.3834280802536958
4160 0.3834294158874501
4161 0.3834279204363953
4162 0.383429360914935
4163 0.383428339496888
4164 0.383429282648085
4165 0.3834279825695639
4166 0.3834289127138593
4167 0.3834282901884046
4168 0.3834288641166991
4169 0.3834280805658561
4170 0.3834286537908511
4171 0.383428327501066
4172 0.3834287745104738
4173 0.3834280528849057
4174 0.383428562733219
4175 0.3834282154390162
4176 0.3834289484839676
4177 0.3834279621574927
4178 0.3834288858535924
4179 0.3834280436403354
4180 0.3834290975021037
4181 0.3834275688431925
4182 0.3834289724892344
4183 0.3834277872284368
4184 0.3834291335384282
4185 0.3834276203654318
4186 0.3834290940218936
4187 0.3834280136597646
4188 0.3834290419814863
4189 0.3834276820014783
4190 0.3834288741754011
4191 0.3834280991987705
4192 0.3834289266945328
4193 0.3834279662475858
4194 0.3834288632066374
4195 0.3834281606683752
4196 0.3834290349483921
4197 0.3834278333024322
4198 0.3834288667141576
4199 0.3834280003173319
4200 0.3834292380133575
4201 0.3834278990565597
4202 0.3834292815316678
4203 0.383428283301544
4204 0.3834294843991995
4205 0.3834279708420187
4206 0.3834294232448364
4207 0.3834283216076735
4208 0.3834295321078462
4209 0.3834280040327808
4210 0.3834293623328464
4211 0.3834283666205708
4212 0.3834291779364065
4213 0.3834279793276524
4214 0.3834287785527104
4215 0.3834282743122827
4216 0.3834286677760567
4217 0.3834280140739513
4218 0.3834285609189181
4219 0.3834282331163446
4220 0.3834286458528053
4221 0.3834279467800298
4222 0.3834285974099123
4223 0.3834280838771035
4224 0.3834287809697457
4225 0.3834278791382004
4226 0.3834287603625197
4227 0.3834281122754206
4228 0.3834289189666533
4229 0.3834277653872676
4230 0.3834287458023647
4231 0.3834281109247294
4232 0.3834288191624287
4233 0.3834279043802373
4234 0.3834288199044804
4235 0.3834283939143035
4236 0.3834288883099286
4237 0.3834281307010037
4238 0.3834288923943028
4239 0.3834285189593261
4240 0.3834290050164089
4241 0.3834284190197837
4242 0.3834291404317992
4243 0.3834286281464998
4244 0.3834289826864943
4245 0.3834282150715252
4246 0.3834289703858459
4247 0.3834281960625444
4248 0.3834290213821929
4249 0.3834278439190631
4250 0.3834290904453765
4251 0.3834278189698468
4252 0.3834290405988242
4253 0.3834274775711804
4254 0.38342892879566
4255 0.3834277562176965
4256 0.3834290486740494
4257 0.3834276543742002
4258 0.3834289727729496
4259 0.3834279435124274
4260 0.3834289402785907
4261 0.3834277841187844
4262 0.3834287840522155
4263 0.3834280811955187
4264 0.3834289621343476
4265 0.3834280017733874
4266 0.3834291737210747
4267 0.3834282129876506
4268 0.3834292165786019
4269 0.3834279538907097
4270 0.3834293088023547
4271 0.3834281987427508
4272 0.3834294339598925
4273 0.3834280371741017
4274 0.3834294858466872
4275 0.3834282362890152
4276 0.3834295376611522
4277 0.3834281174058338
4278 0.3834292217011277
4279 0.3834281382106299
4280 0.3834292104347227
4281 0.3834281267580592
4282 0.3834289814220329
4283 0.3834282470564402
4284 0.3834288420887694
4285 0.3834280697960769
4286 0.3834286317249938
4287 0.383428289054658
4288 0.3834286815873338
4289 0.3834279462673451
4290 0.3834285399750542
4291 0.3834281513290015
4292 0.3834287277008663
4293 0.383427820474232
4294 0.3834286624976705
4295 0.3834280677958388
4296 0.3834288860816557
4297 0.3834277250174616
4298 0.3834288518741897
4299 0.3834282208342383
4300 0.3834289247832777
4301 0.3834279525407112
4302 0.3834288695038673
4303 0.3834283652527115
4304 0.3834290282189797
4305 0.3834281904607011
4306 0.3834290514157242
4307 0.383428691919939
4308 0.3834290718771415
4309 0.3834284510453216
4310 0.3834288957670499
4311 0.3834285733310735
4312 0.383429063179529
4313 0.3834283513959786
4314 0.3834289442408882
4315 0.3834284392598125
4316 0.3834291344076726
4317 0.3834280579455039
4318 0.3834289513910249
4319 0.3834280444840715
4320 0.3834291827141809
4321 0.3834275939541625
4322 0.3834290529033291
4323 0.3834277966847932
4324 0.3834290255003786
4325 0.3834275534672698
4326 0.3834288412037807
4327 0.3834278304592293
4328 0.383428982253076
4329 0.3834278375501697
4330 0.3834290090878738
4331 0.3834281653486404
4332 0.3834290486598178
4333 0.3834279683102007
4334 0.3834290340750117
4335 0.3834282379753058
4336 0.3834292909564106
4337 0.383427983919184
4338 0.3834292607713115
4339 0.3834283236279176
4340 0.3834294671260214
4341 0.3834280226688545
4342 0.3834292512716403
4343 0.3834282292223342
4344 0.3834294479091983
4345 0.3834280965298563
4346 0.3834295070121275
4347 0.3834284262391632
4348 0.3834294195869462
4349 0.3834279913295813
4350 0.3834291192103392
4351 0.3834283411981105
4352 0.3834289859677531
4353 0.3834279706744952
4354 0.3834287256436678
4355 0.3834282604185841
4356 0.3834285928081307
4357 0.3834279632313342
4358 0.3834285722868821
4359 0.3834281621687393
4360 0.3834286738470411
4361 0.383427924453029
4362 0.3834288000849013
4363 0.383428052427622
4364 0.3834288243404183
4365 0.3834276658651142
4366 0.3834289006418477
4367 0.3834276959700205
4368 0.3834290676451982
4369 0.3834275725893477
4370 0.3834291003452229
4371 0.3834279010676102
4372 0.3834291344675294
4373 0.383427785665996
4374 0.3834289942778962
4375 0.3834280376945398
4376 0.3834292047970883
4377 0.3834280759251468
4378 0.383429045386099
4379 0.3834283174369014
4380 0.3834292402768139
4381 0.383428014643187
4382 0.3834290687495004
4383 0.3834282699736952
4384 0.3834294433642532
4385 0.3834281504214807
4386 0.3834294118702699
4387 0.3834284280811121
4388 0.383429639012294
4389 0.3834281003652141
4390 0.3834294833455968
4391 0.3834282526693322
4392 0.3834295827684365
4393 0.3834279826650975
4394 0.3834293622011544
4395 0.383428174416899
4396 0.3834292558332401
4397 0.3834278225289597
4398 0.3834289949608026
4399 0.3834281117751473
4400 0.3834289625250788
4401 0.3834279259166204
4402 0.3834288962435457
4403 0.3834280820700654
4404 0.3834289774804677
4405 0.3834277729070447
4406 0.3834288245264607
4407 0.3834279516967937
4408 0.3834291667489771
4409 0.383427833041631
4410 0.3834291162374465
4411 0.3834281258395886
4412 0.3834293811744325
4413 0.3834278390775719
4414 0.3834293098203521
4415 0.3834281108165436
4416 0.3834294226622824
4417 0.3834278911653611
4418 0.3834293128854372
4419 0.3834282738513688
4420 0.3834291859814017
4421 0.3834278353042142
4422 0.3834287224100662
4423 0.3834281204871046
4424 0.3834286412088559
4425 0.3834279450795039
4426 0.3834285490633665
4427 0.3837180849414453
4428 0.3840862392092431
4429 0.3840991791095505
4430 0.3840939226389829
4431 0.3839982618239102
4432 0.3839003188984641
4433 0.3837876711886929
4434 0.3837006240749574
4435 0.3836349735960383
4436 0.3836039459546715
4437 0.3836032390735221
4438 0.3836368148378443
4439 0.3836985484928628
4440 0.383781474522335
4441 0.3838793639356369
4442 0.3839900833567906
4443 0.3841059634337177
4444 0.384221899427875
4445 0.3843401366390845
4446 0.3844577949177583
4447 0.3845731305997741
4448 0.3846816543224474
4449 0.3847815491065494
4450 0.3848752679795111
4451 0.3849559464085411
4452 0.385025477535818
4453 0.3850805580590558
4454 0.3851227618586898
4455 0.3851511001719732
4456 0.3851683548219421
4457 0.3851731662160215
4458 0.3851742169180912
4459 0.3851607273229
4460 0.3851402085354199
4461 0.3851088697192556
4462 0.3850735768830836
4463 0.385030276855328
4464 0.3849842766549755
4465 0.3849324032466941
4466 0.3848800506858011
4467 0.3848236263261541
4468 0.3847667129472937
4469 0.3847076962214505
4470 0.3846491884989511
4471 0.3845904017847934
4472 0.3845322536659653
4473 0.3844753666161265
4474 0.3844200208961374
4475 0.3843679167051549
4476 0.3843176676772966
4477 0.3842734016453306
4478 0.3842299422104436
4479 0.3841928942019043
4480 0.3841560288034708
4481 0.3841207476803355
4482 0.3840872314864928
4483 0.3840573259708727
4484 0.3840323917489762
4485 0.3840101885388653
4486 0.3839938527999792
4487 0.3839792472917899
4488 0.3839705094476336
4489 0.3839622880831324
4490 0.3839583453996161
4491 0.3839562616096756
4492 0.3839595936100824
4493 0.3839635857382413
4494 0.3839718428277706
4495 0.3839807862628227
4496 0.3839926114141578
4497 0.3840040451359533
4498 0.3840184482954027
4499 0.3840337955433697
4500 0.3840499421903874
4501 0.3840672542063335
4502 0.3840839361387585
4503 0.3841016284271164
4504 0.3841184796761028
4505 0.3841356886514482
4506 0.3841524261932086
4507 0.3841689176272394
4508 0.3841847141352577
4509 0.3841993243213727
4510 0.3842146747507398
4511 0.3842279151723033
4512 0.3842417627194241
4513 0.3842524251233685
4514 0.3842650488857282
4515 0.3842740677171558
4516 0.3842844326633387
4517 0.3842911506608138
4518 0.3843001403412102
4519 0.384306623478728
4520 0.3843131006366383
4521 0.3843161635454434
4522 0.3843204077963744
4523 0.3843222398967279
4524 0.3843235112139716
4525 0.3843236739143402
4526 0.3843235122351903
4527 0.3843228553448642
4528 0.3843216474249535
4529 0.3843203150102187
4530 0.3843188166379993
4531 0.3843169379713435
4532 0.3843149721397588
4533 0.3843125280262661
4534 0.3843108398060342
4535 0.3843076016154169
4536 0.3850111377108978
4537 0.3854062853784935
4538 0.3857523508672371
4539 0.3859456858372765
4540 0.3861172472694448
4541 0.386258663852338
4542 0.386374209967364
4543 0.3864674043435656
4544 0.3865490179298964
4545 0.3866226194056052
4546 0.3866887531063692
4547 0.386754187251559
4548 0.3868101565464266
4549 0.3868593351727437
4550 0.3869056405567623
4551 0.3869492481566419
4552 0.3869857633444134
4553 0.3870154112656946
4554 0.3870419487138609
4555 0.3870597201505243
4556 0.3870748406315216
4557 0.3870846767407229
4558 0.3870904951495581
4559 0.3870900423027698
4560 0.3870838148577114
4561 0.3870741003068576
4562 0.3870699864358215
4563 0.3870588779120973
4564 0.3870575666251783
4565 0.3870512669374042
4566 0.3870532300046253
4567 0.3870523185551358
4568 0.3870615981671218
4569 0.3870661885255816
4570 0.3870750229130314
4571 0.3870876819295758
4572 0.3870968886382432
4573 0.3871122806036452
4574 0.3871282211956527
4575 0.3871465176117871
4576 0.3871654848739985
4577 0.3871853288925672
4578 0.3872032280843666
4579 0.3872181485576612
4580 0.3872302347828068
4581 0.3872380994643367
4582 0.3872476794720318
4583 0.3872488299055175
4584 0.3872526889302896
4585 0.3872520438606122
4586 0.3872511032176353
4587 0.3872448695756692
4588 0.3872430089519767
4589 0.3872334443273466
4590 0.3872235001353948
4591 0.3872115103216462
4592 0.3872008882401913
4593 0.3871832006984225
4594 0.3871712196120073
4595 0.3871580254342934
4596 0.3871465794766814
4597 0.3871356109986336
4598 0.3871292456445669
4599 0.3871196389860521
4600 0.3871173745240462
4601 0.3871130522662531
4602 0.3871117882594953
4603 0.3871093395560832
4604 0.3871109096767664
4605 0.3871080698496828
4606 0.3871112388716852
4607 0.3871115108000009
4608 0.3871137646504846
4609 0.3871150582705724
4610 0.3871205287645645
4611 0.3871206549429158
4612 0.3871261314072992
4613 0.3871276051334653
4614 0.3871309383883928
4615 0.3871323229048813
4616 0.3871370858675431
4617 0.3871363595256574
4618 0.3871413622065827
4619 0.3871432516710304
4620 0.3871471191793015
4621 0.3871496618797121
4622 0.3871566392854062
4623 0.3871597140584891
4624 0.3871677159028798
4625 0.3871725458735799
4626 0.3871797783764411
4627 0.3871856148080657
4628 0.3871951567419873
4629 0.38720013654646
4630 0.3872104650813114
4631 0.3872167426743541
4632 0.3872250493653452
4633 0.387231126638812
4634 0.3872405574098351
4635 0.3872453620636752
4636 0.3872545255853505
4637 0.3872603788858546
4638 0.3872677551221617
4639 0.3872731564464729
4640 0.3872816765388961
4641 0.3872838787179484
4642 0.3872914616579939
4643 0.3872951131355499
4644 0.3881741089652394
4645 0.3886953374885354
4646 0.3892807242088056
4647 0.3896366710183402
4648 0.3899918007670342
4649 0.3902509692798968
4650 0.3904832509338204
4651 0.3906548070257099
4652 0.3907904895596346
4653 0.390879048585128
4654 0.390940923247522
4655 0.39096452743174
4656 0.3909579664797043
4657 0.3909221507791771
4658 0.3908668750543315
4659 0.3907898668898847
4660 0.3907004802637097
4661 0.3905948229066905
4662 0.3904809805242305
4663 0.3903592291679417
4664 0.3902436351213704
4665 0.3901297025246336
4666 0.3900259312042368
4667 0.3899319634921446
4668 0.3898467966105829
4669 0.3897705941897869
4670 0.3897065515372456
4671 0.3896514995591545
4672 0.3896069319146886
4673 0.3895669224270204
4674 0.3895454238468143
4675 0.3895286036886609
4676 0.3895249578590338
4677 0.3895255952564127
4678 0.3895396483189145
4679 0.3895540136858325
4680 0.389577649068921
4681 0.389602658309863
4682 0.3896361631880821
4683 0.3896691993409352
4684 0.3897087310728365
4685 0.3897454291353854
4686 0.3897880398736054
4687 0.3898282620578106
4688 0.3898734360728167
4689 0.389914833858155
4690 0.3899562360981525
4691 0.3899952876225691
4692 0.3900333758003238
4693 0.3900640302604527
4694 0.3900957214217772
4695 0.3901201220335838
4696 0.3901406415003226
4697 0.3901564609530028
4698 0.3901724612470654
4699 0.3901806489541899
4700 0.3901897671462164
4701 0.3901923949958262
4702 0.3901930780265369
4703 0.390188751938899
4704 0.3901829217884832
4705 0.3901685627199037
4706 0.3901555535059656
4707 0.3901361733950354
4708 0.3901146032834114
4709 0.3900907229334853
4710 0.3900673788485093
4711 0.3900381813444959
4712 0.3900118207933684
4713 0.38998100370334
4714 0.3899523461382471
4715 0.3899236546997535
4716 0.3898990632030648
4717 0.3898716307667134
4718 0.3898501931647742
4719 0.3898263269011732
4720 0.3898061450722817
4721 0.3897861804692132
4722 0.3897709940323044
4723 0.3897525480931613
4724 0.3897405553561232
4725 0.3897271875382052
4726 0.3897172212521661
4727 0.3897080958468095
4728 0.3897030437891147
4729 0.3896955702210149
4730 0.3896936718946394
4731 0.3896896965123684
4732 0.3896879898675263
4733 0.3896856749121199
4734 0.3896878626123592
4735 0.389686476874349
4736 0.3896907653375258
4737 0.3896921573215059
4738 0.3896970594510326
4739 0.3897014428934878
4740 0.3897090210275766
4741 0.3897120379988818
4742 0.389721272804976
4743 0.3897278642283626
4744 0.389737258304224
4745 0.389745568239976
4746 0.3897582617375356
4747 0.3897667699933152
4748 0.3897802957230655
4749 0.3897900360898067
4750 0.3898018015542669
4751 0.3898111897865521
4752 0.3898228575920882
4753 0.3898296024732992
4754 0.3898407339733928
4755 0.3898481230491285
4756 0.3898571992857842
4757 0.3898634323467307
4758 0.3898721164706512
4759 0.3898764027053843
4760 0.3898841652520641
4761 0.3898882653224402
4762 0.3898938549151241
4763 0.3898967325220765
4764 0.3899018020625134
4765 0.3899017210357468
4766 0.3899060382936896
4767 0.38990677882712
4768 0.3899088287453916
4769 0.3899082946942329
4770 0.3899107072972955
4771 0.389908756372881
4772 0.3899105295732031
4773 0.3910147492661967
4774 0.3917433542864233
4775 0.3924409435663083
4776 0.3929021483058781
4777 0.3933039390290601
4778 0.3935978871723299
4779 0.3938318746511391
4780 0.3940119111793268
4781 0.3941386370740887
4782 0.3942251820270905
4783 0.3942686889779584
4784 0.3942794327988472
4785 0.3942577178918268
4786 0.3942160569341391
4787 0.3941529954604094
4788 0.3940783611989474
4789 0.3939872562911768
4790 0.3938890168347657
4791 0.3937828215698144
4792 0.3936761540112456
4793 0.3935650766309227
4794 0.3934607912886385
4795 0.3933580430355634
4796 0.393268437287863
4797 0.3931794455106881
4798 0.393109352160619
4799 0.3930394114740408
4800 0.3929910647355463
4801 0.3929410308812751
4802 0.392911653394974
4803 0.3928826619482687
4804 0.3928725606651254
4805 0.3928578242253086
4806 0.3928570672534535
4807 0.3928630569788047
4808 0.392869700152167
4809 0.3928813637545627
4810 0.3928978251779507
4811 0.3929154320601491
4812 0.3929398029769949
4813 0.3929621748592734
4814 0.3929902039607896
4815 0.3930127440417882
4816 0.3930351161917708
4817 0.3930530254113539
4818 0.393069062588866
4819 0.3930801819317103
4820 0.3930898640056087
4821 0.3930883572702402
4822 0.3930848122217849
4823 0.3930748108923703
4824 0.3930602053493714
4825 0.3930372208865165
4826 0.3930127708063074
4827 0.3929812093750685
4828 0.3929509656274769
4829 0.3929129640207553
4830 0.3928763815557378
4831 0.3928346389967997
4832 0.3927934474493219
4833 0.3927482562381343
4834 0.392705429211871
4835 0.3926574730186805
4836 0.392615033972911
4837 0.3925698805895803
4838 0.3925287002516415
4839 0.3924858128954856
4840 0.3924469285727554
4841 0.3924072354946584
4842 0.3923717230513089
4843 0.3923340739960516
4844 0.3923025756619638
4845 0.3922700044401848
4846 0.3922415287416673
4847 0.3922124835240119
4848 0.3921875212319105
4849 0.3921618884500986
4850 0.3921400869175956
4851 0.3921188167460408
4852 0.3921017864672348
4853 0.3920834992424694
4854 0.3920712913774294
4855 0.3920580539087216
4856 0.3920507646814407
4857 0.3920414642324513
4858 0.3920389903447368
4859 0.3920351372729843
4860 0.392035009018027
4861 0.3920336391884976
4862 0.3920375014801952
4863 0.392039249782565
4864 0.3920464792575506
4865 0.3920511070987344
4866 0.3920592954102956
4867 0.3920664259319509
4868 0.3920767192745786
4869 0.3920842250969473
4870 0.3920968352115745
4871 0.3921062506722242
4872 0.3921186588696924
4873 0.3921287592158144
4874 0.3921417846196171
4875 0.3921519160210097
4876 0.3921646692470054
4877 0.3921732645293863
4878 0.3921856632603569
4879 0.392194294165993
4880 0.3922044050006094
4881 0.3922116913890621
4882 0.3922213184547228
4883 0.3922268238920869
4884 0.3922357345473237
4885 0.3922404164392398
4886 0.3922469107652608
4887 0.3922510114467226
4888 0.3922571342656906
4889 0.3922586787179334
4890 0.3922642683271892
4891 0.392265660692961
4892 0.3922690652613733
4893 0.3922690696554055
4894 0.3922711866021371
4895 0.3922709320913613
4896 0.3922720678866335
4897 0.3922709049616994
4898 0.3922714377625686
4899 0.3922700689412685
4900 0.3922706003031792
4901 0.3922686175460374
4902 0.392268431345879
4903 0.3922655296407244
4904 0.3922648355355046
4905 0.3922612720711636
4906 0.3922597369985951
4907 0.3925855797756765
4908 0.3932695576304222
4909 0.3936599567449377
4910 0.3939730696930272
4911 0.394172254819549
4912 0.394330586035615
4913 0.3944398460116387
4914 0.394525299749574
4915 0.3945908432191006
4916 0.3946477963431971
4917 0.3947036789212522
4918 0.3947645900583716
4919 0.3948282176242662
4920 0.3948978828143277
4921 0.3949713784579162
4922 0.3950513143738925
4923 0.3951339300943832
4924 0.3952206850800382
4925 0.3953083377737565
4926 0.3953968339937458
4927 0.395483191867947
4928 0.3955700916788274
4929 0.3956519036820394
4930 0.3957314539792109
4931 0.3958029238956073
4932 0.3958678682200498
4933 0.395926922927777
4934 0.3959812849367325
4935 0.3960248300686976
4936 0.3960645837371924
4937 0.3960932556032894
4938 0.3961153145429606
4939 0.3961275584006685
4940 0.3961339241664691
4941 0.3961329870281715
4942 0.3961280025794832
4943 0.3961158575340276
4944 0.3961000902625051
4945 0.3960796141167379
4946 0.3960585998364793
4947 0.3960336473929594
4948 0.3960081251095562
4949 0.3959808067917951
4950 0.3959532996188745
4951 0.3959252836344833
4952 0.395897877717149
4953 0.3958705054960522
4954 0.3958438968496171
4955 0.3958170765637871
4956 0.3957908854134742
4957 0.3957654279634809
4958 0.395741129290341
4959 0.3957169480373583
4960 0.3956944579656352
4961 0.3956716983479108
4962 0.3956525261472955
4963 0.395633428100775
4964 0.3956151078241432
4965 0.3955983372358275
4966 0.3955828316811079
4967 0.3955670571098867
4968 0.3955551305013166
4969 0.3955426621712039
4970 0.3955315195712427
4971 0.3955211094511829
4972 0.3955122531107618
4973 0.3955030783293728
4974 0.3954966217529888
4975 0.3954888402289443
4976 0.3954819968070572
4977 0.3954748076219726
4978 0.395469366703406
4979 0.3954610546913861
4980 0.395455331682845
4981 0.3954490093544147
4982 0.395441721610146
4983 0.3954339962369072
4984 0.3954267299596468
4985 0.3954184054537424
4986 0.3954101665826322
4987 0.3953996898061553
4988 0.3953894007105996
4989 0.3953794823769174
4990 0.3953687240779543
4991 0.3953573149516898
4992 0.3953471078624295
4993 0.3953357525359492
4994 0.3953261590216315
4995 0.3953170102835841
4996 0.3953078508248157
4997 0.3952989000792916
4998 0.3952910491277498
4999 0.3952832242368583
5000 0.3952755345778647
5001 0.3952674939016676
5002 0.3952612981398919
5003 0.3952533237334472
5004 0.3952474924358622
5005 0.395240203089998
5006 0.3952350502101127
5007 0.395228567923177
5008 0.3952239432756882
5009 0.3952189671714874
5010 0.3952154484931862
5011 0.3952118709358882
5012 0.3952094139534222
5013 0.3952067589953774
5014 0.395205093792663
5015 0.3952028954981021
5016 0.3952019709322281
5017 0.3952010998819788
5018 0.3952015649822327
5019 0.3952014428864308
5020 0.3952030992725495
5021 0.39520390913075
5022 0.3952063811126036
5023 0.3952080926239118
5024 0.3952110111099674
5025 0.3952127704219678
5026 0.395215692910266
5027 0.3952178931842607
5028 0.3952210526415684
5029 0.395223360724799
5030 0.3952264812424093
5031 0.3952288604647445
5032 0.395232583424606
5033 0.3952352088357508
5034 0.39523824753905
5035 0.3952416014979964
5036 0.3952456523851203
5037 0.3952491754346127
5038 0.3952525530680989
5039 0.3952565049887395
5040 0.3952601780489739
5041 0.3952648440663443
5042 0.3952688607800782
5043 0.3952731977773903
5044 0.3952773088181564
5045 0.3952813992424589
5046 0.3952856418343874
5047 0.3952892633882529
5048 0.3952922441673498
5049 0.3952958100495047
5050 0.395298471668396
5051 0.3953002548630862
5052 0.3953025364613636
5053 0.3953041874984719
5054 0.3953053137690761
5055 0.3953061610784088
5056 0.39530663355057
5057 0.3953073236594294
5058 0.3953069160362558
5059 0.3953068194478121
5060 0.3953062275772903
5061 0.3953059541451827
5062 0.3953053290462072
5063 0.3953041427244489
5064 0.3953036191001082
5065 0.3953029083255424
5066 0.3953014576697669
5067 0.3953005883367631
5068 0.3952994402274668
5069 0.3952979378883479
5070 0.3952971619928443
5071 0.3952953481768439
5072 0.395294125675088
5073 0.3952927813005737
5074 0.3952914411510379
5075 0.3952902283530194
5076 0.395288819473917
5077 0.3952881679080628
5078 0.3952869550328024
5079 0.3952862167293181
5080 0.3952850779670841
5081 0.3952848086759209
5082 0.3952837676310267
5083 0.3952834375494318
5084 0.3952825794162281
5085 0.3952826240138261
5086 0.3952819480975648
5087 0.3952818728222974
5088 0.3952814803584673
5089 0.3952818251957511
5090 0.3952813370598048
5091 0.3952816315698708
5092 0.3952814827131176
5093 0.3952819353995061
5094 0.3952821114963396
5095 0.3952819156403252
5096 0.3952825104400346
5097 0.3952830354306573
5098 0.3952829765774347
5099 0.3952835665463463
5100 0.39528378130313
5101 0.3952838617532765
5102 0.395284674726671
5103 0.3952847269771869
5104 0.3952850467205329
5105 0.3952854318150983
5106 0.3952859870525849
5107 0.3952859915798398
5108 0.3952867014092791
5109 0.3952873224866716
5110 0.3952873821416223
5111 0.3952881884320367
5112 0.3952889893362573
5113 0.3952887708614781
5114 0.395290445929623
5115 0.3952905742122
5116 0.3952907369727452
5117 0.3952914782606063
5118 0.3952922172891911
5119 0.3952918492509509
5120 0.3952929162169642
5121 0.3952922032391716
5122 0.3952923225205124
5123 0.3952925665605544
5124 0.3952933075653945
5125 0.3952921904710622
5126 0.3952937970312079
5127 0.3952932500704287
5128 0.3952933883418783
5129 0.3952932650195342
5130 0.3952939506893104
5131 0.3952924333494159
5132 0.3952936366128029
5133 0.3952927384640048
5134 0.395293189614849
5135 0.3952924398421449
5136 0.3952927638612102
5137 0.395292062519748
5138 0.3952923046360124
5139 0.395291520794294
5140 0.3952917495200791
5141 0.3952906873681805
5142 0.3952911939594612
5143 0.3952894450502362
5144 0.395290173158681
5145 0.3952890900352098
5146 0.3952888901360121
5147 0.3952881489317627
5148 0.3952883863826238
5149 0.3952864673476139
5150 0.395287682687404
5151 0.395286100589423
5152 0.3952864426579631
5153 0.3952851336412023
5154 0.3952857506383294
5155 0.3952847805612248
5156 0.3952850360797821
5157 0.3952843868526458
5158 0.3952849145645246
5159 0.3952843899731562
5160 0.3952849684925353
5161 0.3952844748802816
5162 0.3952853105479104
5163 0.3952842316833526
5164 0.3952855116483992
5165 0.3952850071532175
5166 0.3952852609815392
5167 0.3952851724731551
5168 0.3952859084333215
5169 0.3952845101769767
5170 0.3952861732815088
5171 0.3952849203273735
5172 0.3952857019103097
5173 0.3952846974197213
5174 0.3952856653821498
5175 0.3952849285569771
5176 0.395285751720648
5177 0.3952846604977611
5178 0.3952862013722427
5179 0.3952856132752625
5180 0.3952858147953194
5181 0.3952857859847521
5182 0.3952868786170015
5183 0.3952854741608527
5184 0.3952868239847591
5185 0.3952859713953944
5186 0.3952865213041057
5187 0.3952860473884166
5188 0.3952867496643101
5189 0.3952856546870608
5190 0.3952870856209431
5191 0.3952863501138466
5192 0.3952865997256564
5193 0.3952861822364397
5194 0.3952872874615353
5195 0.3952856928804578
5196 0.395287175508697
5197 0.3952862223217951
5198 0.3952867839828397
5199 0.3952861428309145
5200 0.3952868865023624
5201 0.3952858517440365
5202 0.3952872087966217
5203 0.3952855913443057
5204 0.3952867875203868
5205 0.3952857569564278
5206 0.3952857355473624
5207 0.3952853635618797
5208 0.3952859272826306
5209 0.395284322705565
5210 0.3952858008269706
5211 0.395284488481271
5212 0.3952851411555515
5213 0.3952842375054293
5214 0.3952852887523128
5215 0.3952842360032316
5216 0.3952854404953557
5217 0.3952846418192394
5218 0.3952860425000918
5219 0.3952851294717999
5220 0.3952867876922987
5221 0.3952854196700382
5222 0.3952870681356764
5223 0.3952863332384147
5224 0.3952865176045389
5225 0.395286347977984
5226 0.3952873196003135
5227 0.395285851274696
5228 0.3952871766254297
5229 0.3952863322777067
5230 0.395287038238589
5231 0.3952864399797244
5232 0.3952872052385476
5233 0.3952868191674535
5234 0.3952872822899113
5235 0.3952868719719499
5236 0.3952877082645213
5237 0.3952868297731781
5238 0.3952881203996682
5239 0.3952866161690672
5240 0.3952878016076518
5241 0.3952869245335434
5242 0.395287101034294
5243 0.3952866216060673
5244 0.3952874072888014
5245 0.3952856355603451
5246 0.3952870779368678
5247 0.3952856369696814
5248 0.3952864041648536
5249 0.3952851029338866
5250 0.395285955081061
5251 0.3952849089157602
5252 0.3952853080918914
5253 0.3952847194874396
5254 0.3952857048180267
5255 0.3952847908107455
5256 0.3952857360739605
5257 0.3952845756271899
5258 0.3952859751257127
5259 0.3952851454282104
5260 0.3952854698004327
5261 0.3952852964821693
5262 0.3952863048220381
5263 0.3952851705594247
5264 0.3952864436867301
5265 0.3952849277921159
5266 0.3952864191453607
5267 0.39528557191184
5268 0.3952857669734014
5269 0.3952855451391806
5270 0.3952865485525656
5271 0.3952850955280598
5272 0.3952866581157519
5273 0.3952857192329401
5274 0.3952864375384888
5275 0.3952857008332047
5276 0.3952863037649916
5277 0.3952859433921311
5278 0.3952865985299238
5279 0.3952862741599207
5280 0.3952870432960154
5281 0.395286706255586
5282 0.3952872738893755
5283 0.3952867911368761
5284 0.395287508875985
5285 0.3952866734101204
5286 0.3952877724562723
5287 0.395286252965883
5288 0.3952874843423334
5289 0.3952865044395385
5290 0.3952866579183013
5291 0.3952861584093383
5292 0.3952869335728141
5293 0.3952851653676948
5294 0.3952866447015866
5295 0.3952852043229386
5296 0.3952860443305074
5297 0.3952847453619655
5298 0.395285647746944
5299 0.3952845932950833
5300 0.395285034208175
5301 0.3952844261369911
5302 0.3952854423505634
5303 0.3952845593296619
5304 0.3952854764531396
5305 0.3952842944291929
5306 0.395285670795386
5307 0.3952848310189744
5308 0.3952850789323574
5309 0.3952849226959453
5310 0.3952860077026219
5311 0.3952847073716578
5312 0.3952860828375264
5313 0.3952847389946006
5314 0.3952851392682986
5315 0.3952847331217048
5316 0.3952856209323239
5317 0.3952844403669461
5318 0.3952857653626854
5319 0.3952850073031825
5320 0.3952851713231133
5321 0.3952850624311882
5322 0.3952861708887734
5323 0.3952847584597717
5324 0.3952863587020882
5325 0.3952854497112086
5326 0.3952860725751836
5327 0.3952853778228487
5328 0.3952861529106719
5329 0.3952853913499211
5330 0.3952862034109633
5331 0.3952855396918549
5332 0.395286400001155
5333 0.3952858869276646
5334 0.3952865410570024
5335 0.395285993316817
5336 0.3952865390555736
5337 0.395286061755946
5338 0.3952864782399246
5339 0.3952858485380681
5340 0.3952863599692552
5341 0.3952855221707705
5342 0.3952859542445853
5343 0.3952852115107499
5344 0.3952855930315455
5345 0.3952850531690026
5346 0.3952860216287397
5347 0.3952849015692843
5348 0.3952859097359907
5349 0.3952843979466877
5350 0.3952858179738347
5351 0.3952849596136631
5352 0.3952851151435768
5353 0.3952848659699709
5354 0.3952858095372334
5355 0.3952843312294146
5356 0.395285733374129
5357 0.3952849192731658
5358 0.3952856546601179
5359 0.3952850668742213
5360 0.3952859074551802
5361 0.3952855564794063
5362 0.3952861383716611
5363 0.3952858282787828
5364 0.3952867123322224
5365 0.3952859606255988
5366 0.3952873785697386
5367 0.3952858752979465
5368 0.395287175560545
5369 0.3952864083204413
5370 0.3952866627580273
5371 0.3952862681899708
5372 0.3952869450255933
5373 0.3952853832034258
5374 0.395286781627416
5375 0.3952854799433955
5376 0.3952857532383219
5377 0.3952848344944105
5378 0.3952858716278048
5379 0.3952840708979696
5380 0.3952855847297577
5381 0.3952845170596221
5382 0.3952850345476777
5383 0.3952842840407984
5384 0.3952850399131294
5385 0.3952845894120884
5386 0.3952850986403082
5387 0.3952847372918504
5388 0.3952856513002587
5389 0.3952848398543092
5390 0.3952862362309127
5391 0.395284827026141
5392 0.3952861286446216
5393 0.3952853992536451
5394 0.3952857138075401
5395 0.3952853793832925
5396 0.3952862803410706
5397 0.395284651586699
5398 0.3952862031257884
5399 0.3952849227102709
5400 0.3952858052529815
5401 0.3952846062197433
5402 0.3952855749508227
5403 0.3952846276671761
5404 0.3952851271061546
5405 0.3952845995505145
5406 0.3952853602365137
5407 0.3952848426372037
5408 0.3952856489672344
5409 0.3952847423036301
5410 0.3952860498707348
5411 0.3952850967990296
5412 0.3952862328527251
5413 0.3952847647325668
5414 0.3952862411391772
5415 0.395285292636409
5416 0.3952854066066355
5417 0.3952851494073129
5418 0.395286097107287
5419 0.3952846356568929
5420 0.3952861304177228
5421 0.3952851721950855
5422 0.3952857647483057
5423 0.3952851359762463
5424 0.395285952171807
5425 0.3952853055185003
5426 0.3952865269611677
5427 0.395285564828738
5428 0.3952869864454361
5429 0.3952855925661122
5430 0.3952875490898849
5431 0.3952862139607155
5432 0.3952874467315804
5433 0.3952860296265482
5434 0.3952874558554329
5435 0.395286348841239
5436 0.39528655008335
5437 0.3952862050582707
5438 0.3952871226226166
5439 0.3952857042203805
5440 0.3952869434134968
5441 0.3952854540560141
5442 0.3952858248308375
5443 0.3952853027627811
5444 0.395286046877068
5445 0.3952848646910459
5446 0.3952864062697593
5447 0.3952849718247621
5448 0.3952863820951316
5449 0.3952854173076594
5450 0.3952856061039679
5451 0.3952852939082588
5452 0.39528618820299
5453 0.3952845519489765
5454 0.3952861488457228
5455 0.395284883174266
5456 0.3952857988763854
5457 0.3952846749062429
5458 0.3952856818565806
5459 0.3952847520166394
5460 0.3952855112900324
5461 0.3952846176009129
5462 0.3952853731092253
5463 0.395284827906646
5464 0.3952856953053249
5465 0.395284914278945
5466 0.3952862321588521
5467 0.3952848139848903
5468 0.3952861802133811
5469 0.3952854147538696
5470 0.3952858531522297
5471 0.3952855855878484
5472 0.3952863071144123
5473 0.3952850370346912
5474 0.3952865073510765
5475 0.3952854330596238
5476 0.3952856125537945
5477 0.3952851165006064
5478 0.395286174723834
5479 0.3952846243353655
5480 0.395286054582376
5481 0.3952849906028569
5482 0.3952853380758587
5483 0.3952846438283869
5484 0.3952856351170244
5485 0.3952840437482318
5486 0.3952856025381736
5487 0.3952846393683635
5488 0.3952850464289545
5489 0.3952845774949028
5490 0.3952856871260264
5491 0.3952847781313951
5492 0.3952858043982462
5493 0.39528461067358
5494 0.3952859298790545
5495 0.3952851816422379
5496 0.3952852151496811
5497 0.3952851536702541
5498 0.3952859841170638
5499 0.3952845064709022
5500 0.3952859072861954
5501 0.3952848790963077
5502 0.3952854156932123
5503 0.3952845957207471
5504 0.3952852330530078
5505 0.3952847531780804
5506 0.39528526315737
5507 0.3952847934341608
5508 0.3952855698918345
5509 0.3952848714746193
5510 0.39528591982109
5511 0.3952848426556895
5512 0.3952858697329446
5513 0.3952847744973079
5514 0.3952856962856942
5515 0.3952850370372529
5516 0.3952859355689142
5517 0.3952851322758913
5518 0.3952862861534311
5519 0.3952850931494163
5520 0.3952865536259575
5521 0.3952850284418857
5522 0.3952866513912703
5523 0.3952858115927284
5524 0.3952860322283921
5525 0.3952857823985366
5526 0.3952867438687617
5527 0.395285277382864
5528 0.3952867847501064
5529 0.3952858278201186
5530 0.3952864637676846
5531 0.3952857269631032
5532 0.3952863094418343
5533 0.3952859480282355
5534 0.3952865447457449
5535 0.3952862400890372
5536 0.3952870689734909
5537 0.3952865149648028
5538 0.3952871479854128
5539 0.3952866623860043
5540 0.3952872881173179
5541 0.3952867948173248
5542 0.3952873937140507
5543 0.3952868989774616
5544 0.3952874358402252
5545 0.395286943568998
5546 0.3952872522524424
5547 0.3952867047515764
5548 0.3952872414908016
5549 0.3952862583218021
5550 0.3952873178831772
5551 0.395285714322498
5552 0.3952868760760852
5553 0.3952859079990214
5554 0.3952861031584523
5555 0.3952856431704847
5556 0.3952862076396282
5557 0.3952846664758468
5558 0.3952860912108357
5559 0.3952848480695426
5560 0.3952849186461879
5561 0.3952843854933426
5562 0.3952853850178253
5563 0.3952837765299216
5564 0.3952853188504544
5565 0.3952842577594811
5566 0.3952848232257898
5567 0.3952840695427116
5568 0.3952848599522288
5569 0.3952840310902129
5570 0.3952852326785412
5571 0.3952843743792318
5572 0.3952850531788565
5573 0.3952844354845629
5574 0.3952855259501735
5575 0.3952845666908182
5576 0.3952854904779516
5577 0.3952842096821229
5578 0.3952855235507753
5579 0.3952847285175685
5580 0.3952847394981167
5581 0.3952846499386487
5582 0.3952855591529891
5583 0.3952840526775026
5584 0.3952854427898467
5585 0.3952844608942847
5586 0.3952848680636666
5587 0.3952842495436457
5588 0.3952851141262119
5589 0.395284236522548
5590 0.3952854099189737
5591 0.3952843071321002
5592 0.395285714521548
5593 0.3952845876238229
5594 0.3952857745716499
5595 0.3952843935912642
5596 0.3952857356505662
5597 0.3952846898825989
5598 0.3952851376971477
5599 0.3952845425951754
5600 0.3952850567987335
5601 0.3952844804609676
5602 0.39528479196539
5603 0.3952842841830215
5604 0.3952849745544787
5605 0.3952840964937567
5606 0.3952852295916356
5607 0.395284045836282
5608 0.3952853025093596
5609 0.3952838152146352
5610 0.3952857388338228
5611 0.3952844466825303
5612 0.3952857655063532
5613 0.3952843075769867
5614 0.3952860100484323
5615 0.3952843986863436
5616 0.395285799852011
5617 0.3952849249290343
5618 0.3952852110989257
5619 0.3952850401424424
5620 0.3952859020443928
5621 0.3952845857980704
5622 0.3952862817648489
5623 0.3952852085831904
5624 0.3952858599606501
5625 0.3952852882810663
5626 0.3952866667469864
5627 0.3952852010383203
5628 0.3952868491432216
5629 0.3952861752003664
5630 0.3952870371771449
5631 0.3952865721157356
5632 0.3952875414549429
5633 0.3952871813731666
5634 0.3952877580822293
5635 0.3952873618429081
5636 0.3952881860726518
5637 0.3952872602743298
5638 0.3952881427561224
5639 0.3952867453615645
5640 0.3952879064885906
5641 0.395287081672652
5642 0.3952872470774348
5643 0.3952867317089461
5644 0.395287267020157
5645 0.3952855232989056
5646 0.3952868976831808
5647 0.3952854389873897
5648 0.3952857903462756
5649 0.3952846286618256
5650 0.3952856050997118
5651 0.3952841201094547
5652 0.395285369010183
5653 0.3952840857435531
5654 0.3952846709988733
5655 0.3952842090276553
5656 0.3952845104933345
5657 0.3952477204149363
5658 0.3956694005642864
5659 0.3957315714521688
5660 0.3958246889186376
5661 0.3957885742794472
5662 0.3957579735034195
5663 0.3956944426282717
5664 0.3956397738253808
5665 0.3955961109599492
5666 0.3955761414163644
5667 0.3955769557719546
5668 0.3956011424485998
5669 0.3956449063080624
5670 0.395707610787106
5671 0.3957866738270459
5672 0.3958768365330048
5673 0.3959775344748286
5674 0.3960834743235835
5675 0.3961937395341517
5676 0.3963025303063982
5677 0.3964104305803793
5678 0.396512284973139
5679 0.3966112035933158
5680 0.3967004443443715
5681 0.3967820287029192
5682 0.3968522138619873
5683 0.3969128175955438
5684 0.3969603815750608
5685 0.3969976839024208
5686 0.3970220314612001
5687 0.3970358727968245
5688 0.3970382306294501
5689 0.3970319668577502
5690 0.3970176145339375
5691 0.3969948160150045
5692 0.3969659762477447
5693 0.3969322874616592
5694 0.3968927921164159
5695 0.3968517300024051
5696 0.3968072182437985
5697 0.3967601057885412
5698 0.3967138134324291
5699 0.3966660177336296
5700 0.3966179063275508
5701 0.3965721175662946
5702 0.3965276710020113
5703 0.3964830042551388
5704 0.3964414694438118
5705 0.3964025732561161
5706 0.3963629129660787
5707 0.3963227016283505
5708 0.3962822458321219
5709 0.3962419255564059
5710 0.3962027057169958
5711 0.39616377948463
5712 0.3961246390059247
5713 0.396088416348405
5714 0.3960528991878015
5715 0.3960194590333765
5716 0.3959885602265384
5717 0.3959599521981368
5718 0.3959351859985725
5719 0.3959141407194199
5720 0.3958952688699206
5721 0.3958824586265122
5722 0.3958724352244481
5723 0.3958653548061163
5724 0.3958626091710875
5725 0.3958629097650548
5726 0.3958651908878555
5727 0.3958711513900716
5728 0.3958800038238242
5729 0.3958920452489843
5730 0.3959080777306491
5731 0.3959267161642587
5732 0.3959448506906798
5733 0.395965536373473
5734 0.3959857810983856
5735 0.3960058749740267
5736 0.3960269665206152
5737 0.3960468085385043
5738 0.3960640389411564
5739 0.3960822217701668
5740 0.3960970640697334
5741 0.3961103846598791
5742 0.3961223805230604
5743 0.3961327512370645
5744 0.3961400383403706
5745 0.3961476344292506
5746 0.3961530860696527
5747 0.3961570636176219
5748 0.3961607770965229
5749 0.3961637606532367
5750 0.3961646516569989
5751 0.3961666725449017
5752 0.3961667213491848
5753 0.3961664715760984
5754 0.3961665900968409
5755 0.396166757347131
5756 0.3961648084404036
5757 0.3961648168302525
5758 0.3961642734259101
5759 0.3961633473350597
5760 0.3961626969224799
5761 0.3961623558795849
5762 0.3961612472511559
5763 0.396161157200663
5764 0.3961599064068729
5765 0.3961585726774737
5766 0.3961587563407692
5767 0.3961577196633686
5768 0.3961563662381947
5769 0.3961558577762942
5770 0.396155108421807
5771 0.3961537089934304
5772 0.3961533617680154
5773 0.3961524820248783
5774 0.3961515721459704
5775 0.3961510891170028
5776 0.3961498580140538
5777 0.3961494174609569
5778 0.3961481950126785
5779 0.3961486184187415
5780 0.3961470181205564
5781 0.3961473806080506
5782 0.3961460740296418
5783 0.3962961519696794
5784 0.3965816205367232
5785 0.3965325355381357
5786 0.3965043148554668
5787 0.396381637746455
5788 0.3962701716079551
5789 0.3961464854705864
5790 0.39604518258309
5791 0.3959701778170865
5792 0.3959302631795871
5793 0.3959257538059317
5794 0.3959514629341278
5795 0.3960061443663505
5796 0.396083520871641
5797 0.3961840676509185
5798 0.3962986920592091
5799 0.3964271171711231
5800 0.3965567145954463
5801 0.3966898748200715
5802 0.3968183234020068
5803 0.3969427330665673
5804 0.3970581038938779
5805 0.3971681875017627
5806 0.3972683202677817
5807 0.397360469363928
5808 0.3974382744520171
5809 0.3975083819133124
5810 0.3975695838787304
5811 0.3976165793620641
5812 0.3976518765929517
5813 0.3976745323558092
5814 0.3976848657961451
5815 0.3976872955496434
5816 0.3976796746004972
5817 0.3976631249314205
5818 0.3976414738012444
5819 0.3976118293982637
5820 0.3975756166708584
5821 0.3975354519960058
5822 0.3974914656760417
5823 0.3974424729349453
5824 0.397392988491123
5825 0.3973421444155945
5826 0.3972891779095281
5827 0.3972360894646326
5828 0.3971824469118181
5829 0.3971266484343437
5830 0.3970729656173617
5831 0.3970191088684168
5832 0.396966497881838
5833 0.3969131623319257
5834 0.396856230761005
5835 0.3967973410681348
5836 0.3967388651949865
5837 0.3966815451531915
5838 0.3966242216666661
5839 0.3965708662192153
5840 0.3965182204362874
5841 0.3964709515007153
5842 0.3964300796564496
5843 0.3963945345193427
5844 0.3963628251825914
5845 0.3963388332714363
5846 0.3963193639076957
5847 0.3963044952217796
5848 0.3962956004843857
5849 0.3962905040558941
5850 0.3962898249862074
5851 0.3962951595167062
5852 0.3963039123089165
5853 0.3963159570281053
5854 0.3963325234062758
5855 0.3963515540356017
5856 0.3963708475510831
5857 0.3963936760503785
5858 0.3964164605000142
5859 0.3964394002350075
5860 0.3964636750627758
5861 0.3964890064175047
5862 0.3965130916193764
5863 0.3965389127839745
5864 0.3965629989242226
5865 0.3965857389120229
5866 0.3966087924575301
5867 0.3966307939438047
5868 0.3966497642528646
5869 0.3966694074499791
5870 0.3966863665167071
5871 0.3967014674733486
5872 0.3967161440115156
5873 0.3967299104206694
5874 0.3967411918749803
5875 0.3967529957276598
5876 0.3967626105380701
5877 0.3967710502813722
5878 0.3967796795298492
5879 0.3967871203192216
5880 0.3967919484571325
5881 0.3967980108906303
5882 0.3968024732532119
5883 0.396805822911022
5884 0.3968093866097572
5885 0.3968130951176062
5886 0.3968149512767309
5887 0.3968179175892703
5888 0.3968190037183624
5889 0.3968195330236688
5890 0.3968206415469187
5891 0.3968215515771038
5892 0.3968200984747048
5893 0.3968203434071794
5894 0.3968194614028293
5895 0.3968174893181454
5896 0.3968161727563612
5897 0.3968151556061368
5898 0.3968124366289146
5899 0.396811385356028
5900 0.3968087046581672
5901 0.3968062620630473
5902 0.396804442586393
5903 0.3968030364283808
5904 0.3967999535773464
5905 0.3967993726357968
5906 0.3967972772619076
5907 0.3967959104859404
5908 0.3967937993343794
5909 0.3967931956147141
5910 0.3967902614309289
5911 0.3967895578376014
5912 0.3967865676871208
5913 0.396784464492501
5914 0.3967819527419502
5915 0.3967807816836967
5916 0.3972907737059538
5917 0.3976519080653043
5918 0.3979645411526686
5919 0.3981783359357617
5920 0.3983833054867473
5921 0.3985520154586863
5922 0.3987021773826994
5923 0.398837689669712
5924 0.3989605945606632
5925 0.3990655283796165
5926 0.3991518764474073
5927 0.3992285587261873
5928 0.3992878743228116
5929 0.3993308991463344
5930 0.3993674713171784
5931 0.3993753090457643
5932 0.399382802171479
5933 0.3993637337333208
5934 0.3993428589478431
5935 0.3993244192931775
5936 0.3992932789648241
5937 0.3992703406466062
5938 0.3992442650676822
5939 0.3992177292315673
5940 0.3991834594702725
5941 0.3991553309211113
5942 0.399141614045023
5943 0.3991265654933826
5944 0.399110405908951
5945 0.3991047634413354
5946 0.3991052127622844
5947 0.3991132390409506
5948 0.3991353195669535
5949 0.3991510678596268
5950 0.3991752802035951
5951 0.3992030050972026
5952 0.3992312347673211
5953 0.3992658635196646
5954 0.3993018274061378
5955 0.3993332050120723
5956 0.3993651578833899
5957 0.3993990936161742
5958 0.3994257445700652
5959 0.3994530731801392
5960 0.3994836895421254
5961 0.3995076163998831
5962 0.3995302374400416
5963 0.3995504714534459
5964 0.399566654861652
5965 0.3995806601630466
5966 0.3995985037182386
5967 0.3996097865680206
5968 0.3996248053995708
5969 0.3996374367011469
5970 0.3996483253950377
5971 0.3996578046017254
5972 0.3996643079219038
5973 0.399663836182442
5974 0.3996626215593381
5975 0.3996609920091083
5976 0.3996525370427962
5977 0.3996443013138143
5978 0.3996338053850148
5979 0.399618634829112
5980 0.399606256247749
5981 0.3995939603670834
5982 0.3995783331026334
5983 0.3995655941112646
5984 0.3995526945413908
5985 0.3995373467915758
5986 0.3995255213525017
5987 0.399514564933012
5988 0.3994994122079763
5989 0.3994875985221533
5990 0.399474624650303
5991 0.3994614214732258
5992 0.3994486551390957
5993 0.3994398580608868
5994 0.3994279310173006
5995 0.3994190181414853
5996 0.3994114250502409
5997 0.3994043869067332
5998 0.399400500918314
5999 0.3993963733722314
6000 0.3993924182885578
6001 0.3993906499151701
6002 0.3993928010813148
6003 0.3993928676938556
6004 0.3993943412218928
6005 0.399399892766494
6006 0.3994035608939851
6007 0.3994085333036243
6008 0.3994149169355511
6009 0.3994204730423737
6010 0.3994298009213439
6011 0.39943788081105
6012 0.3994463619666497
6013 0.3994553447174187
6014 0.3994652300667348
6015 0.3994735825637944
6016 0.3994828423087283
6017 0.3994924428108068
6018 0.399499476960262
6019 0.3995094468025486
6020 0.399517823599744
6021 0.3995243301611239
6022 0.3995340108293033
6023 0.3995424523169139
6024 0.3995477569921005
6025 0.3995547944089506
6026 0.3995628468280376
6027 0.3995672268512084
6028 0.3995720281872493
6029 0.3995779672756992
6030 0.3995807292400556
6031 0.3995842026649052
6032 0.3995875226081581
6033 0.3995892270489791
6034 0.3995917459006882
6035 0.3995937281525161
6036 0.4003702925094149
6037 0.4008701124419434
6038 0.4014336717738827
6039 0.4017884302024496
6040 0.4021098547036751
6041 0.4023619636731046
6042 0.4025789760070141
6043 0.4027542957948777
6044 0.4028926954162632
6045 0.4029863800337531
6046 0.4030409953968214
6047 0.403065014806202
6048 0.4030582527902111
6049 0.4030246387667688
6050 0.402968830594094
6051 0.4028859253958663
6052 0.4027890366299577
6053 0.4026791816922594
6054 0.4025628422249727
6055 0.4024432417565909
6056 0.4023255953115652
6057 0.402209619567982
6058 0.4021001338721984
6059 0.4020034532661118
6060 0.4019118089934449
6061 0.401836186317522
6062 0.4017726566714549
6063 0.4017185771363099
6064 0.4016808904933005
6065 0.4016508237282135
6066 0.4016349799011206
6067 0.4016263790278147
6068 0.4016319584047587
6069 0.40164354881474
6070 0.4016661811206804
6071 0.4016921217908141
6072 0.4017227608597601
6073 0.4017554509513612
6074 0.4017942814099729
6075 0.4018324515208664
6076 0.4018721475726098
6077 0.4019156494421371
6078 0.4019568241767103
6079 0.4019978825590352
6080 0.4020369238035212
6081 0.4020743542903332
6082 0.4021114383041425
6083 0.4021440111246599
6084 0.4021698647380286
6085 0.4021926929056227
6086 0.4022138655756931
6087 0.4022310131062601
6088 0.4022446522139029
6089 0.4022577733659679
6090 0.4022656840016788
6091 0.4022717137607206
6092 0.4022731119220495
6093 0.4022693577576543
6094 0.4022608103569274
6095 0.4022517280713274
6096 0.4022350620718634
6097 0.4022160884590121
6098 0.4021936270583225
6099 0.4021640864898468
6100 0.4021362292660197
6101 0.4021041572968829
6102 0.4020712622352122
6103 0.4020388881517947
6104 0.4020037360345167
6105 0.4019704761172272
6106 0.4019384894360327
6107 0.4019059621673547
6108 0.4018761199788743
6109 0.4018471170715458
6110 0.4018213215968273
6111 0.4017918514302481
6112 0.4017681751491025
6113 0.4017457888194034
6114 0.4017225581747011
6115 0.4017026611546918
6116 0.401683475446221
6117 0.401664838917731
6118 0.4016499104581383
6119 0.4016381298094414
6120 0.4016253048176955
6121 0.4016160626526701
6122 0.4016100348229549
6123 0.4016043274795552
6124 0.4016024817913013
6125 0.4016018919558245
6126 0.4016028260671059
6127 0.4016051326803226
6128 0.4016094785620784
6129 0.401613224819123
6130 0.4016205091116509
6131 0.4016299962695249
6132 0.4016364987981707
6133 0.4016474404092797
6134 0.4016577642711434
6135 0.4016666357186393
6136 0.4016770407459333
6137 0.4016891007510674
6138 0.4017005311875815
6139 0.4017114629003233
6140 0.4017250731956031
6141 0.4017351202945216
6142 0.4017480173916196
6143 0.4017600019315145
6144 0.4017706625139007
6145 0.401781939020601
6146 0.4017925665267924
6147 0.4018017416555283
6148 0.4018118147899283
6149 0.4018209493149583
6150 0.4018283818371705
6151 0.4018351673051495
6152 0.4018440581001389
6153 0.4018493796623014
6154 0.4018550453429143
6155 0.4018609790274983
6156 0.4018654612138358
6157 0.401869359948516
6158 0.4018739789504753
6159 0.4018754333593118
6160 0.4018783010452421
6161 0.4028147799445621
6162 0.4034831687986849
6163 0.4041341757226595
6164 0.4045612232257066
6165 0.4049527424808403
6166 0.4052440818484175
6167 0.4054809186807058
6168 0.405657281955429
6169 0.4057853217551642
6170 0.4058751514956344
6171 0.4059181929229895
6172 0.4059398523360924
6173 0.4059296233778963
6174 0.4058940744060833
6175 0.4058380149977653
6176 0.4057631346988079
6177 0.4056692926944471
6178 0.4055656680744219
6179 0.4054540754342342
6180 0.4053405029456874
6181 0.4052296209144248
6182 0.4051210180928722
6183 0.4050106386104861
6184 0.4049065131708997
6185 0.4048082211691123
6186 0.4047232353074424
6187 0.4046421851582518
6188 0.4045739148186483
6189 0.4045129938897455
6190 0.4044653353256475
6191 0.4044259095107582
6192 0.4043983798462518
6193 0.4043760164486305
6194 0.4043663280210858
6195 0.4043639016423939
6196 0.4043629625194228
6197 0.404377205479942
6198 0.4043898721032441
6199 0.4044078453189436
6200 0.4044310376649981
6201 0.4044576959494119
6202 0.4044850779478537
6203 0.4045132519586253
6204 0.4045407016859054
6205 0.4045678371476045
6206 0.4045935231251557
6207 0.4046166657179318
6208 0.4046378258013409
6209 0.4046546258296301
6210 0.4046649944817868
6211 0.4046710260008597
6212 0.4046754224722466
6213 0.4046718700586531
6214 0.404665755143844
6215 0.4046543887571531
6216 0.4046375444590372
6217 0.4046136079365711
6218 0.4045886859273425
6219 0.4045577122153245
6220 0.4045236626865425
6221 0.404485152256127
6222 0.4044444198984367
6223 0.4044023847711053
6224 0.4043550887008865
6225 0.4043102549425152
6226 0.404262088603557
6227 0.404211368339485
6228 0.4041633447360623
6229 0.4041114091886054
6230 0.4040634664720903
6231 0.4040136010659344
6232 0.4039658137018504
6233 0.4039174237919226
6234 0.4038737311786981
6235 0.403826719409953
6236 0.4037864017281658
6237 0.4037477245245659
6238 0.4037099355075403
6239 0.4036729829880563
6240 0.4036425470337635
6241 0.4036137131940014
6242 0.4035892695444658
6243 0.4035669097397686
6244 0.4035494893445858
6245 0.4035345834204543
6246 0.4035241749795772
6247 0.4035176548143929
6248 0.4035127625191628
6249 0.4035121083721463
6250 0.4035129091456262
6251 0.4035180774336335
6252 0.4035261812397701
6253 0.4035351993243095
6254 0.4035468892792795
6255 0.4035587146772969
6256 0.4035721488205233
6257 0.4035852027894888
6258 0.4036010521203683
6259 0.4036143245057634
6260 0.4036304198780097
6261 0.4036464545444162
6262 0.4036609958077518
6263 0.4036755063650556
6264 0.4036907065956726
6265 0.4037031204150935
6266 0.4037173115956149
6267 0.4037298877122776
6268 0.403740919436021
6269 0.4037519613772018
6270 0.4037628775704904
6271 0.4037718682802611
6272 0.4037804980504258
6273 0.4037886321744864
6274 0.4037946331871766
6275 0.403801406481569
6276 0.4038067698761252
6277 0.4038102381246743
6278 0.4038140545974132
6279 0.4038174559913036
6280 0.4040140892138152
6281 0.4046406485422225
6282 0.4049778265996677
6283 0.4052470129113075
6284 0.4054134953655605
6285 0.4055422123060894
6286 0.4056312641074637
6287 0.4057055272814838
6288 0.4057718377968493
6289 0.4058375106284144
6290 0.4059103986926454
6291 0.4059878358826762
6292 0.4060704366100831
6293 0.4061614720119589
6294 0.4062583418244861
6295 0.4063592719850385
6296 0.4064646513644951
6297 0.4065730718930711
6298 0.4066803976032157
6299 0.4067859038324717
6300 0.4068892839654929
6301 0.4069849855609032
6302 0.4070762629204088
6303 0.4071575575033142
6304 0.4072290602369524
6305 0.4072915577224454
6306 0.4073431434302237
6307 0.407382814514289
6308 0.4074135128329255
6309 0.4074339421678723
6310 0.4074443375410826
6311 0.4074471551191157
6312 0.4074424273981622
6313 0.4074297519595783
6314 0.4074125314571764
6315 0.407387813019177
6316 0.4073583662452702
6317 0.4073267437751938
6318 0.4072937610261789
6319 0.4072579705371103
6320 0.4072224696583223
6321 0.4071862444728723
6322 0.4071491939174736
6323 0.4071137476382559
6324 0.4070785331499755
6325 0.4070437020075136
6326 0.4070104822643762
6327 0.4069810417564107
6328 0.4069500488771849
6329 0.4069236077537918
6330 0.4068983350878713
6331 0.4068751959859464
6332 0.4068553504384246
6333 0.4068382681662669
6334 0.406822755799931
6335 0.4068113014734377
6336 0.4068018165780581
6337 0.4067939863084377
6338 0.4067892539591491
6339 0.406786356630711
6340 0.4067837150458534
6341 0.4067836900015724
6342 0.4067842068365118
6343 0.4067851317216398
6344 0.4067861710794984
6345 0.4067868813196249
6346 0.4067857515380141
6347 0.4067852718322095
6348 0.4067834255473751
6349 0.4067797613594346
6350 0.4067755831825134
6351 0.4067710870483767
6352 0.4067629667374899
6353 0.4067571765823102
6354 0.4067479935352336
6355 0.4067390485057082
6356 0.4067275142040048
6357 0.4067173856480536
6358 0.4067027504354426
6359 0.4066914573398228
6360 0.4066779215854242
6361 0.406663413255777
6362 0.4066473381888106
6363 0.4066318731959609
6364 0.4066149795781037
6365 0.4066001786794588
6366 0.4065847814966107
6367 0.4065703602892686
6368 0.4065544275862085
6369 0.4065408512626293
6370 0.4065253815071529
6371 0.4065114782556343
6372 0.4064963719345393
6373 0.406479494481752
6374 0.4064657558544332
6375 0.4064524333539439
6376 0.4064364371024678
6377 0.4064234597929346
6378 0.4064122759965393
6379 0.4063994947537337
6380 0.4063888381432293
6381 0.4063794811473915
6382 0.4063702987005313
6383 0.4063647187805179
6384 0.4063591899040166
6385 0.4063542666429558
6386 0.406350913226512
6387 0.4063475809753566
6388 0.4063437693551549
6389 0.4063427739946759
6390 0.4063422818000146
6391 0.4063429882962485
6392 0.4063440067892816
6393 0.4063462903523249
6394 0.4063490896534523
6395 0.4063527407238238
6396 0.4063563678730101
6397 0.4063609616792187
6398 0.4063663438257432
6399 0.4063722722138044
6400 0.4063760670225656
6401 0.406381941266946
6402 0.4063861608095185
6403 0.4063927226530654
6404 0.4063994767259008
6405 0.4064063106175828
6406 0.4064100631662477
6407 0.406313460963473
6408 0.4067016392497159
6409 0.4067364704151225
6410 0.4068068786464935
6411 0.4067526750316265
6412 0.4066977937837183
6413 0.4066166796346201
6414 0.4065388443700917
6415 0.4064827468213163
6416 0.4064458802548264
6417 0.4064373124555591
6418 0.4064498243499648
6419 0.4064906095059528
6420 0.4065494184485109
6421 0.4066296308767514
6422 0.4067240374466834
6423 0.4068323246594543
6424 0.4069485585472651
6425 0.4070738163484299
6426 0.4072021810203181
6427 0.4073317715505769
6428 0.407459353158195
6429 0.40758040301224
6430 0.4076917078339651
6431 0.4077928381143362
6432 0.4078817889275295
6433 0.4079573950639149
6434 0.4080170702631722
6435 0.408062208157095
6436 0.4080900846690344
6437 0.4081034919956662
6438 0.4081020028669697
6439 0.4080872117243504
6440 0.4080581738374129
6441 0.4080176210932844
6442 0.4079654219936553
6443 0.4079064167277919
6444 0.4078385700552507
6445 0.4077663234053747
6446 0.4076896859349077
6447 0.4076119411337614
6448 0.4075354239031047
6449 0.4074512760573714
6450 0.4073716292043306
6451 0.4072930488058613
6452 0.4072131108287557
6453 0.4071362214809583
6454 0.4070603727506901
6455 0.4069900208652644
6456 0.4069218031569211
6457 0.4068596216557934
6458 0.4068019655814162
6459 0.4067501108765348
6460 0.4067026913620786
6461 0.4066614112725879
6462 0.4066252952318217
6463 0.4065959072074884
6464 0.4065708057679892
6465 0.406553118875685
6466 0.406541883035213
6467 0.4065371340880041
6468 0.4065372261636399
6469 0.4065434554767658
6470 0.4065541529025347
6471 0.4065700762834986
6472 0.4065884691196336
6473 0.4066117930747215
6474 0.4066359085047292
6475 0.4066621078817564
6476 0.4066880486681388
6477 0.4067153542415212
6478 0.406742133408302
6479 0.4067700004182326
6480 0.4067962981929444
6481 0.4068239621097551
6482 0.4068488468983861
6483 0.406873188973094
6484 0.4068948887952459
6485 0.4069161299265716
6486 0.4069351681108166
6487 0.4069552544784608
6488 0.4069716861475779
6489 0.4069872921328829
6490 0.4070004762052331
6491 0.4070136458993832
6492 0.407023914704328
6493 0.4070339406929014
6494 0.407041236902627
6495 0.4070495126978204
6496 0.4070546643657956
6497 0.4070604693052852
6498 0.4070639363379265
6499 0.4070673427021582
6500 0.4070691885672404
6501 0.4070711096022969
6502 0.4070718537672993
6503 0.4070732113393728
6504 0.4070725354204581
6505 0.407071910305122
6506 0.4070699181123251
6507 0.407068482986671
6508 0.4070659681893554
6509 0.4070642172633225
6510 0.4070610928901938
6511 0.4070584040525834
6512 0.4070542589311599
6513 0.407051925756836
6514 0.4070480489614394
6515 0.4070443758317968
6516 0.4070404662814187
6517 0.4070364923753817
6518 0.4070310207378926
6519 0.4070290152639777
6520 0.407021709305151
6521 0.4070177306037703
6522 0.4070114173651116
6523 0.4070086875172455
6524 0.4070032123158249
6525 0.4070008764196584
6526 0.406996027542511
6527 0.4069950542090791
6528 0.4069915847194859
6529 0.4069907192593265
6530 0.4069866297221612
6531 0.4069856613428173
6532 0.4069820331823023
6533 0.4069815906968815
6534 0.4069781997227426
6535 0.4069783824647894
6536 0.4069756282678395
6537 0.4069766308317913
6538 0.4069748193155568
6539 0.4069767378362756
6540 0.406975224625162
6541 0.4069771412476159
6542 0.4069755390399079
6543 0.4069775019890791
6544 0.4069757486144137
6545 0.4069768160814587
6546 0.4070267821962655
6547 0.407274570581412
6548 0.4071777696063594
6549 0.4070948638571034
6550 0.4069163980079457
6551 0.4067606351041378
6552 0.4065972425820599
6553 0.4064730462408698
6554 0.4063750683540948
6555 0.4063166793741451
6556 0.4062965107958553
6557 0.4063161317130573
6558 0.4063656911680186
6559 0.406448372632357
6560 0.4065490410434058
6561 0.4066713906399591
6562 0.406804783915058
6563 0.4069501524646508
6564 0.4071029319294179
6565 0.4072540200861364
6566 0.4074040262798809
6567 0.4075500432068419
6568 0.4076866002206053
6569 0.4078120887310627
6570 0.4079259304374686
6571 0.4080277392734991
6572 0.4081166254907235
6573 0.4081921234099114
6574 0.4082547721802281
6575 0.4083034173071719
6576 0.4083388987807186
6577 0.4083613651486361
6578 0.4083717175800618
6579 0.4083721449250682
6580 0.4083611284726614
6581 0.4083427615020293
6582 0.4083138087560613
6583 0.4082765852348559
6584 0.4082309284426089
6585 0.4081838237634711
6586 0.4081307077733869
6587 0.4080738597860996
6588 0.4080142136322341
6589 0.4079534042662267
6590 0.4078919281500595
6591 0.4078300677321704
6592 0.4077675230403198
6593 0.4077058996317031
6594 0.4076427878252304
6595 0.4075771718326714
6596 0.4075118446548445
6597 0.4074484189652173
6598 0.40738471421254
6599 0.4073218601076062
6600 0.4072602446597485
6601 0.4072012423563904
6602 0.4071436684142067
6603 0.4070891537067717
6604 0.4070366011053643
6605 0.4069934676640854
6606 0.4069546891041798
6607 0.4069216713609573
6608 0.4068940153318767
6609 0.4068735637178684
6610 0.4068587295742685
6611 0.4068499460736955
6612 0.4068446469004232
6613 0.4068454484693285
6614 0.4068470250376929
6615 0.4068544146124853
6616 0.4068658298252615
6617 0.4068821489753903
6618 0.4069005418312554
6619 0.4069231066207422
6620 0.4069458836352283
6621 0.4069706257812168
6622 0.4069949648498973
6623 0.4070196099578416
6624 0.4070434601120098
6625 0.4070683614299211
6626 0.4070906285749373
6627 0.4071133731104382
6628 0.4071355407502126
6629 0.4071587317117619
6630 0.4071810661657904
6631 0.4072026423482909
6632 0.4072228071769315
6633 0.4072431167747343
6634 0.4072616648406238
6635 0.4072785692356675
6636 0.407293572480925
6637 0.407308014309762
6638 0.4073203947253839
6639 0.4073314080578695
6640 0.407340595395094
6641 0.4073493500149071
6642 0.4073563387212296
6643 0.4073627520461133
6644 0.4073677584515785
6645 0.4073738096801376
6646 0.4073781206390771
6647 0.4073814617210763
6648 0.4073832409755616
6649 0.407385398549248
6650 0.4073862613767882
6651 0.4073866333516011
6652 0.4073856686516205
6653 0.4073862252801938
6654 0.4073853863274679
6655 0.4073837314506316
6656 0.4073818851618405
6657 0.4073806063749241
6658 0.4073775570034052
6659 0.4073754965982394
6660 0.4073722616481673
6661 0.4073709302212186
6662 0.4073671285954024
6663 0.407364882150679
6664 0.4073610613647068
6665 0.4073591243205908
6666 0.4073552690399669
6667 0.4073536747140341
6668 0.4073493188934911
6669 0.407348482936681
6670 0.4073452799884648
6671 0.4073434338040198
6672 0.407339869193867
6673 0.4073395990815658
6674 0.4073363006882638
6675 0.4073357054469229
6676 0.4073327828124445
6677 0.4073325902791488
6678 0.4073300838701724
6679 0.4073289527467423
6680 0.4073264025081716
6681 0.4073262297882778
6682 0.4073232546296403
6683 0.4073229576528926
6684 0.4073199039670637
6685 0.4073198165555245
6686 0.4073179771807883
6687 0.4077668069939551
6688 0.4081777284685482
6689 0.4085067381093591
6690 0.4086905460125284
6691 0.4088396189166587
6692 0.4089350606014518
6693 0.4090118724435747
6694 0.4090767337391231
6695 0.4091347718169454
6696 0.409177427535702
6697 0.4092215552004763
6698 0.4092687507448866
6699 0.409314534277503
6700 0.4093513734435044
6701 0.4093892942289086
6702 0.4094303867518898
6703 0.4094679748616556
6704 0.4095012512298696
6705 0.4095325621034375
6706 0.4095614413566621
6707 0.4095893495200786
6708 0.4096151355345721
6709 0.409641405559944
6710 0.4096781632280129
6711 0.4097092718187549
6712 0.409736358990115
6713 0.4097644201591902
6714 0.4097928185035049
6715 0.4098257747634423
6716 0.4098523472390261
6717 0.4098849268812862
6718 0.4099197450414209
6719 0.4099581457876519
6720 0.4099961848560209
6721 0.4100340164439836
6722 0.4100722166151924
6723 0.4101099620981349
6724 0.410145227643857
6725 0.4101785858842792
6726 0.4102099161103318
6727 0.4102381717473902
6728 0.4102607272180117
6729 0.4102793711005191
6730 0.4102905010705702
6731 0.4102980124959009
6732 0.4103002875317002
6733 0.4102992830749211
6734 0.4102934306357758
6735 0.4102875823151248
6736 0.4102755971930525
6737 0.4102634708891166
6738 0.4102467248493802
6739 0.4102286318167304
6740 0.4102071887120172
6741 0.4101864980205522
6742 0.4101611726857185
6743 0.4101358020186482
6744 0.4101074955568207
6745 0.4100794030622377
6746 0.4100498991382068
6747 0.4100192534009931
6748 0.4099852132816247
6749 0.4099527690040404
6750 0.4099215800734442
6751 0.4098919402148692
6752 0.4098623734081119
6753 0.4098354031464604
6754 0.409809864247503
6755 0.4097866272381878
6756 0.4097641801777604
6757 0.4097452091822819
6758 0.4097255040902946
6759 0.4097095324771883
6760 0.4096934226938692
6761 0.4096811731239121
6762 0.4096692876020268
6763 0.4096604679648598
6764 0.4096524038029943
6765 0.4096474488153792
6766 0.4096440722020875
6767 0.4096445940794477
6768 0.4096459762741707
6769 0.4096507839413433
6770 0.4096570941422723
6771 0.4096675763717593
6772 0.4096781158492885
6773 0.4096918808594087
6774 0.4097045198680952
6775 0.4097206311658678
6776 0.4097363136808552
6777 0.4097547943833537
6778 0.4097727400407776
6779 0.4097926366501868
6780 0.4098106566470593
6781 0.4098304965369841
6782 0.4098491149333636
6783 0.4098683827825008
6784 0.4098869903968452
6785 0.4099050665894781
6786 0.4099223989636877
6787 0.4099383800653328
6788 0.409953101343014
6789 0.4099688552288165
6790 0.4099806205927002
6791 0.4099925548212563
6792 0.4100022789375544
6793 0.4100127069910061
6794 0.4100207032932409
6795 0.4100285845651535
6796 0.4100325015125889
6797 0.4100371561394859
6798 0.4100403673617073
6799 0.4100431684313702
6800 0.4100455600828731
6801 0.4100483026139383
6802 0.4100492820270905
6803 0.4100503363640584
6804 0.4100506243326196
6805 0.4100509838489683
6806 0.4100506370249951
6807 0.4100508033517296
6808 0.4107529609433045
6809 0.4112446830196752
6810 0.4117699639379557
6811 0.4120980726218229
6812 0.412410072754604
6813 0.4126377564590124
6814 0.4128271217895114
6815 0.4129711605997455
6816 0.413081403571135
6817 0.4131616020272928
6818 0.4132104118789022
6819 0.413234728716776
6820 0.413232673284101
6821 0.4132118730836829
6822 0.4131766121851193
6823 0.4131282342505622
6824 0.4130689415629596
6825 0.4129985073100823
6826 0.4129234918098248
6827 0.4128407128757909
6828 0.4127587273588926
6829 0.412674412353617
6830 0.412592707981936
6831 0.4125117348832733
6832 0.4124368502832378
6833 0.4123669749287642
6834 0.4123033641619237
6835 0.4122500678705558
6836 0.4122031110677826
6837 0.4121657320137398
6838 0.4121354518560073
6839 0.4121166353052597
6840 0.4121012231183496
6841 0.4120928510961653
6842 0.4120892048159513
6843 0.4120906380066685
6844 0.412094974826577
6845 0.4121048038501046
6846 0.4121184126269578
6847 0.4121357507751834
6848 0.4121556463254799
6849 0.412178346543171
6850 0.4122032701953116
6851 0.4122286874184408
6852 0.4122526913193329
6853 0.4122744585913476
6854 0.4122924031509118
6855 0.4123084196494023
6856 0.412321470486836
6857 0.4123318250919513
6858 0.41234104105466
6859 0.41234719224099
6860 0.4123545674762755
6861 0.4123564722850815
6862 0.4123559382080012
6863 0.4123510868152001
6864 0.412344371294444
6865 0.4123332082788113
6866 0.4123197206179584
6867 0.4123017187081131
6868 0.4122821927382516
6869 0.4122581605006894
6870 0.4122330807292876
6871 0.4122042723145107
6872 0.4121752391426873
6873 0.4121432993261837
6874 0.412111600767488
6875 0.4120787983715939
6876 0.4120485672205498
6877 0.4120182952882093
6878 0.4119894688897453
6879 0.4119612824003204
6880 0.4119358594081202
6881 0.4119122643901575
6882 0.4118907356541387
6883 0.4118709577831398
6884 0.4118527023023105
6885 0.4118370810614116
6886 0.4118239297124093
6887 0.4118118121060508
6888 0.4118028190214088
6889 0.41179477071975
6890 0.4117908930464382
6891 0.4117877445067669
6892 0.4117887181400899
6893 0.4117899821442716
6894 0.4117950371382359
6895 0.4118000230365085
6896 0.4118085548607158
6897 0.4118165740742507
6898 0.4118278671426246
6899 0.4118383729916331
6900 0.4118526445711931
6901 0.4118646917988801
6902 0.4118789414041522
6903 0.4118914099097847
6904 0.4119052022054592
6905 0.4119175643624465
6906 0.4119303200118766
6907 0.411941880566095
6908 0.4119535790876374
6909 0.4119645334895153
6910 0.411974772607573
6911 0.4119843726276461
6912 0.4119923836486306
6913 0.4120001447872783
6914 0.412006784924406
6915 0.412013206378508
6916 0.4120187745291424
6917 0.4120236204801089
6918 0.4120280584086572
6919 0.4120315821559633
6920 0.412034446799039
6921 0.4120359540475912
6922 0.4129384642988713
6923 0.4135901434422035
6924 0.4142364881368574
6925 0.4146448030357768
6926 0.41501708931727
6927 0.4153130064050272
6928 0.4155536931892516
6929 0.4157427869666924
6930 0.4158876352475328
6931 0.4159962881251819
6932 0.4160637058479738
6933 0.4161011511503442
6934 0.4161072455212811
6935 0.416077273200558
6936 0.4160317456949539
6937 0.4159586892223582
6938 0.4158739459540767
6939 0.4157735549816374
6940 0.4156642626193019
6941 0.4155471187778215
6942 0.4154150759731011
6943 0.4152876834641543
6944 0.415163423900241
6945 0.4150480288349624
6946 0.4149286379851381
6947 0.4148245906804464
6948 0.4147348900110201
6949 0.4146500772171826
6950 0.4145684243938931
6951 0.4144984495710508
6952 0.4144431013119802
6953 0.4143970840923027
6954 0.4143586351993901
6955 0.4143337550053529
6956 0.4143164769455921
6957 0.4143087903821277
6958 0.4143097340213278
6959 0.4143149274896362
6960 0.4143302091690838
6961 0.4143491822480115
6962 0.4143715926337193
6963 0.4143964436634265
6964 0.4144198809422602
6965 0.4144514493782046
6966 0.4144795922796294
6967 0.4145041543532287
6968 0.4145337421764892
6969 0.4145547506839658
6970 0.4145802989728172
6971 0.4145988463941754
6972 0.4146150937653825
6973 0.4146241554040889
6974 0.4146333423543895
6975 0.414632620068639
6976 0.4146324369864688
6977 0.4146223824083824
6978 0.4146075777278486
6979 0.4145849323861241
6980 0.4145570301437685
6981 0.4145203018351009
6982 0.4144781711277249
6983 0.4144315167734223
6984 0.4143807424495372
6985 0.4143253687833869
6986 0.4142660490657248
6987 0.4142078750993858
6988 0.4141500234369965
6989 0.4140933727284961
6990 0.4140403105170085
6991 0.4139874769048629
6992 0.4139352290829928
6993 0.4138852845643393
6994 0.4138325893868343
6995 0.4137825603329686
6996 0.4137326909795473
6997 0.413687146419112
6998 0.4136407224697785
6999 0.4136004657894052
7000 0.413560743419137
7001 0.4135262157452252
7002 0.413493553545442
7003 0.4134639391881235
7004 0.413437550179654
7005 0.4134194907949709
7006 0.4134011978441408
7007 0.4133896043783767
7008 0.4133799143261095
7009 0.4133766283126492
7010 0.4133741534950131
7011 0.4133764802623637
7012 0.4133777372378362
7013 0.4133837321397689
7014 0.4133913780834937
7015 0.4134011293108713
7016 0.4134115837325456
7017 0.4134251223287953
7018 0.4134395369833267
7019 0.413455374277077
7020 0.4134707250537425
7021 0.4134877106315679
7022 0.4135039867693865
7023 0.4135207813993861
7024 0.4135377450178417
7025 0.4135535267977458
7026 0.4135700339925761
7027 0.4135854742541578
7028 0.4136000113980078
7029 0.4136144951389381
7030 0.4136279422842549
7031 0.4136402832554492
7032 0.4136524544816904
7033 0.4136626540294248
7034 0.4136723216919888
7035 0.4136813799867395
7036 0.4136885624520254
7037 0.4136944008139282
7038 0.413700082688144
7039 0.4137036137616842
7040 0.4137069380800872
7041 0.4137081285606376
7042 0.4137089559321909
7043 0.4137090145571627
7044 0.4137083433556062
7045 0.4137064007583963
7046 0.4137042844470366
7047 0.4137011461100531
7048 0.4136980661110132
7049 0.4136941775516789
7050 0.4136898696386017
7051 0.4136853376545409
7052 0.4136817175588213
7053 0.4136772021643679
7054 0.4136727345284538
7055 0.4136676350828475
7056 0.4136623384760804
7057 0.4136573215103489
7058 0.4136518470228829
7059 0.4136467848546447
7060 0.4136410301418675
7061 0.413636222251392
7062 0.4136307277264598
7063 0.4136264317682123
7064 0.4136212508490154
7065 0.4136173616869818
7066 0.4137119322103031
7067 0.41430450715557
7068 0.4146335783648096
7069 0.4149036062266674
7070 0.4150778506419608
7071 0.4152178030907507
7072 0.4153172652044362
7073 0.4154048446764008
7074 0.4154736528581202
7075 0.4155476752255816
7076 0.4156197759321351
7077 0.4156902983145451
7078 0.4157654064064275
7079 0.4158519902424587
7080 0.4159387985649311
7081 0.4160256681315375
7082 0.4161153721896522
7083 0.4162011256869353
7084 0.416288372540177
7085 0.4163752003564546
7086 0.4164617314915203
7087 0.4165444751107258
7088 0.4166192964688479
7089 0.4166852952689958
7090 0.4167591277690901
7091 0.4168140393248273
7092 0.4168783450424907
7093 0.4169266761807969
7094 0.4169706758529017
7095 0.417013120473756
7096 0.4170433715772305
7097 0.4170645282915915
7098 0.417078403395574
7099 0.4170831074950486
7100 0.4170873803411617
7101 0.4170801290239142
7102 0.4170697264402254
7103 0.4170545416439312
7104 0.4170433187446796
7105 0.4170280043781323
7106 0.4170116891757346
7107 0.4169940519873136
7108 0.4169780262900702
7109 0.4169634560447685
7110 0.4169524316658483
7111 0.4169392905305505
7112 0.416927630939769
7113 0.4169188725970602
7114 0.4169078546353635
7115 0.4168983629506217
7116 0.416892042564258
7117 0.4168838703379817
7118 0.4168799091120939
7119 0.4168764805022863
7120 0.416871032296171
7121 0.4168714003562655
7122 0.4168692838533437
7123 0.4168691327288137
7124 0.4168662065977848
7125 0.416868305521034
7126 0.4168660309447715
7127 0.4168657532147003
7128 0.4168644593862492
7129 0.416864469048321
7130 0.416861388308247
7131 0.416859198536168
7132 0.4168555474807392
7133 0.4168518828394824
7134 0.4168461441219355
7135 0.4168410633789518
7136 0.4168328029174274
7137 0.4168219506005003
7138 0.4168086826501676
7139 0.4167943480437921
7140 0.4167786454047584
7141 0.4167620043774427
7142 0.4167427263418624
7143 0.4167221869021898
7144 0.4167006410662746
7145 0.4166790497576122
7146 0.4166553636701396
7147 0.4166324837794861
7148 0.4166077813484338
7149 0.416585051182283
7150 0.4165613236815936
7151 0.4165388447944937
7152 0.4165157773227324
7153 0.4164929111709417
7154 0.4164705852579237
7155 0.4164488647488138
7156 0.4164283430498368
7157 0.4164077516953649
7158 0.4163894232474072
7159 0.4163715480275392
7160 0.4163547073429885
7161 0.4163382901657816
7162 0.4163225379980501
7163 0.416307323459578
7164 0.4162948859022547
7165 0.4162821552121765
7166 0.4162717956178319
7167 0.4162605482012378
7168 0.4162521626221383
7169 0.4162424633106265
7170 0.4162357740779213
7171 0.4162266920655069
7172 0.4162210396572232
7173 0.4162142605203913
7174 0.4162105312152963
7175 0.4162050112393194
7176 0.416203701727116
7177 0.4161989265147322
7178 0.4161973581138431
7179 0.4161925188808463
7180 0.4161909189881914
7181 0.4161860987240465
7182 0.4161843442310751
7183 0.4161793321212066
7184 0.4161776988046645
7185 0.4161730669834952
7186 0.4161715026759437
7187 0.4161676574104601
7188 0.4161668054962337
7189 0.4161637651965248
7190 0.4161635158326812
7191 0.4161617290712183
7192 0.4161626996926208
7193 0.4161626150241716
7194 0.4161649642428962
7195 0.4161669014386438
7196 0.416170556805387
7197 0.4161750573116806
7198 0.4161802842909655
7199 0.4161863574813028
7200 0.4161925565604166
7201 0.4162019963975784
7202 0.4162113672299707
7203 0.4162216358752328
7204 0.4162322883729248
7205 0.4162439617292026
7206 0.4162527713659357
7207 0.4162633299884109
7208 0.416273522821264
7209 0.416284706882437
7210 0.4162954850337068
7211 0.4163063930955458
7212 0.4163183857888417
7213 0.4163292242048118
7214 0.416341209730928
7215 0.4163510423993005
7216 0.4163625612036203
7217 0.4163711001765943
7218 0.4163815870336295
7219 0.4163883674072286
7220 0.4163977396405952
7221 0.4164029727967415
7222 0.416410708656157
7223 0.4164138588771007
7224 0.4164199973149534
7225 0.4164216210406633
7226 0.4164262153008208
7227 0.4164255593582879
7228 0.416428620713777
7229 0.4164263124727743
7230 0.4164277963891978
7231 0.4164244697052554
7232 0.4164246403733625
7233 0.416420473275813
7234 0.4164198417969985
7235 0.4164149445719172
7236 0.416413988282308
7237 0.4164080548534356
7238 0.4164066756992331
7239 0.4164004536279678
7240 0.4163978820512718
7241 0.4163920624115928
7242 0.4163894766548215
7243 0.4163833960552346
7244 0.4163802289538769
7245 0.4163746727314719
7246 0.4163716987050448
7247 0.4163663584452807
7248 0.4163630426080576
7249 0.4163583512362235
7250 0.4163554883706587
7251 0.416351809452101
7252 0.4163491070919884
7253 0.4163468582936888
7254 0.4163446095249006
7255 0.4163431609522453
7256 0.4163416516779307
7257 0.4163415119192668
7258 0.4163410050350497
7259 0.4163415800024944
7260 0.4163418102697918
7261 0.4163436067835399
7262 0.4163446469555565
7263 0.4163472622720183
7264 0.4163491056742855
7265 0.4163521852789034
7266 0.416167230467554
7267 0.4165394374625699
7268 0.4165687552060259
7269 0.4166324782404314
7270 0.4165743223596177
7271 0.4165256011061357
7272 0.4164514483974963
7273 0.4163808222746214
7274 0.4163184328509306
7275 0.4162700504471321
7276 0.4162465462404711
7277 0.4162413583977792
7278 0.4162616835984208
7279 0.4163031020459286
7280 0.4163657770069004
7281 0.416444422290549
7282 0.416539862586898
7283 0.4166428047708443
7284 0.4167511448255518
7285 0.416863277923411
7286 0.4169791908560491
7287 0.4170901177402467
7288 0.4171964669880057
7289 0.4172921435263202
7290 0.417382434055169
7291 0.4174605254810695
7292 0.4175300038826952
7293 0.4175848008157681
7294 0.4176339857911779
7295 0.4176640393974441
7296 0.4176887918030556
7297 0.4176945527969556
7298 0.4176938697081846
7299 0.4176748765087981
7300 0.417654275955687
7301 0.4176216985875579
7302 0.417587421230692
7303 0.417534943774879
7304 0.4174877151757519
7305 0.4174388981981242
7306 0.4173756441921279
7307 0.4173176734596099
7308 0.4172580534200655
7309 0.4171898543427205
7310 0.4171255621918059
7311 0.4170601186184684
7312 0.4170031634951354
7313 0.4169438272783565
7314 0.4168800973871708
7315 0.4168220808692
7316 0.4167604782428555
7317 0.4167016307499214
7318 0.4166483435640549
7319 0.4165980073955793
7320 0.4165553608397745
7321 0.4165135901630019
7322 0.4164789155750009
7323 0.4164487472330463
7324 0.4164242766653207
7325 0.4164067471553087
7326 0.416395455869389
7327 0.4163845935897713
7328 0.4163840014139362
7329 0.4163849622408652
7330 0.4163911430987719
7331 0.4163959421392984
7332 0.4164098854581113
7333 0.4164236882380609
7334 0.4164412221789258
7335 0.4164582017207768
7336 0.4164799736239393
7337 0.4165003962043781
7338 0.4165243516762253
7339 0.416545908739362
7340 0.4165721868017864
7341 0.4165951634256548
7342 0.4166225024991552
7343 0.4166424930365941
7344 0.4166685386611351
7345 0.4166891713413267
7346 0.4167118472867493
7347 0.4167291840539243
7348 0.4167504069544563
7349 0.4167650275970127
7350 0.4167817474303989
7351 0.4167928708095491
7352 0.4168066851420823
7353 0.416816697352507
7354 0.4168264776321585
7355 0.4168315047010877
7356 0.4168410539712882
7357 0.4168435403555631
7358 0.4168504157976118
7359 0.416850264596075
7360 0.416855594943457
7361 0.4168544007249276
7362 0.4168599581244922
7363 0.4168603065727498
7364 0.4168635159884076
7365 0.4168633412117602
7366 0.4168659234455505
7367 0.4168625025365517
7368 0.416862431878007
7369 0.4168620567066311
7370 0.4168644680583968
7371 0.4168617627309776
7372 0.4168617110935594
7373 0.4168596098613216
7374 0.4168598477411997
7375 0.4168581575010716
7376 0.4168593844096419
7377 0.4168589466351454
7378 0.4168601959757275
7379 0.4168592696293331
7380 0.4168606761328073
7381 0.4168604585778171
7382 0.4168619054847427
7383 0.416861157154087
7384 0.4168622138813784
7385 0.4168616143657506
7386 0.4168620000597907
7387 0.416859402088281
7388 0.4168590798648089
7389 0.4168568609215533
7390 0.4168560184474682
7391 0.4168530858068278
7392 0.416852077957724
7393 0.4168487375288247
7394 0.4168465388015934
7395 0.4168423017323452
7396 0.4168401973622249
7397 0.4168356988167531
7398 0.4168330359907832
7399 0.4168276130455158
7400 0.4168251085595352
7401 0.4168195521901161
7402 0.4168165010795671
7403 0.4168102887583771
7404 0.4168073878821354
7405 0.4168012135626569
7406 0.4167979806473091
7407 0.4167914111727789
7408 0.4167885290078663
7409 0.4167822776043302
7410 0.416779237988227
7411 0.4167730061698174
7412 0.4167708722210819
7413 0.4167652019382856
7414 0.4167631740260208
7415 0.4167576650741215
7416 0.416756379895277
7417 0.416751632495225
7418 0.4167505044986684
7419 0.4167459372020318
7420 0.4167457527220944
7421 0.4167422141442152
7422 0.416742326335071
7423 0.416739201500133
7424 0.416740100445317
7425 0.4167377295913144
7426 0.4167391084592978
7427 0.4167373020951881
7428 0.4167394059264981
7429 0.4167387164067627
7430 0.416740704146507
7431 0.4167402830558617
7432 0.4167428262876123
7433 0.4167432853146213
7434 0.4167457687471348
7435 0.4167461398044293
7436 0.4167489903272613
7437 0.4167498532724879
7438 0.416752360329126
7439 0.4167530594371018
7440 0.4167560820746822
7441 0.4167573114709502
7442 0.4167600761363148
7443 0.4167609243239649
7444 0.4167639300391763
7445 0.4167650416994658
7446 0.4167677307394398
7447 0.4167687370049102
7448 0.4167715880456444
7449 0.4167725631925258
7450 0.4167750372775082
7451 0.4167754919855906
7452 0.4167783481349038
7453 0.4167787240883448
7454 0.4167808699078238
7455 0.416780936715479
7456 0.4167830976922879
7457 0.4167833470505127
7458 0.4167855410599403
7459 0.416785218743321
7460 0.4167878114837795
7461 0.4167873472448585
7462 0.4167894540972642
7463 0.4167884435489392
7464 0.4167907843511767
7465 0.4167898763540543
7466 0.4167917624718436
7467 0.416790300232488
7468 0.416792409160467
7469 0.4167910222277695
7470 0.4167926697893993
7471 0.4167907823088086
7472 0.4167925473204629
7473 0.4167908677601489
7474 0.4167921569913123
7475 0.4167897898334595
7476 0.416791383193728
7477 0.4167893930534139
7478 0.4167905443961309
7479 0.4167881396193185
7480 0.4167894238059637
7481 0.4167873125315704
7482 0.4167881565769086
7483 0.4167855382240178
7484 0.4167867188600848
7485 0.4167845511450387
7486 0.4167854247208701
7487 0.4167825160410967
7488 0.4167836888989635
7489 0.4167813924256874
7490 0.416781973161606
7491 0.4167796156633036
7492 0.41678034022077
7493 0.416778405256648
7494 0.4167789129705873
7495 0.416776797264065
7496 0.4167773129894586
7497 0.4167760112428835
7498 0.4167759996763303
7499 0.4167745076426632
7500 0.4167748300621851
7501 0.4167734361169044
7502 0.4167737610069089
7503 0.41677207155582
7504 0.4167727171496402
7505 0.4167713818867885
7506 0.4167717544844734
7507 0.4167704385433382
7508 0.4167710690206709
7509 0.41676983783054
7510 0.4167700107772104
7511 0.4167688967798427
7512 0.4167697355600241
7513 0.4167685132787959
7514 0.4167690000062729
7515 0.4167675496406116
7516 0.4167682376855942
7517 0.4167672598015425
7518 0.41676795064239
7519 0.4167665278053085
7520 0.4167677878626839
7521 0.416766734406876
7522 0.4167679905331687
7523 0.4167662839848957
7524 0.4167680721522676
7525 0.4167666858470807
7526 0.4167681989794759
7527 0.4167664674484338
7528 0.416768417688328
7529 0.4167669535808836
7530 0.4167686088249675
7531 0.416766869974678
7532 0.4167689498111602
7533 0.416767546086078
7534 0.4167694078914844
7535 0.4167676619703731
7536 0.4167697561406524
7537 0.4167683318848527
7538 0.4167701976300959
7539 0.4167683253240122
7540 0.4167705955798442
7541 0.4167689754902451
7542 0.4167708815745663
7543 0.4167691442907929
7544 0.416771326518535
7545 0.4167699092623373
7546 0.4167715696251954
7547 0.4167697081612923
7548 0.4167718441542103
7549 0.4167703410586571
7550 0.4167720894209069
7551 0.4167704487214282
7552 0.4167722607350899
7553 0.4167711993038744
7554 0.4167726191134556
7555 0.4167712948957352
7556 0.4167729012404044
7557 0.4167721955830636
7558 0.4167732360162619
7559 0.4167721882185953
7560 0.4167735810052821
7561 0.4167729256083408
7562 0.4167738285184828
7563 0.4167729186785162
7564 0.4167739511655009
7565 0.4167734114100395
7566 0.4167740912740309
7567 0.4167731357154985
7568 0.416774236920746
7569 0.4167735475991051
7570 0.4167743536918508
7571 0.4167734778116721
7572 0.4167743685705738
7573 0.4167736546083667
7574 0.4167743650263676
7575 0.4167734983408896
7576 0.4167747313033793
7577 0.4167737559600672
7578 0.416774318198548
7579 0.4167730938254638
7580 0.416774339327305
7581 0.4167733024455149
7582 0.4167746157873581
7583 0.4167729499752445
7584 0.416774649504159
7585 0.4167733244014483
7586 0.4167747421371903
7587 0.4167727900944415
7588 0.4167744586328233
7589 0.4167728129492357
7590 0.4167742348729712
7591 0.4167724973960943
7592 0.4167742111455212
7593 0.4167724766827165
7594 0.4167741780424175
7595 0.4167722836508542
7596 0.4167739989018854
7597 0.4167724491026609
7598 0.4167739003932832
7599 0.4167717630994712
7600 0.4167738145231707
7601 0.4167718831021239
7602 0.416773609792932
7603 0.4167713500749207
7604 0.416773523216101
7605 0.4167718429464692
7606 0.4167731146639315
7607 0.4167712998685803
7608 0.4167728361965979
7609 0.4167708214667523
7610 0.4167721174412456
7611 0.4167702903153472
7612 0.416771874555415
7613 0.4167707089445751
7614 0.4167719737731259
7615 0.4167706058572591
7616 0.4167717656703764
7617 0.4167707378023328
7618 0.4167716111440145
7619 0.4167706577499962
7620 0.4167719500628287
7621 0.4167710741350986
7622 0.4167721121188785
7623 0.4167709657517559
7624 0.416772061020221
7625 0.4167716193022549
7626 0.4167722197660145
7627 0.4167715504062315
7628 0.4167727106682739
7629 0.4167721495500303
7630 0.4167727771955508
7631 0.4167720314702562
7632 0.4167728527643997
7633 0.4167722387863836
7634 0.4167731444534695
7635 0.4167719970721922
7636 0.4167730767326123
7637 0.4167722016449055
7638 0.4167729856078711
7639 0.4167720515952461
7640 0.416773176889233
7641 0.4167721433249657
7642 0.4167730225848864
7643 0.4167716725807101
7644 0.4167731858725085
7645 0.4167717345811202
7646 0.4167730884196139
7647 0.4167713302225344
7648 0.4167732213446826
7649 0.4167716274322256
7650 0.416773034045273
7651 0.4167714267734595
7652 0.4167734356607753
7653 0.4167717957399475
7654 0.4167737178014567
7655 0.4167720024320551
7656 0.4167741090979336
7657 0.4167724969436209
7658 0.4167743528676247
7659 0.4167725120927592
7660 0.4167746260264131
7661 0.4167727944018295
7662 0.4167746308181198
7663 0.4167723596607227
7664 0.416774307119146
7665 0.4167727814688236
7666 0.4167745383639861
7667 0.4167725922947705
7668 0.416774456489164
7669 0.4167725218559802
7670 0.4167743286070635
7671 0.4167721457984706
7672 0.4167740301391967
7673 0.4167726000616582
7674 0.4167735732660829
7675 0.4167721709880486
7676 0.4167735460216566
7677 0.4167723514702959
7678 0.4167732232386536
7679 0.4167717561346131
7680 0.4167728764658737
7681 0.4167717402244591
7682 0.4167725027487075
7683 0.4167713397014024
7684 0.4167721316206873
7685 0.4167711413371633
7686 0.4167717299705263
7687 0.4167707157027589
7688 0.4167717165250034
7689 0.4167710470381492
7690 0.4167716353951967
7691 0.4167705722929952
7692 0.4167714870945288
7693 0.4167709159538246
7694 0.4167716989906268
7695 0.4167706437234104
7696 0.4167719021053951
7697 0.416771278599038
7698 0.4167721747227243
7699 0.4167710379694493
7700 0.4167720017315601
7701 0.4167712935848427
7702 0.4167722041360484
7703 0.4167710185797235
7704 0.4167724303957108
7705 0.4167713206604566
7706 0.4167725788986604
7707 0.4167711922546289
7708 0.4167728434433274
7709 0.4167716188315089
7710 0.4167730281868798
7711 0.4167714580416783
7712 0.4167731653002436
7713 0.4167718886731446
7714 0.4167735265609483
7715 0.4167715568736499
7716 0.4167736225868657
7717 0.4167720729763574
7718 0.4167735645242711
7719 0.4167715645980606
7720 0.4167737257946661
7721 0.4167720353498892
7722 0.4167737800757514
7723 0.4167715929881581
7724 0.4167737504191614
7725 0.4167719703909293
7726 0.4167740002493003
7727 0.4167720378847668
7728 0.4167741145636999
7729 0.4167727673754915
7730 0.416774483353896
7731 0.4167727399335545
7732 0.4167746840437706
7733 0.4167733671215808
7734 0.4167748157670593
7735 0.4167733536098121
7736 0.4167750913771712
7737 0.4167740410823625
7738 0.4167748488019624
7739 0.4167734036441227
7740 0.4167744533600306
7741 0.4167736575230718
7742 0.4167741750765775
7743 0.4167730582274977
7744 0.4167737058781809
7745 0.4167727066463893
7746 0.4167733123743334
7747 0.416772131027846
7748 0.4167727429524227
7749 0.4167717332309477
7750 0.4167720992804768
7751 0.4167711361660421
7752 0.4167720235677491
7753 0.4167710608225797
7754 0.4167717311461582
7755 0.416770757933718
7756 0.4167715553234744
7757 0.4167706925490914
7758 0.4167714728477348
7759 0.4167702553469271
7760 0.4167711566960748
7761 0.4167706201044565
7762 0.4167714897163711
7763 0.416770177934124
7764 0.4167715702200089
7765 0.4167705832306999
7766 0.4167719215319396
7767 0.4167704478640642
7768 0.4167722999991767
7769 0.4167709709207812
7770 0.4167725104556056
7771 0.41677082067907
7772 0.4167727164046868
7773 0.416771302094459
7774 0.4167730017721616
7775 0.4167711879608258
7776 0.4167731238697012
7777 0.4167716344220292
7778 0.4167733234102092
7779 0.4167713935425262
7780 0.4167734258462454
7781 0.4167717439894995
7782 0.4167735203835048
7783 0.4167715419596961
7784 0.4167735979260838
7785 0.4167718083566005
7786 0.416773746966985
7787 0.4167716437996601
7788 0.4167734944492068
7789 0.4167719512839806
7790 0.4167734590437322
7791 0.4167713314675258
7792 0.4167733351857062
7793 0.4167717785757343
7794 0.4167731448169081
7795 0.4167714628168562
7796 0.4167731668305749
7797 0.4167720928906327
7798 0.4167733123657666
7799 0.4167720251570749
7800 0.4167732026408922
7801 0.4167724766565001
7802 0.4167731559097478
7803 0.416772046196882
7804 0.4167731322073323
7805 0.4167722742818119
7806 0.4167731627663131
7807 0.4167719933459979
7808 0.4167729296543389
7809 0.4167723519397025
7810 0.4167730321799414
7811 0.4167720942534665
7812 0.4167730842398206
7813 0.416772206599842
7814 0.4167727794268916
7815 0.4167719049572725
7816 0.4167727054390521
7817 0.4167719924728358
7818 0.4167726753043482
7819 0.4167717084890414
7820 0.4167728993759671
7821 0.4167719846533838
7822 0.4167727187117939
7823 0.4167715916624428
7824 0.4167729636833681
7825 0.416771621650993
7826 0.416772811531967
7827 0.416771413272074
7828 0.4167730930333975
7829 0.4167717806925565
7830 0.4167732738996904
7831 0.4167714421390133
7832 0.416773285690398
7833 0.4167716995558113
7834 0.4167732061602916
7835 0.416771333074193
7836 0.4167733055399212
7837 0.4167716525327445
7838 0.4167732480404254
7839 0.4167714169630268
7840 0.4167733504387157
7841 0.416771700026742
7842 0.4167733917072475
7843 0.416771315896054
7844 0.4167732814197218
7845 0.4167716529420884
7846 0.4167735631250043
7847 0.4167718561159238
7848 0.4167742717797669
7849 0.4167728220088904
7850 0.4167746055579446
7851 0.4167728967522082
7852 0.4167748404440099
7853 0.4167729853228105
7854 0.4167745322178028
7855 0.4167728580804784
7856 0.4167743893434402
7857 0.4167731142284584
7858 0.4167740765618301
7859 0.4167726276535734
7860 0.4167736369747684
7861 0.4167724497907479
7862 0.4167732860394878
7863 0.4167720344621625
7864 0.4167729836356343
7865 0.4167718967893179
7866 0.4167725438790464
7867 0.4167713941560499
7868 0.4167721858395901
7869 0.4167713883039826
7870 0.4167718461702097
7871 0.4167707257319146
7872 0.4167715702901548
7873 0.4167708653321929
7874 0.4167715380514276
7875 0.4167705266430826
7876 0.4167716498554556
7877 0.4167710224006451
7878 0.4167717154830983
7879 0.4167706485770995
7880 0.4167719316474179
7881 0.4167710774035687
7882 0.416771689296518
7883 0.416770656211246
7884 0.4167718921157671
7885 0.4167710677570602
7886 0.4167721470855953
7887 0.4167709366690057
7888 0.4167727091646715
7889 0.4167713093519552
7890 0.41677290980024
7891 0.4167711379694912
7892 0.4167730943511662
7893 0.4167716838114909
7894 0.4167733015217606
7895 0.4167714538178069
7896 0.4167733131970128
7897 0.4167718477756062
7898 0.4167733933457958
7899 0.4167715827658159
7900 0.4167734993509814
7901 0.4167717672435698
7902 0.4167735627552445
7903 0.4167716315383493
7904 0.4167736697687736
7905 0.4167719874974087
7906 0.4167736922480891
7907 0.4167715242643889
7908 0.4167735101668714
7909 0.4167719905124917
7910 0.4167738692550841
7911 0.4167720125002445
7912 0.4167740605700622
7913 0.4167724593980828
7914 0.4167740553866092
7915 0.41677212058397
7916 0.4167740297526334
7917 0.4167727595723693
7918 0.4167738577143486
7919 0.4167723960989987
7920 0.4167736353194332
7921 0.4167725816369978
7922 0.4167735625113614
7923 0.4167723781237606
7924 0.4167733272759396
7925 0.4167723520855685
7926 0.4167731068870237
7927 0.4167719927289715
7928 0.4167728685894315
7929 0.4167719223395789
7930 0.4167726439228041
7931 0.4167714366496015
7932 0.4167723017231494
7933 0.4167715056638996
7934 0.4167720859033302
7935 0.4167711763786744
7936 0.4167721272675878
7937 0.4167715457938666
7938 0.4167722141506091
7939 0.4167711577653725
7940 0.4167722333046619
7941 0.416771501958566
7942 0.4167722717765697
7943 0.4167713258915118
7944 0.4167721764748775
7945 0.4167713119958185
7946 0.416772411779409
7947 0.4167709348594568
7948 0.4167726630773004
7949 0.4167713690515851
7950 0.4167728455672993
7951 0.4167711753457625
7952 0.416772963525988
7953 0.4167715869475018
7954 0.4167730663667496
7955 0.4167713209913112
7956 0.4167731657735116
7957 0.4167716434251642
7958 0.4167731946759176
7959 0.4167714315374422
7960 0.4167733399829034
7961 0.4167716872954437
7962 0.4167734253672397
7963 0.4167714336335981
7964 0.4167735337298514
7965 0.4167717661201016
7966 0.4167736101622266
7967 0.4167715031113005
7968 0.4167737594757956
7969 0.4167722457199559
7970 0.4167739550452942
7971 0.4167721002362031
7972 0.4167739872606048
7973 0.4167725766508066
7974 0.4167741778433564
7975 0.4167723465487067
7976 0.4167742840008555
7977 0.4167729665527836
7978 0.416774330226596
7979 0.4167729148036523
7980 0.4167744602955089
7981 0.4167734242527794
7982 0.4167744690797993
7983 0.4167732051144918
7984 0.416774422522649
7985 0.4167735526097538
7986 0.4167742595192858
7987 0.4167730934285908
7988 0.4167740748764858
7989 0.4167731480785579
7990 0.416773760295254
7991 0.4167726082822672
7992 0.4167734486716533
7993 0.4167726389374318
7994 0.416773144082534
7995 0.4167720844479386
7996 0.4167729149529884
7997 0.4167721221591895
7998 0.4167726839605637
7999 0.4167716351150846
8000 0.4167726060421916
8001 0.416771864478118
8002 0.4167726147250754
8003 0.4167714294390731
8004 0.4167722792446523
8005 0.4167715368859475
8006 0.4167723077492842
8007 0.416771073700229
8008 0.4167725171236298
8009 0.4167712828873994
8010 0.4167726524756089
8011 0.4167710640279919
8012 0.4167727540863996
8013 0.4167713311603233
8014 0.4167728763422434
8015 0.4167710800745006
